Entity_Type_ID,Entity_Type_Name,Entity_ID,Owned_by_SAM,Owned_by_Display_Name,Own_Datetime,Created_by_SAM,Created_by_Display_Name,Created_Datetime,Modified_by_Sam,Modified_by_Display_Name,Modified_Datetime,Assigned_to_Sam,Assigned_to_Display_Name,Assign_Datetime,Is_Active,EVENT,EVENT_EXD_OBJECT_ID,CONTACT,CONTACT_EXD_OBJECT_ID,COMPANY,STATUS,COMPANY_EXD_OBJECT_ID,CONTACT_NAME
100685,Event Attendee,109667,yara.larsson@sampleco.test,Sofia Garcia,2023-04-06 05:21:00,taylor.calder@acme-fake.test,Morgan Blake,2024-10-19 15:49:00,mei.reyes@demomail.test,Avery Sloan,2025-09-18 09:17:00,,,,N,Alpha,101780,rahul.ashby@demomail.test,104095,TAG-9140,Y,100487,Marco Rossi
100437,Event Attendee,109668,jamie.costa@demomail.test,Taylor Larsson,2023-04-25 02:45:00,emerson.costa@sampleco.test,Yara Whitfield,2023-03-08 09:42:00,alex.vance@demomail.test,Aisha Dorsey,2025-04-05 06:12:00,,,,N,Standard,101850,quinn.dorsey@examplecorp.test,102565,REF-7107,Y,100169,Jordan Nguyen
100511,Event Attendee,109671,arjun.cohen@acme-fake.test,Noah Mensah,2023-03-06 02:40:00,marco.brooks@acme-fake.test,Emerson Vance,2023-06-03 12:02:00,avery.ford@sampleco.test,Nina Kim,2023-07-19 13:14:00,,,,Y,Alpha,101834,elena.patel@demomail.test,104317,LOT-8870,Y,100403,Liam Whitfield
100197,Event Attendee,109674,taylor.ford@examplecorp.test,Taylor Ford,2025-08-28 16:10:00,omar.silva@acme-fake.test,Skyler Dorsey,2024-05-01 17:29:00,fatima.mercer@demomail.test,Alex Sato,2025-12-10 06:43:00,,,,N,Gamma,101869,yara.vance@examplecorp.test,104433,TAG-3821,N,100325,Noah Brooks
100142,Event Attendee,109675,taylor.cohen@sampleco.test,Marco Kim,2024-04-04 12:22:00,rahul.kim@demomail.test,Priya Garcia,2023-08-30 00:37:00,jordan.cohen@acme-fake.test,Jordan Patel,2023-03-30 17:55:00,,,,N,Gamma,101795,nina.whitfield@sampleco.test,104356,SKU-6135,N,100735,Arjun Okafor
100437,Event Attendee,109676,jamie.vance@examplecorp.test,Jordan Rossi,2026-04-02 15:50:00,marco.mensah@examplecorp.test,Riley Blake,2024-07-15 12:17:00,fatima.vance@acme-fake.test,Priya Nguyen,2026-02-09 10:30:00,,,,N,Gamma,101876,sofia.calder@sampleco.test,102847,REF-9625,Y,100272,Avery Larsson
100122,Event Attendee,109677,casey.rossi@sampleco.test,Casey Cohen,2025-10-04 04:19:00,taylor.dorsey@sampleco.test,Drew Costa,2023-07-06 09:13:00,emerson.whitfield@acme-fake.test,Sofia Mensah,2024-04-28 19:05:00,,,,N,Standard,101838,rahul.sato@sampleco.test,103118,TAG-1940,Y,100136,Riley Ivanov
100532,Event Attendee,109678,diego.whitfield@acme-fake.test,Chen Haddad,2023-06-22 09:39:00,rowan.silva@examplecorp.test,Omar Larsson,2023-07-22 18:48:00,rowan.whitfield@demomail.test,Arjun Silva,2024-07-04 00:16:00,,,,N,Standard,101825,nina.calder@examplecorp.test,103926,SKU-6162,N,100171,Reese Ashby
100576,Event Attendee,109681,taylor.blake@sampleco.test,Fatima Mensah,2022-10-08 05:00:00,rowan.reyes@sampleco.test,Marco Rossi,2023-01-30 02:23:00,rowan.larsson@acme-fake.test,Arjun Garcia,2023-08-10 12:16:00,,,,N,Beta,101873,priya.blake@sampleco.test,103345,REF-7504,Y,100030,Arjun Silva
100017,Event Attendee,109684,rahul.sato@examplecorp.test,Taylor Dorsey,2023-02-05 17:54:00,jordan.cohen@sampleco.test,Priya Calder,2024-08-23 23:11:00,emerson.larsson@demomail.test,Arjun Blake,2024-01-07 21:57:00,,,,Y,Delta,101790,morgan.reyes@sampleco.test,104712,REF-5698,Y,100046,Emerson Calder
100040,Event Attendee,109686,rahul.brooks@sampleco.test,Emerson Mercer,2026-03-23 08:35:00,quinn.garcia@sampleco.test,Drew Blake,2022-11-06 09:43:00,emerson.silva@sampleco.test,Aisha Whitfield,2026-01-14 09:29:00,,,,N,Delta,101879,taylor.costa@sampleco.test,104256,SKU-3928,N,100148,Quinn Sato
100449,Event Attendee,109689,skyler.larsson@sampleco.test,Reese Calder,2026-03-11 21:06:00,emerson.vance@acme-fake.test,Skyler Cohen,2025-09-16 17:19:00,emerson.kim@examplecorp.test,Aisha Brooks,2025-11-06 19:09:00,,,,N,Other,101827,drew.costa@acme-fake.test,102132,LOT-8326,N,100363,Rahul Vance
100286,Event Attendee,109692,reese.garcia@examplecorp.test,Quinn Okafor,2023-10-25 07:15:00,rowan.haddad@sampleco.test,Casey Costa,2026-04-07 01:52:00,rowan.okafor@demomail.test,Emerson Dorsey,2024-05-10 16:09:00,,,,Y,Standard,101839,noah.rossi@demomail.test,102623,LOT-5203,Y,100164,Nina Mercer
100628,Event Attendee,109695,casey.kim@sampleco.test,Drew Sato,2024-07-12 07:13:00,priya.nguyen@demomail.test,Alex Nguyen,2023-03-10 17:24:00,drew.patel@acme-fake.test,Priya Mensah,2023-07-13 03:41:00,,,,N,Standard,101816,elena.cohen@examplecorp.test,102972,LOT-5901,N,100758,Rowan Cohen
100426,Event Attendee,109697,omar.kim@sampleco.test,Elena Ford,2024-01-05 09:20:00,fatima.reyes@examplecorp.test,Casey Garcia,2023-06-05 01:14:00,priya.okafor@examplecorp.test,Marco Dorsey,2024-05-10 06:04:00,,,,Y,Beta,101866,priya.cohen@demomail.test,103836,TAG-2777,N,100190,Emerson Patel
100559,Event Attendee,109698,emerson.costa@acme-fake.test,Arjun Ford,2023-12-21 23:37:00,nina.sato@sampleco.test,Omar Kim,2025-01-18 07:49:00,omar.mensah@acme-fake.test,Fatima Ford,2025-08-09 14:28:00,,,,N,Beta,101854,reese.brooks@sampleco.test,101948,REF-4137,Y,100634,Aisha Haddad
100587,Event Attendee,109699,avery.ford@demomail.test,Marco Ashby,2023-09-16 18:06:00,noah.costa@examplecorp.test,Liam Ford,2025-02-08 10:59:00,nina.ford@acme-fake.test,Skyler Silva,2025-10-10 07:15:00,,,,Y,Delta,101803,casey.rossi@examplecorp.test,104366,TAG-7802,Y,100494,Emerson Silva
100255,Event Attendee,109702,alex.rossi@demomail.test,Elena Calder,2022-10-04 21:57:00,casey.okafor@sampleco.test,Marco Calder,2024-08-21 09:03:00,rowan.ford@examplecorp.test,Nina Cohen,2025-03-28 17:29:00,,,,Y,Beta,101839,nina.costa@acme-fake.test,102050,REF-3325,Y,100474,Mei Blake
100456,Event Attendee,109705,diego.ashby@acme-fake.test,Elena Costa,2025-07-10 07:12:00,fatima.ivanov@acme-fake.test,Morgan Cohen,2024-06-25 05:41:00,emerson.patel@acme-fake.test,Mei Reyes,2025-11-20 06:56:00,,,,Y,Standard,101862,arjun.garcia@demomail.test,104303,LOT-1888,N,100245,Diego Mensah
100676,Event Attendee,109707,marco.dorsey@demomail.test,Drew Dorsey,2023-04-14 03:59:00,jordan.cohen@acme-fake.test,Fatima Silva,2023-05-27 14:13:00,drew.nguyen@demomail.test,Sofia Ivanov,2026-01-17 20:47:00,,,,N,Beta,101825,reese.costa@examplecorp.test,104070,TAG-5300,N,100241,Liam Mensah
100603,Event Attendee,109710,arjun.reyes@examplecorp.test,Mei Costa,2025-01-28 21:51:00,sofia.rossi@demomail.test,Arjun Patel,2024-12-16 10:05:00,liam.vance@sampleco.test,Emerson Kim,2024-01-20 08:56:00,,,,Y,Beta,101830,avery.sloan@acme-fake.test,103613,TAG-2751,Y,100654,Fatima Garcia
100620,Event Attendee,109712,quinn.mercer@acme-fake.test,Chen Nguyen,2026-07-01 15:54:00,mei.ivanov@sampleco.test,Rowan Cohen,2024-02-25 22:57:00,arjun.ford@sampleco.test,Marco Larsson,2026-04-11 20:21:00,,,,Y,Beta,101803,elena.larsson@acme-fake.test,103700,LOT-4347,N,100310,Chen Mensah
100382,Event Attendee,109714,elena.okafor@demomail.test,Jordan Patel,2025-04-01 17:31:00,riley.sato@sampleco.test,Priya Ivanov,2026-07-05 16:09:00,liam.patel@sampleco.test,Aisha Mensah,2024-10-13 15:26:00,,,,N,Alpha,101869,diego.whitfield@acme-fake.test,102365,LOT-1907,N,100291,Omar Mercer
100759,Event Attendee,109717,chen.calder@examplecorp.test,Reese Cohen,2023-10-06 09:58:00,chen.sloan@examplecorp.test,Emerson Garcia,2025-09-22 23:40:00,riley.dorsey@sampleco.test,Avery Rossi,2024-06-24 15:24:00,,,,Y,Alpha,101827,fatima.mensah@examplecorp.test,103918,TAG-4744,N,100120,Reese Garcia
100089,Event Attendee,109719,taylor.ivanov@demomail.test,Jordan Larsson,2022-12-16 16:16:00,alex.mensah@demomail.test,Elena Blake,2023-03-09 04:59:00,rahul.rossi@examplecorp.test,Chen Costa,2024-01-20 03:13:00,,,,Y,Standard,101854,alex.mensah@acme-fake.test,104766,LOT-8127,N,100637,Omar Costa
100267,Event Attendee,109722,noah.okafor@sampleco.test,Taylor Garcia,2025-06-25 08:29:00,fatima.ivanov@examplecorp.test,Avery Dorsey,2023-01-19 11:09:00,quinn.ivanov@acme-fake.test,Marco Rossi,2024-04-14 00:55:00,,,,Y,Gamma,101786,elena.ashby@examplecorp.test,102053,REF-5409,Y,100705,Drew Larsson
100741,Event Attendee,109725,marco.ashby@demomail.test,Drew Garcia,2026-06-14 23:17:00,avery.costa@demomail.test,Morgan Sloan,2024-05-11 20:11:00,alex.ivanov@sampleco.test,Drew Costa,2023-11-01 12:52:00,,,,Y,Standard,101800,yara.rossi@examplecorp.test,102746,LOT-6218,N,100627,Diego Mensah
100563,Event Attendee,109726,liam.mercer@sampleco.test,Omar Calder,2025-04-21 11:56:00,avery.silva@sampleco.test,Taylor Vance,2024-09-08 05:19:00,riley.sato@examplecorp.test,Taylor Silva,2026-05-18 03:20:00,,,,Y,Standard,101816,fatima.reyes@examplecorp.test,102086,TAG-1651,N,100546,Liam Ivanov
100434,Event Attendee,109727,aisha.haddad@sampleco.test,Alex Larsson,2023-11-29 03:01:00,fatima.reyes@acme-fake.test,Jamie Haddad,2026-02-23 17:45:00,yara.ivanov@sampleco.test,Marco Kim,2022-12-09 20:05:00,,,,N,Beta,101838,diego.patel@demomail.test,102321,REF-5196,N,100604,Nina Okafor
100625,Event Attendee,109728,rahul.mercer@acme-fake.test,Sofia Ivanov,2024-08-06 19:06:00,chen.silva@acme-fake.test,Riley Mensah,2025-02-13 22:21:00,arjun.okafor@acme-fake.test,Mei Sato,2026-07-20 05:05:00,,,,Y,Alpha,101783,drew.rossi@examplecorp.test,104321,TAG-5850,N,100685,Quinn Brooks
100673,Event Attendee,109731,elena.reyes@examplecorp.test,Priya Rossi,2025-10-20 21:41:00,liam.mensah@acme-fake.test,Arjun Sloan,2023-09-03 21:14:00,riley.reyes@acme-fake.test,Jordan Ivanov,2026-02-07 00:49:00,,,,N,Beta,101804,morgan.mercer@sampleco.test,104248,REF-3567,N,100042,Skyler Sato
100796,Event Attendee,109732,skyler.ashby@demomail.test,Reese Okafor,2025-09-12 02:23:00,reese.ashby@sampleco.test,Casey Larsson,2022-10-11 14:10:00,yara.ford@examplecorp.test,Omar Silva,2026-04-05 00:38:00,,,,Y,Gamma,101836,drew.nguyen@examplecorp.test,102568,REF-3763,Y,100370,Fatima Reyes
100459,Event Attendee,109733,emerson.calder@sampleco.test,Elena Blake,2025-06-01 15:02:00,jordan.whitfield@sampleco.test,Reese Sloan,2022-10-19 04:18:00,skyler.ford@acme-fake.test,Liam Costa,2025-06-07 06:25:00,,,,Y,Delta,101796,riley.whitfield@examplecorp.test,102326,LOT-7644,N,100658,Jordan Mercer
100627,Event Attendee,109735,skyler.larsson@demomail.test,Quinn Calder,2022-11-09 11:37:00,nina.brooks@examplecorp.test,Omar Cohen,2025-06-06 18:53:00,casey.mensah@sampleco.test,Arjun Ford,2023-12-28 15:22:00,,,,Y,Other,101857,priya.costa@sampleco.test,103092,TAG-6845,Y,100103,Diego Mercer
100708,Event Attendee,109738,riley.ford@sampleco.test,Nina Larsson,2024-04-06 02:18:00,diego.brooks@examplecorp.test,Fatima Silva,2025-12-12 23:25:00,sofia.sato@demomail.test,Nina Mercer,2023-04-27 16:00:00,,,,N,Standard,101830,mei.ivanov@demomail.test,104186,SKU-1681,Y,100610,Quinn Ashby
100291,Event Attendee,109740,alex.calder@sampleco.test,Sofia Brooks,2025-08-20 22:13:00,fatima.reyes@sampleco.test,Jordan Haddad,2024-09-01 12:09:00,elena.calder@demomail.test,Liam Okafor,2023-10-29 17:04:00,,,,N,Alpha,101822,jordan.sloan@sampleco.test,102930,SKU-2230,N,100314,Drew Garcia
100443,Event Attendee,109741,marco.nguyen@examplecorp.test,Yara Silva,2025-06-28 00:15:00,noah.garcia@demomail.test,Emerson Patel,2025-11-09 23:13:00,mei.blake@examplecorp.test,Yara Mensah,2025-01-19 11:27:00,,,,N,Beta,101879,jamie.mercer@demomail.test,102881,SKU-8352,Y,100290,Jordan Sato
100051,Event Attendee,109743,nina.larsson@sampleco.test,Reese Haddad,2024-11-28 01:05:00,skyler.calder@demomail.test,Drew Silva,2025-12-19 05:51:00,reese.mensah@examplecorp.test,Sofia Patel,2023-12-18 03:30:00,,,,Y,Beta,101834,emerson.nguyen@examplecorp.test,103417,REF-7117,Y,100129,Avery Larsson
100041,Event Attendee,109744,sofia.vance@demomail.test,Diego Whitfield,2024-10-23 09:55:00,diego.costa@sampleco.test,Rahul Sloan,2026-02-19 09:22:00,sofia.larsson@acme-fake.test,Quinn Blake,2025-03-18 11:51:00,,,,N,Other,101839,avery.mercer@demomail.test,104658,TAG-9867,N,100345,Noah Blake
100631,Event Attendee,109747,rahul.sloan@examplecorp.test,Priya Brooks,2024-10-01 22:36:00,aisha.reyes@demomail.test,Taylor Costa,2026-06-17 16:22:00,avery.mercer@demomail.test,Emerson Patel,2026-02-19 11:53:00,,,,Y,Other,101838,morgan.brooks@sampleco.test,102528,TAG-5401,Y,100345,Jamie Sloan
100487,Event Attendee,109749,quinn.cohen@sampleco.test,Sofia Ivanov,2023-07-07 09:04:00,chen.rossi@examplecorp.test,Nina Vance,2023-05-01 21:40:00,avery.larsson@acme-fake.test,Jordan Dorsey,2023-04-02 15:34:00,,,,N,Beta,101873,alex.ashby@acme-fake.test,103874,LOT-9183,Y,100418,Yara Haddad
100585,Event Attendee,109751,quinn.larsson@examplecorp.test,Casey Sato,2024-08-25 04:51:00,reese.okafor@acme-fake.test,Fatima Whitfield,2023-04-26 09:09:00,jamie.reyes@sampleco.test,Mei Ivanov,2024-01-07 20:24:00,,,,Y,Gamma,101850,liam.cohen@acme-fake.test,104730,SKU-9279,Y,100190,Alex Sloan
100485,Event Attendee,109754,drew.kim@sampleco.test,Rowan Ivanov,2023-12-05 21:40:00,taylor.dorsey@acme-fake.test,Yara Costa,2025-07-09 17:58:00,jamie.patel@sampleco.test,Rowan Dorsey,2023-11-29 06:00:00,,,,Y,Standard,101873,jamie.whitfield@demomail.test,103954,REF-2287,Y,100456,Drew Larsson
100652,Event Attendee,109757,marco.kim@demomail.test,Chen Blake,2025-02-22 01:03:00,marco.garcia@acme-fake.test,Nina Sato,2024-03-13 07:13:00,alex.reyes@demomail.test,Diego Brooks,2024-08-15 18:45:00,,,,Y,Beta,101834,avery.garcia@sampleco.test,104556,TAG-3127,N,100348,Skyler Ford
100153,Event Attendee,109760,casey.larsson@sampleco.test,Drew Patel,2024-06-01 12:29:00,elena.mercer@sampleco.test,Reese Dorsey,2022-10-24 21:30:00,rahul.garcia@examplecorp.test,Drew Haddad,2026-03-29 15:15:00,,,,N,Alpha,101811,jordan.cohen@examplecorp.test,103903,REF-8600,Y,100107,Riley Calder
100037,Event Attendee,109763,nina.vance@sampleco.test,Morgan Dorsey,2023-07-15 20:48:00,aisha.dorsey@demomail.test,Rahul Silva,2024-04-23 04:18:00,casey.garcia@acme-fake.test,Yara Mensah,2023-07-02 05:02:00,,,,N,Alpha,101879,aisha.mercer@acme-fake.test,104095,TAG-2361,N,100462,Avery Kim
100410,Event Attendee,109765,emerson.calder@sampleco.test,Skyler Ford,2025-03-31 02:39:00,skyler.dorsey@demomail.test,Noah Sato,2024-04-14 06:06:00,sofia.brooks@sampleco.test,Noah Mercer,2026-06-09 11:35:00,,,,Y,Standard,101866,marco.mercer@examplecorp.test,102494,SKU-8019,N,100139,Avery Brooks
100026,Event Attendee,109768,aisha.sato@demomail.test,Nina Brooks,2023-07-29 05:37:00,elena.blake@demomail.test,Mei Ashby,2023-05-30 05:31:00,rahul.larsson@acme-fake.test,Skyler Rossi,2025-04-02 14:42:00,,,,Y,Other,101841,rowan.nguyen@examplecorp.test,104418,SKU-4752,N,100034,Alex Ashby
100670,Event Attendee,109770,riley.cohen@sampleco.test,Arjun Haddad,2025-06-18 22:47:00,fatima.ivanov@demomail.test,Emerson Costa,2024-06-20 03:38:00,diego.blake@examplecorp.test,Emerson Sloan,2023-10-22 02:38:00,,,,Y,Other,101830,arjun.blake@sampleco.test,104312,SKU-9901,Y,100400,Drew Garcia
100165,Event Attendee,109772,yara.okafor@acme-fake.test,Marco Calder,2023-01-16 00:34:00,skyler.mensah@acme-fake.test,Arjun Reyes,2022-12-28 19:46:00,nina.vance@examplecorp.test,Yara Sato,2025-07-18 01:19:00,,,,Y,Other,101804,avery.haddad@sampleco.test,103692,SKU-9968,Y,100552,Elena Vance
100628,Event Attendee,109775,reese.calder@sampleco.test,Aisha Patel,2025-04-18 20:13:00,riley.calder@examplecorp.test,Elena Sloan,2023-09-09 17:07:00,liam.mensah@sampleco.test,Riley Okafor,2023-10-12 11:11:00,,,,N,Other,101850,sofia.reyes@acme-fake.test,102193,TAG-1012,N,100767,Liam Kim
100750,Event Attendee,109777,taylor.brooks@sampleco.test,Riley Costa,2025-05-28 16:09:00,diego.nguyen@demomail.test,Quinn Costa,2025-05-15 18:40:00,taylor.mensah@demomail.test,Nina Kim,2024-11-27 15:35:00,,,,N,Other,101827,elena.whitfield@sampleco.test,102709,LOT-5412,Y,100686,Yara Calder
100139,Event Attendee,109779,taylor.blake@sampleco.test,Noah Blake,2022-11-06 12:14:00,jordan.larsson@acme-fake.test,Liam Ivanov,2026-01-31 16:30:00,marco.sato@sampleco.test,Skyler Ford,2025-06-07 21:40:00,,,,N,Delta,101854,aisha.sloan@examplecorp.test,103190,LOT-9500,N,100209,Jordan Vance
100688,Event Attendee,109782,emerson.mensah@acme-fake.test,Elena Silva,2024-08-04 10:41:00,skyler.cohen@acme-fake.test,Casey Mercer,2025-03-21 15:05:00,diego.kim@acme-fake.test,Liam Garcia,2026-02-25 12:26:00,,,,Y,Other,101790,morgan.ivanov@examplecorp.test,103831,SKU-4217,Y,100382,Avery Reyes
100792,Event Attendee,109783,arjun.rossi@sampleco.test,Noah Rossi,2023-08-12 21:26:00,skyler.ford@examplecorp.test,Elena Costa,2023-06-25 00:09:00,emerson.ford@acme-fake.test,Sofia Patel,2023-02-20 18:41:00,,,,Y,Alpha,101780,rowan.ashby@examplecorp.test,103302,LOT-3098,Y,100235,Emerson Sato
100168,Event Attendee,109785,noah.haddad@sampleco.test,Morgan Garcia,2023-08-10 06:00:00,morgan.okafor@sampleco.test,Omar Ford,2024-12-14 17:35:00,casey.ford@acme-fake.test,Morgan Nguyen,2024-09-02 01:27:00,,,,Y,Standard,101816,riley.reyes@acme-fake.test,102287,SKU-3608,Y,100709,Rowan Haddad
100277,Event Attendee,109786,nina.vance@demomail.test,Arjun Ford,2025-02-12 21:28:00,taylor.silva@demomail.test,Drew Nguyen,2026-07-07 18:07:00,emerson.patel@acme-fake.test,Priya Dorsey,2026-06-08 01:35:00,,,,Y,Standard,101788,mei.okafor@acme-fake.test,104467,TAG-9156,N,100720,Rahul Larsson
100760,Event Attendee,109787,avery.sato@demomail.test,Drew Mercer,2024-10-24 19:45:00,noah.mensah@demomail.test,Chen Cohen,2026-06-11 03:33:00,arjun.okafor@sampleco.test,Marco Mercer,2022-12-15 22:46:00,,,,Y,Standard,101785,fatima.kim@acme-fake.test,102610,REF-6308,N,100753,Riley Mercer
100212,Event Attendee,109790,sofia.nguyen@acme-fake.test,Omar Blake,2023-01-20 19:44:00,drew.okafor@demomail.test,Mei Ivanov,2025-06-26 21:29:00,nina.mensah@demomail.test,Morgan Sato,2023-11-06 11:21:00,,,,Y,Standard,101795,mei.mensah@acme-fake.test,104286,TAG-7010,N,100104,Riley Mensah
100305,Event Attendee,109793,omar.whitfield@acme-fake.test,Riley Okafor,2026-04-12 20:41:00,emerson.ivanov@acme-fake.test,Reese Garcia,2026-01-14 07:29:00,casey.brooks@sampleco.test,Elena Garcia,2024-08-03 22:58:00,,,,N,Delta,101832,liam.blake@acme-fake.test,103880,REF-2517,N,100516,Chen Dorsey
100642,Event Attendee,109796,marco.ford@examplecorp.test,Aisha Mercer,2025-10-28 00:16:00,rowan.sato@examplecorp.test,Chen Sloan,2024-11-14 18:34:00,aisha.rossi@demomail.test,Avery Sato,2024-11-14 17:22:00,,,,N,Delta,101796,arjun.patel@acme-fake.test,102269,TAG-6624,N,100571,Casey Mercer
100280,Event Attendee,109798,avery.blake@examplecorp.test,Quinn Ivanov,2025-04-20 17:46:00,priya.mensah@acme-fake.test,Rowan Ford,2024-02-19 18:09:00,sofia.vance@demomail.test,Morgan Cohen,2025-07-15 08:10:00,,,,N,Alpha,101808,chen.cohen@sampleco.test,102170,REF-8869,Y,100182,Diego Vance
100371,Event Attendee,109799,arjun.haddad@acme-fake.test,Quinn Ivanov,2025-12-18 14:45:00,marco.blake@sampleco.test,Drew Whitfield,2023-04-08 16:55:00,noah.garcia@demomail.test,Quinn Haddad,2023-08-18 14:09:00,,,,N,Other,101804,casey.ford@demomail.test,102219,SKU-8839,N,100482,Rahul Blake
100040,Event Attendee,109802,casey.larsson@sampleco.test,Nina Cohen,2024-10-22 20:42:00,liam.garcia@sampleco.test,Elena Patel,2024-11-23 09:01:00,fatima.rossi@demomail.test,Avery Dorsey,2024-09-27 15:50:00,,,,Y,Gamma,101786,yara.sloan@sampleco.test,101991,REF-3812,N,100042,Diego Mensah
100434,Event Attendee,109803,liam.okafor@demomail.test,Nina Haddad,2025-05-14 06:42:00,drew.patel@demomail.test,Emerson Costa,2024-08-03 13:01:00,diego.mercer@sampleco.test,Mei Mensah,2024-01-21 07:46:00,,,,Y,Standard,101879,jamie.reyes@demomail.test,102471,LOT-9979,N,100513,Skyler Brooks
100025,Event Attendee,109804,rowan.kim@demomail.test,Chen Kim,2026-04-14 05:05:00,reese.mensah@sampleco.test,Noah Garcia,2025-03-11 02:34:00,noah.costa@examplecorp.test,Reese Sato,2026-03-23 02:23:00,,,,N,Other,101871,nina.ashby@examplecorp.test,103790,REF-8033,N,100277,Skyler Okafor
100624,Event Attendee,109806,avery.vance@demomail.test,Taylor Calder,2022-12-27 21:45:00,alex.nguyen@acme-fake.test,Quinn Mensah,2026-06-01 06:49:00,sofia.whitfield@demomail.test,Avery Sloan,2024-09-13 13:23:00,,,,Y,Beta,101796,nina.nguyen@examplecorp.test,102881,TAG-2465,N,100637,Drew Silva
100388,Event Attendee,109808,morgan.costa@sampleco.test,Yara Nguyen,2025-08-07 05:54:00,liam.ashby@acme-fake.test,Omar Costa,2023-07-14 21:00:00,liam.costa@sampleco.test,Priya Mensah,2026-02-20 20:59:00,,,,Y,Standard,101816,elena.brooks@acme-fake.test,104726,REF-2889,Y,100348,Emerson Sato
100638,Event Attendee,109810,arjun.costa@sampleco.test,Aisha Ivanov,2024-09-05 11:11:00,morgan.sato@sampleco.test,Chen Patel,2022-10-15 00:36:00,omar.calder@demomail.test,Skyler Sato,2024-11-25 09:13:00,,,,Y,Beta,101850,jamie.silva@sampleco.test,104689,LOT-3883,N,100774,Priya Vance
100377,Event Attendee,109812,yara.vance@sampleco.test,Liam Cohen,2023-02-27 21:37:00,avery.patel@acme-fake.test,Alex Ford,2023-04-11 03:37:00,riley.haddad@acme-fake.test,Liam Kim,2024-03-26 21:52:00,,,,Y,Gamma,101851,casey.vance@acme-fake.test,104506,REF-1527,Y,100622,Riley Blake
100624,Event Attendee,109815,morgan.mensah@sampleco.test,Arjun Blake,2026-04-19 08:26:00,mei.sloan@acme-fake.test,Drew Mensah,2023-11-10 21:31:00,riley.garcia@sampleco.test,Rahul Mensah,2022-11-21 01:03:00,,,,N,Standard,101811,arjun.reyes@demomail.test,103032,TAG-6751,Y,100383,Noah Reyes
100180,Event Attendee,109817,casey.patel@sampleco.test,Noah Mensah,2024-12-16 20:21:00,jordan.mercer@demomail.test,Taylor Garcia,2023-10-19 12:47:00,diego.dorsey@sampleco.test,Riley Patel,2026-01-28 16:08:00,,,,N,Other,101811,reese.ivanov@examplecorp.test,103868,REF-7120,N,100456,Quinn Blake
100772,Event Attendee,109820,riley.whitfield@demomail.test,Drew Sato,2025-09-19 22:10:00,drew.rossi@demomail.test,Morgan Brooks,2024-01-03 15:20:00,jamie.blake@examplecorp.test,Morgan Garcia,2023-07-28 08:30:00,,,,Y,Standard,101871,jordan.calder@acme-fake.test,103376,SKU-3669,Y,100295,Jordan Mensah
100613,Event Attendee,109823,casey.whitfield@demomail.test,Taylor Costa,2024-02-04 22:47:00,morgan.silva@sampleco.test,Jordan Ford,2023-06-17 14:16:00,aisha.dorsey@examplecorp.test,Fatima Cohen,2023-08-02 15:12:00,,,,N,Delta,101869,elena.haddad@examplecorp.test,104675,REF-4138,Y,100389,Yara Garcia
100380,Event Attendee,109826,elena.kim@sampleco.test,Rowan Cohen,2023-10-28 00:21:00,chen.rossi@sampleco.test,Riley Nguyen,2024-08-05 07:19:00,emerson.ford@acme-fake.test,Marco Silva,2024-11-20 14:10:00,,,,Y,Gamma,101866,rowan.kim@examplecorp.test,103320,REF-2312,Y,100548,Rowan Sloan
100115,Event Attendee,109827,fatima.mensah@acme-fake.test,Noah Larsson,2025-03-06 21:04:00,rahul.whitfield@acme-fake.test,Drew Costa,2024-10-03 09:12:00,yara.cohen@sampleco.test,Rahul Silva,2025-07-18 21:08:00,,,,Y,Gamma,101786,omar.dorsey@examplecorp.test,103054,SKU-9205,Y,100634,Alex Mensah
100763,Event Attendee,109828,jamie.kim@acme-fake.test,Liam Brooks,2025-03-25 09:30:00,rowan.ashby@examplecorp.test,Rowan Ford,2026-07-04 17:57:00,jordan.blake@demomail.test,Yara Okafor,2025-04-06 14:17:00,,,,N,Alpha,101818,liam.sloan@demomail.test,103571,SKU-3325,N,100099,Drew Sato
100339,Event Attendee,109830,yara.kim@acme-fake.test,Rahul Silva,2024-10-16 12:45:00,jamie.sloan@examplecorp.test,Aisha Patel,2026-04-10 00:07:00,sofia.larsson@acme-fake.test,Emerson Silva,2025-02-21 04:57:00,,,,N,Delta,101814,jordan.ford@sampleco.test,101939,TAG-7687,N,100786,Riley Cohen
100469,Event Attendee,109831,aisha.mensah@acme-fake.test,Noah Mercer,2023-09-21 13:04:00,yara.costa@demomail.test,Elena Kim,2025-07-10 23:04:00,liam.cohen@demomail.test,Liam Mercer,2023-09-02 16:38:00,,,,Y,Gamma,101866,emerson.costa@acme-fake.test,103574,LOT-5369,Y,100676,Sofia Dorsey
100089,Event Attendee,109833,nina.brooks@examplecorp.test,Reese Haddad,2024-11-09 15:42:00,reese.nguyen@examplecorp.test,Rowan Okafor,2026-06-05 03:06:00,morgan.ivanov@examplecorp.test,Fatima Nguyen,2022-12-20 00:56:00,,,,Y,Other,101841,taylor.garcia@demomail.test,104834,REF-7986,N,100616,Alex Rossi
100408,Event Attendee,109836,diego.sato@demomail.test,Alex Reyes,2023-12-03 15:58:00,elena.ashby@demomail.test,Quinn Dorsey,2023-02-19 14:10:00,liam.garcia@examplecorp.test,Sofia Larsson,2023-12-06 16:16:00,,,,N,Standard,101786,riley.costa@examplecorp.test,102694,TAG-8866,Y,100182,Emerson Ford
100712,Event Attendee,109837,mei.patel@acme-fake.test,Omar Whitfield,2023-08-07 13:23:00,omar.haddad@examplecorp.test,Arjun Sato,2023-06-28 12:33:00,avery.sato@sampleco.test,Emerson Ivanov,2025-06-05 22:30:00,,,,Y,Standard,101827,jordan.blake@acme-fake.test,102970,SKU-2661,N,100753,Omar Silva
100009,Event Attendee,109839,omar.silva@sampleco.test,Mei Garcia,2025-04-28 23:21:00,chen.sato@demomail.test,Emerson Whitfield,2024-03-18 06:01:00,alex.vance@sampleco.test,Marco Garcia,2023-05-01 22:48:00,,,,Y,Delta,101805,reese.dorsey@examplecorp.test,104566,SKU-2503,Y,100426,Emerson Sato
100328,Event Attendee,109840,rahul.sato@demomail.test,Taylor Blake,2024-11-24 10:42:00,jordan.okafor@acme-fake.test,Drew Ashby,2025-11-03 07:53:00,casey.ford@acme-fake.test,Reese Rossi,2026-07-31 02:36:00,,,,Y,Beta,101796,taylor.ford@demomail.test,104217,REF-9305,N,100234,Mei Costa
100332,Event Attendee,109841,omar.vance@demomail.test,Drew Sloan,2024-06-03 01:26:00,arjun.mensah@demomail.test,Diego Sato,2022-11-15 19:16:00,skyler.larsson@acme-fake.test,Drew Silva,2026-01-07 07:11:00,,,,Y,Beta,101827,jordan.costa@sampleco.test,103965,LOT-2320,Y,100759,Omar Ashby
100722,Event Attendee,109844,liam.silva@sampleco.test,Chen Costa,2024-05-21 20:40:00,elena.mensah@examplecorp.test,Fatima Mensah,2024-09-16 18:01:00,rahul.cohen@acme-fake.test,Jordan Mensah,2026-06-19 10:20:00,,,,Y,Beta,101857,arjun.mensah@examplecorp.test,104608,LOT-7751,Y,100526,Rowan Vance
100386,Event Attendee,109846,arjun.ashby@demomail.test,Jordan Reyes,2025-05-14 11:14:00,mei.ivanov@examplecorp.test,Elena Blake,2024-04-07 02:37:00,sofia.okafor@sampleco.test,Sofia Brooks,2023-04-09 19:40:00,,,,N,Alpha,101803,avery.silva@examplecorp.test,103646,TAG-6239,Y,100080,Arjun Mensah
100477,Event Attendee,109847,riley.patel@sampleco.test,Jamie Ivanov,2024-09-03 07:38:00,aisha.garcia@demomail.test,Elena Ashby,2023-05-08 12:41:00,reese.blake@demomail.test,Diego Silva,2023-09-24 17:03:00,,,,Y,Delta,101854,reese.nguyen@sampleco.test,103710,TAG-6647,N,100723,Drew Silva
100690,Event Attendee,109848,arjun.rossi@examplecorp.test,Quinn Blake,2025-05-03 03:22:00,drew.rossi@demomail.test,Reese Patel,2022-11-17 01:55:00,arjun.sato@demomail.test,Morgan Dorsey,2025-08-05 21:37:00,,,,Y,Beta,101793,diego.rossi@demomail.test,102305,REF-5456,Y,100793,Riley Blake
100658,Event Attendee,109851,aisha.rossi@sampleco.test,Elena Patel,2025-07-18 16:00:00,elena.ashby@sampleco.test,Arjun Dorsey,2026-04-10 21:28:00,diego.nguyen@demomail.test,Rahul Mercer,2022-10-26 09:39:00,,,,N,Alpha,101867,rowan.patel@demomail.test,103066,REF-6544,Y,100454,Taylor Dorsey
100395,Event Attendee,109852,chen.blake@examplecorp.test,Emerson Nguyen,2026-02-04 16:46:00,noah.okafor@demomail.test,Nina Haddad,2023-09-29 18:01:00,rowan.vance@sampleco.test,Omar Haddad,2022-12-27 00:55:00,,,,N,Standard,101804,avery.garcia@demomail.test,102353,TAG-1537,Y,100516,Yara Vance
100224,Event Attendee,109855,fatima.vance@acme-fake.test,Jamie Whitfield,2025-01-01 01:40:00,arjun.rossi@sampleco.test,Rahul Costa,2023-11-03 10:02:00,emerson.nguyen@acme-fake.test,Emerson Patel,2025-02-21 08:58:00,,,,Y,Other,101837,liam.patel@examplecorp.test,103595,TAG-2811,N,100542,Elena Nguyen
100593,Event Attendee,109858,marco.calder@acme-fake.test,Fatima Vance,2024-04-30 23:15:00,priya.calder@acme-fake.test,Omar Patel,2026-04-01 16:02:00,omar.okafor@examplecorp.test,Drew Sato,2025-09-08 09:00:00,,,,N,Delta,101832,morgan.cohen@sampleco.test,104781,SKU-3271,Y,100310,Chen Sloan
100282,Event Attendee,109860,jamie.garcia@examplecorp.test,Rowan Dorsey,2026-01-07 15:30:00,reese.vance@examplecorp.test,Jamie Vance,2024-12-30 22:00:00,arjun.garcia@acme-fake.test,Liam Sato,2024-01-07 18:57:00,,,,N,Alpha,101870,taylor.cohen@demomail.test,104260,TAG-2039,N,100235,Reese Whitfield
100025,Event Attendee,109862,avery.patel@sampleco.test,Sofia Mensah,2025-06-29 22:11:00,mei.garcia@demomail.test,Emerson Sato,2026-03-26 21:48:00,mei.nguyen@acme-fake.test,Skyler Mercer,2024-07-03 01:39:00,,,,Y,Standard,101843,yara.kim@demomail.test,103263,TAG-9729,N,100182,Rowan Reyes
100625,Event Attendee,109865,omar.mensah@sampleco.test,Yara Sloan,2024-10-25 11:34:00,riley.rossi@demomail.test,Casey Ashby,2024-03-22 19:02:00,marco.rossi@sampleco.test,Taylor Brooks,2024-09-23 18:43:00,,,,Y,Alpha,101804,yara.patel@acme-fake.test,102582,SKU-9665,Y,100091,Jamie Costa
100522,Event Attendee,109867,quinn.vance@demomail.test,Priya Rossi,2023-02-21 19:40:00,priya.cohen@demomail.test,Arjun Sloan,2026-01-24 07:08:00,quinn.ford@sampleco.test,Liam Patel,2023-05-27 17:30:00,,,,Y,Beta,101867,alex.mercer@sampleco.test,102837,SKU-3436,Y,100259,Alex Vance
100049,Event Attendee,109869,riley.whitfield@examplecorp.test,Liam Garcia,2023-01-20 07:21:00,diego.kim@sampleco.test,Morgan Larsson,2023-07-23 00:12:00,yara.haddad@sampleco.test,Rahul Nguyen,2024-07-16 06:31:00,,,,N,Other,101796,fatima.patel@sampleco.test,103273,SKU-1545,N,100753,Casey Calder
100229,Event Attendee,109871,marco.larsson@sampleco.test,Chen Haddad,2026-03-24 01:10:00,arjun.dorsey@examplecorp.test,Sofia Patel,2023-11-10 11:49:00,alex.silva@examplecorp.test,Diego Cohen,2023-06-28 05:35:00,,,,Y,Alpha,101843,liam.patel@acme-fake.test,103666,TAG-1217,Y,100111,Priya Garcia
100280,Event Attendee,109874,quinn.rossi@demomail.test,Omar Calder,2026-06-22 05:33:00,liam.vance@sampleco.test,Avery Ivanov,2025-02-16 20:52:00,skyler.okafor@demomail.test,Fatima Reyes,2024-11-08 05:39:00,,,,N,Beta,101866,fatima.patel@demomail.test,103623,SKU-5168,N,100789,Marco Patel
100535,Event Attendee,109877,taylor.dorsey@sampleco.test,Sofia Nguyen,2025-06-29 21:04:00,emerson.rossi@demomail.test,Jordan Mensah,2025-06-25 02:26:00,omar.costa@demomail.test,Omar Ashby,2025-06-03 04:12:00,,,,Y,Standard,101786,emerson.silva@demomail.test,103630,TAG-7963,Y,100075,Reese Haddad
100223,Event Attendee,109878,noah.mensah@examplecorp.test,Rowan Patel,2023-01-05 03:25:00,casey.ford@examplecorp.test,Noah Blake,2024-10-24 18:55:00,nina.reyes@examplecorp.test,Yara Whitfield,2024-09-04 08:13:00,,,,Y,Alpha,101834,noah.whitfield@examplecorp.test,103030,REF-3540,N,100770,Aisha Brooks
100627,Event Attendee,109881,reese.blake@demomail.test,Diego Whitfield,2023-01-17 17:03:00,skyler.vance@demomail.test,Rahul Larsson,2024-09-20 03:46:00,emerson.calder@demomail.test,Quinn Nguyen,2025-05-22 19:16:00,,,,Y,Gamma,101843,sofia.mercer@sampleco.test,102840,LOT-8010,Y,100034,Arjun Okafor
100197,Event Attendee,109882,reese.mensah@acme-fake.test,Arjun Rossi,2026-04-03 05:56:00,liam.vance@acme-fake.test,Elena Cohen,2025-04-14 20:01:00,reese.blake@examplecorp.test,Jordan Silva,2024-06-08 00:00:00,,,,N,Other,101808,reese.patel@examplecorp.test,103771,TAG-5240,Y,100184,Aisha Kim
100413,Event Attendee,109884,liam.haddad@acme-fake.test,Fatima Garcia,2024-11-21 23:54:00,rahul.ford@examplecorp.test,Reese Patel,2025-02-08 23:45:00,liam.blake@acme-fake.test,Yara Sato,2023-05-25 19:03:00,,,,Y,Delta,101785,quinn.patel@examplecorp.test,104190,REF-1806,N,100115,Morgan Ashby
100447,Event Attendee,109886,liam.kim@demomail.test,Quinn Ivanov,2024-08-24 00:27:00,sofia.haddad@examplecorp.test,Rahul Calder,2023-07-14 20:25:00,liam.calder@demomail.test,Priya Mensah,2026-04-20 06:26:00,,,,Y,Beta,101785,diego.patel@examplecorp.test,103336,SKU-9692,Y,100340,Emerson Vance
100526,Event Attendee,109889,riley.vance@demomail.test,Liam Larsson,2025-01-05 12:40:00,diego.ashby@sampleco.test,Mei Cohen,2023-02-20 18:32:00,diego.ford@sampleco.test,Jamie Calder,2023-10-06 14:30:00,,,,Y,Delta,101851,yara.garcia@acme-fake.test,103949,REF-9004,Y,100069,Jordan Blake
100235,Event Attendee,109891,diego.sloan@sampleco.test,Diego Sloan,2022-12-22 18:42:00,drew.kim@acme-fake.test,Elena Brooks,2024-11-13 03:31:00,omar.larsson@examplecorp.test,Alex Mensah,2023-04-26 20:11:00,,,,Y,Standard,101785,morgan.sato@acme-fake.test,104815,SKU-6490,N,100189,Noah Ivanov
100506,Event Attendee,109893,mei.nguyen@demomail.test,Emerson Whitfield,2023-12-18 06:44:00,jamie.mensah@sampleco.test,Rahul Silva,2024-12-02 17:05:00,emerson.ashby@sampleco.test,Emerson Blake,2025-03-08 00:35:00,,,,N,Delta,101838,jordan.ford@demomail.test,103422,SKU-2024,Y,100672,Omar Haddad
100613,Event Attendee,109895,arjun.haddad@acme-fake.test,Nina Sloan,2023-10-14 19:18:00,reese.ashby@demomail.test,Priya Haddad,2023-05-25 14:15:00,noah.rossi@examplecorp.test,Skyler Nguyen,2026-01-19 21:12:00,,,,N,Other,101838,elena.cohen@demomail.test,104438,LOT-2890,N,100709,Casey Ford
100481,Event Attendee,109896,mei.rossi@acme-fake.test,Mei Patel,2025-08-28 10:43:00,elena.nguyen@examplecorp.test,Elena Okafor,2023-04-23 11:49:00,rahul.sato@acme-fake.test,Riley Garcia,2024-04-02 23:04:00,,,,Y,Beta,101843,mei.patel@sampleco.test,102900,REF-7124,Y,100798,Omar Mercer
100615,Event Attendee,109899,marco.whitfield@acme-fake.test,Chen Nguyen,2024-01-20 22:51:00,chen.calder@acme-fake.test,Diego Cohen,2025-06-22 05:56:00,fatima.kim@acme-fake.test,Riley Reyes,2024-02-02 01:56:00,,,,Y,Other,101818,morgan.haddad@sampleco.test,103409,REF-1520,N,100103,Reese Larsson
100173,Event Attendee,109900,sofia.calder@examplecorp.test,Avery Reyes,2024-08-18 12:16:00,omar.calder@acme-fake.test,Jordan Calder,2023-11-24 14:38:00,mei.ivanov@acme-fake.test,Sofia Blake,2024-02-02 19:19:00,,,,N,Other,101821,nina.ford@acme-fake.test,102186,REF-9350,N,100520,Taylor Costa
100094,Event Attendee,109902,elena.kim@sampleco.test,Aisha Costa,2025-01-02 19:17:00,diego.rossi@demomail.test,Omar Silva,2025-01-05 04:56:00,marco.garcia@sampleco.test,Riley Calder,2024-03-10 10:42:00,,,,N,Standard,101849,jamie.dorsey@examplecorp.test,104321,LOT-9791,Y,100470,Yara Nguyen
100679,Event Attendee,109905,nina.brooks@demomail.test,Skyler Brooks,2023-07-25 14:14:00,omar.vance@demomail.test,Rahul Cohen,2025-06-20 20:15:00,alex.nguyen@acme-fake.test,Reese Mercer,2025-04-20 19:36:00,,,,N,Alpha,101857,drew.mensah@sampleco.test,102605,SKU-3056,N,100481,Alex Sato
100034,Event Attendee,109906,fatima.ford@acme-fake.test,Aisha Sato,2023-08-08 12:13:00,rahul.kim@demomail.test,Riley Reyes,2022-12-28 15:54:00,morgan.patel@sampleco.test,Chen Reyes,2024-07-01 10:08:00,,,,Y,Gamma,101870,yara.okafor@acme-fake.test,104263,TAG-2977,N,100076,Fatima Reyes
100104,Event Attendee,109908,reese.sato@acme-fake.test,Rahul Garcia,2025-10-16 08:59:00,priya.silva@sampleco.test,Marco Dorsey,2026-04-19 09:58:00,drew.cohen@acme-fake.test,Alex Sato,2024-02-06 22:55:00,,,,Y,Delta,101841,yara.garcia@demomail.test,104498,SKU-2980,N,100800,Rahul Ivanov
100582,Event Attendee,109910,priya.kim@acme-fake.test,Omar Garcia,2024-07-13 14:33:00,diego.calder@demomail.test,Jordan Ivanov,2024-07-23 15:45:00,rahul.larsson@examplecorp.test,Yara Ivanov,2023-04-06 14:41:00,,,,N,Beta,101834,rowan.blake@sampleco.test,103149,SKU-1040,Y,100750,Jordan Ford
100090,Event Attendee,109912,sofia.larsson@acme-fake.test,Emerson Ford,2026-07-18 12:20:00,nina.sato@demomail.test,Rowan Mercer,2025-07-08 08:43:00,noah.silva@sampleco.test,Priya Rossi,2025-08-12 01:09:00,,,,N,Standard,101838,morgan.cohen@sampleco.test,102302,LOT-9386,Y,100366,Arjun Kim
100421,Event Attendee,109914,riley.reyes@sampleco.test,Casey Vance,2026-07-22 20:37:00,sofia.whitfield@demomail.test,Drew Whitfield,2024-12-14 15:27:00,morgan.blake@sampleco.test,Drew Mensah,2023-04-20 03:04:00,,,,Y,Delta,101796,alex.sloan@demomail.test,103164,LOT-7362,Y,100696,Liam Calder
100203,Event Attendee,109915,marco.whitfield@sampleco.test,Aisha Garcia,2025-10-17 00:48:00,priya.brooks@examplecorp.test,Liam Brooks,2026-01-03 21:09:00,marco.cohen@examplecorp.test,Sofia Brooks,2024-10-20 16:01:00,,,,Y,Delta,101814,morgan.sloan@demomail.test,104551,REF-7823,Y,100456,Noah Brooks
100042,Event Attendee,109916,chen.rossi@acme-fake.test,Fatima Ford,2024-06-09 14:24:00,aisha.ford@demomail.test,Diego Calder,2025-02-01 08:55:00,aisha.sloan@examplecorp.test,Rahul Mensah,2026-01-19 21:53:00,,,,Y,Standard,101793,taylor.ford@demomail.test,104336,SKU-3449,N,100302,Arjun Reyes
100571,Event Attendee,109919,arjun.ford@examplecorp.test,Fatima Kim,2025-09-11 21:04:00,jordan.ashby@examplecorp.test,Rahul Reyes,2026-07-09 01:40:00,taylor.ivanov@sampleco.test,Alex Okafor,2022-12-17 00:34:00,,,,Y,Standard,101780,emerson.silva@examplecorp.test,103639,LOT-8193,N,100473,Drew Brooks
100485,Event Attendee,109922,fatima.vance@examplecorp.test,Quinn Blake,2026-03-05 18:15:00,arjun.ivanov@demomail.test,Aisha Ashby,2024-01-02 02:23:00,nina.costa@examplecorp.test,Jamie Mercer,2023-06-15 17:39:00,,,,Y,Delta,101788,taylor.ivanov@acme-fake.test,103839,REF-4422,N,100799,Emerson Sato
100473,Event Attendee,109924,elena.vance@acme-fake.test,Mei Larsson,2025-07-20 04:50:00,morgan.sloan@demomail.test,Jamie Ashby,2022-11-30 07:03:00,reese.dorsey@sampleco.test,Marco Sloan,2026-02-25 19:03:00,,,,N,Beta,101818,diego.cohen@acme-fake.test,102646,REF-2312,Y,100245,Priya Nguyen
100486,Event Attendee,109925,noah.whitfield@demomail.test,Emerson Okafor,2023-04-12 08:37:00,diego.vance@demomail.test,Emerson Okafor,2023-02-21 00:20:00,yara.blake@acme-fake.test,Yara Blake,2023-03-05 11:14:00,,,,N,Gamma,101838,fatima.calder@sampleco.test,103187,REF-5932,Y,100217,Omar Ashby
100132,Event Attendee,109926,quinn.blake@sampleco.test,Elena Patel,2026-01-13 08:55:00,yara.dorsey@acme-fake.test,Marco Dorsey,2026-06-10 01:22:00,taylor.ford@acme-fake.test,Emerson Brooks,2024-11-01 14:49:00,,,,N,Alpha,101811,chen.mercer@demomail.test,102225,SKU-9404,N,100717,Marco Nguyen
100597,Event Attendee,109928,riley.vance@demomail.test,Elena Vance,2022-12-12 22:25:00,taylor.okafor@sampleco.test,Elena Rossi,2026-04-30 21:27:00,nina.okafor@demomail.test,Marco Ashby,2022-12-17 16:14:00,,,,Y,Standard,101783,aisha.vance@acme-fake.test,102568,TAG-3819,Y,100272,Marco Ivanov
100017,Event Attendee,109930,marco.ford@sampleco.test,Alex Okafor,2024-02-04 00:13:00,noah.sato@sampleco.test,Yara Ford,2024-07-05 08:12:00,jamie.ivanov@demomail.test,Aisha Silva,2024-03-09 08:32:00,,,,N,Beta,101818,casey.cohen@examplecorp.test,102151,TAG-6491,Y,100729,Sofia Kim
100464,Event Attendee,109933,yara.brooks@sampleco.test,Noah Cohen,2025-10-21 19:37:00,liam.whitfield@examplecorp.test,Casey Vance,2024-04-23 05:13:00,mei.larsson@demomail.test,Quinn Patel,2025-08-08 17:38:00,,,,N,Standard,101857,rahul.ashby@acme-fake.test,101932,REF-3929,N,100178,Avery Sato
100366,Event Attendee,109935,skyler.vance@examplecorp.test,Morgan Ford,2025-06-17 17:05:00,taylor.haddad@sampleco.test,Morgan Costa,2024-03-03 11:43:00,marco.ford@acme-fake.test,Priya Whitfield,2023-11-24 18:19:00,,,,Y,Gamma,101870,priya.haddad@demomail.test,104746,SKU-5387,N,100642,Fatima Kim
100799,Event Attendee,109937,omar.costa@acme-fake.test,Alex Mercer,2026-05-10 16:41:00,aisha.vance@demomail.test,Aisha Mensah,2022-10-01 11:35:00,liam.garcia@sampleco.test,Aisha Kim,2025-03-16 20:00:00,,,,N,Standard,101846,marco.reyes@demomail.test,104163,REF-4676,N,100792,Rowan Garcia
100169,Event Attendee,109939,alex.brooks@examplecorp.test,Aisha Vance,2024-12-14 03:23:00,avery.patel@examplecorp.test,Chen Patel,2024-03-24 20:01:00,reese.dorsey@acme-fake.test,Chen Costa,2026-02-18 17:47:00,,,,N,Delta,101854,reese.brooks@examplecorp.test,102207,LOT-2618,Y,100008,Avery Ivanov
100086,Event Attendee,109940,omar.nguyen@demomail.test,Morgan Garcia,2025-02-23 22:37:00,noah.blake@examplecorp.test,Avery Kim,2023-04-25 08:06:00,riley.larsson@examplecorp.test,Fatima Calder,2026-03-16 15:29:00,,,,N,Alpha,101796,elena.kim@demomail.test,104257,REF-3063,Y,100462,Mei Sato
100259,Event Attendee,109942,riley.larsson@acme-fake.test,Mei Silva,2022-10-04 07:39:00,elena.larsson@examplecorp.test,Mei Reyes,2025-06-06 01:22:00,reese.whitfield@examplecorp.test,Noah Calder,2025-07-12 04:54:00,,,,N,Other,101850,elena.dorsey@acme-fake.test,104023,SKU-9551,N,100291,Mei Garcia
100389,Event Attendee,109944,skyler.costa@acme-fake.test,Avery Dorsey,2023-12-24 15:56:00,taylor.blake@demomail.test,Casey Cohen,2025-12-17 01:47:00,morgan.whitfield@sampleco.test,Yara Silva,2023-08-13 00:17:00,,,,Y,Beta,101805,arjun.mensah@examplecorp.test,102643,LOT-8919,Y,100267,Rahul Dorsey
100351,Event Attendee,109946,priya.sato@sampleco.test,Priya Kim,2023-05-04 08:43:00,noah.reyes@demomail.test,Liam Brooks,2024-03-20 17:50:00,arjun.sato@examplecorp.test,Quinn Brooks,2023-08-11 20:10:00,,,,N,Alpha,101830,riley.silva@demomail.test,103141,REF-5249,Y,100455,Riley Garcia
100753,Event Attendee,109947,emerson.ivanov@demomail.test,Arjun Patel,2024-01-03 05:28:00,quinn.vance@sampleco.test,Arjun Garcia,2025-09-12 23:15:00,taylor.brooks@examplecorp.test,Alex Okafor,2024-10-08 00:11:00,,,,N,Delta,101879,jordan.cohen@examplecorp.test,102975,SKU-4271,Y,100123,Emerson Haddad
100223,Event Attendee,109948,elena.ford@examplecorp.test,Omar Rossi,2025-11-21 17:38:00,rowan.whitfield@examplecorp.test,Yara Nguyen,2024-03-26 20:47:00,emerson.patel@demomail.test,Diego Ashby,2025-12-08 13:59:00,,,,N,Alpha,101849,nina.sato@examplecorp.test,102404,LOT-2695,N,100380,Emerson Silva
100774,Event Attendee,109949,chen.rossi@demomail.test,Fatima Mercer,2026-03-03 17:03:00,jamie.okafor@sampleco.test,Emerson Ivanov,2025-03-10 04:13:00,chen.mercer@examplecorp.test,Aisha Larsson,2022-10-23 02:12:00,,,,Y,Delta,101867,sofia.sloan@examplecorp.test,104150,SKU-7552,N,100377,Taylor Whitfield
100596,Event Attendee,109950,arjun.brooks@examplecorp.test,Arjun Kim,2025-02-17 12:40:00,alex.nguyen@acme-fake.test,Taylor Blake,2024-02-26 12:24:00,fatima.reyes@acme-fake.test,Emerson Sato,2023-06-07 19:46:00,,,,N,Other,101805,yara.whitfield@acme-fake.test,102829,TAG-7026,N,100548,Marco Mensah
100563,Event Attendee,109951,skyler.okafor@demomail.test,Diego Sato,2024-08-28 17:08:00,chen.patel@acme-fake.test,Jamie Blake,2023-06-18 09:14:00,taylor.ford@acme-fake.test,Morgan Cohen,2023-09-26 18:44:00,,,,N,Delta,101863,jordan.garcia@demomail.test,103156,SKU-3620,N,100452,Rahul Rossi
100573,Event Attendee,109954,morgan.blake@sampleco.test,Chen Mercer,2025-11-23 05:30:00,priya.cohen@sampleco.test,Skyler Ford,2023-07-24 17:12:00,reese.ford@acme-fake.test,Reese Sato,2024-12-22 05:53:00,,,,N,Delta,101836,reese.whitfield@examplecorp.test,103996,SKU-3831,N,100291,Priya Reyes
100382,Event Attendee,109957,yara.vance@examplecorp.test,Riley Ivanov,2024-11-25 12:47:00,rowan.brooks@examplecorp.test,Rahul Larsson,2025-07-09 18:19:00,liam.reyes@examplecorp.test,Liam Cohen,2025-11-13 02:21:00,,,,N,Other,101866,liam.ivanov@demomail.test,103467,REF-5705,Y,100356,Avery Calder
100197,Event Attendee,109958,sofia.sato@sampleco.test,Drew Haddad,2025-11-25 08:57:00,alex.mensah@examplecorp.test,Rahul Vance,2023-09-23 20:54:00,rowan.mercer@demomail.test,Priya Ford,2023-08-10 09:43:00,,,,Y,Standard,101825,yara.silva@acme-fake.test,103327,SKU-3033,N,100455,Sofia Reyes
100374,Event Attendee,109961,casey.cohen@sampleco.test,Arjun Mensah,2024-06-08 07:50:00,diego.ford@examplecorp.test,Priya Silva,2023-06-03 01:43:00,marco.whitfield@demomail.test,Morgan Brooks,2022-10-15 23:08:00,,,,N,Other,101849,emerson.sato@sampleco.test,104406,TAG-5975,Y,100456,Casey Rossi
100509,Event Attendee,109962,riley.patel@sampleco.test,Diego Costa,2026-03-28 05:19:00,rowan.vance@acme-fake.test,Morgan Costa,2024-10-30 10:22:00,yara.okafor@sampleco.test,Reese Brooks,2024-02-13 16:07:00,,,,Y,Standard,101818,casey.garcia@demomail.test,104712,SKU-7647,Y,100120,Casey Ashby
100459,Event Attendee,109964,mei.reyes@demomail.test,Jordan Cohen,2023-07-20 13:14:00,avery.sato@sampleco.test,Jordan Calder,2022-12-18 12:11:00,aisha.ford@demomail.test,Rowan Ivanov,2025-08-31 22:41:00,,,,Y,Beta,101837,emerson.kim@acme-fake.test,102180,REF-4011,Y,100313,Skyler Ivanov
100132,Event Attendee,109965,sofia.rossi@examplecorp.test,Jamie Mercer,2023-11-12 16:44:00,diego.calder@acme-fake.test,Riley Mensah,2026-05-10 09:21:00,chen.mensah@demomail.test,Fatima Mensah,2024-06-06 00:13:00,,,,Y,Other,101827,aisha.brooks@sampleco.test,103351,SKU-2000,N,100041,Mei Whitfield
100649,Event Attendee,109968,fatima.reyes@demomail.test,Jamie Whitfield,2025-07-13 06:47:00,aisha.costa@acme-fake.test,Morgan Costa,2026-05-16 17:24:00,rahul.sato@demomail.test,Liam Whitfield,2024-01-28 04:58:00,,,,N,Standard,101873,diego.whitfield@examplecorp.test,103656,REF-9011,N,100241,Chen Dorsey
100551,Event Attendee,109969,chen.ashby@demomail.test,Aisha Costa,2024-08-23 07:55:00,quinn.mercer@examplecorp.test,Omar Ivanov,2025-06-20 17:43:00,casey.haddad@sampleco.test,Morgan Blake,2025-08-04 11:15:00,,,,N,Standard,101821,fatima.rossi@sampleco.test,103030,LOT-8829,Y,100503,Fatima Ford
100708,Event Attendee,109972,casey.nguyen@examplecorp.test,Casey Kim,2022-12-22 02:53:00,jamie.reyes@acme-fake.test,Jamie Kim,2023-10-07 15:54:00,reese.costa@examplecorp.test,Quinn Sloan,2025-07-24 23:03:00,,,,Y,Alpha,101849,omar.mensah@sampleco.test,101903,TAG-1602,Y,100498,Aisha Cohen
100485,Event Attendee,109973,mei.nguyen@acme-fake.test,Jamie Costa,2023-11-06 10:50:00,riley.garcia@sampleco.test,Diego Vance,2025-07-06 13:47:00,alex.brooks@acme-fake.test,Liam Garcia,2026-04-13 07:33:00,,,,N,Delta,101834,jordan.rossi@acme-fake.test,101885,TAG-2215,N,100101,Taylor Dorsey
100240,Event Attendee,109975,elena.reyes@examplecorp.test,Arjun Blake,2024-11-17 07:08:00,yara.patel@sampleco.test,Arjun Brooks,2023-03-18 10:09:00,fatima.larsson@acme-fake.test,Chen Ashby,2025-08-09 16:44:00,,,,Y,Gamma,101854,morgan.rossi@demomail.test,101884,SKU-7232,N,100607,Reese Larsson
100568,Event Attendee,109978,arjun.garcia@sampleco.test,Yara Vance,2023-03-08 19:17:00,aisha.rossi@sampleco.test,Diego Whitfield,2026-06-11 11:47:00,jamie.ivanov@acme-fake.test,Arjun Cohen,2025-07-29 15:28:00,,,,Y,Other,101790,sofia.costa@sampleco.test,102555,LOT-3321,Y,100596,Chen Mensah
100467,Event Attendee,109979,arjun.kim@examplecorp.test,Rowan Silva,2023-10-17 06:31:00,priya.vance@sampleco.test,Nina Larsson,2024-03-06 22:24:00,chen.whitfield@acme-fake.test,Morgan Reyes,2025-04-22 20:49:00,,,,N,Gamma,101811,skyler.mensah@demomail.test,103510,LOT-8067,N,100239,Quinn Rossi
100103,Event Attendee,109981,yara.vance@examplecorp.test,Avery Ford,2023-06-19 04:52:00,quinn.ford@sampleco.test,Rowan Mercer,2024-03-25 15:04:00,liam.ford@examplecorp.test,Riley Ashby,2023-09-25 07:41:00,,,,Y,Gamma,101866,omar.costa@acme-fake.test,102650,REF-1230,N,100206,Skyler Rossi
100634,Event Attendee,109982,diego.silva@examplecorp.test,Fatima Brooks,2025-12-03 14:54:00,morgan.reyes@examplecorp.test,Mei Ashby,2024-11-28 00:04:00,reese.dorsey@sampleco.test,Drew Calder,2025-09-18 18:39:00,,,,Y,Gamma,101841,skyler.mensah@examplecorp.test,102509,SKU-7510,Y,100800,Alex Dorsey
100173,Event Attendee,109985,fatima.calder@examplecorp.test,Mei Cohen,2024-04-30 04:22:00,marco.nguyen@acme-fake.test,Jordan Reyes,2023-12-06 07:52:00,rowan.sloan@demomail.test,Avery Costa,2023-11-07 05:40:00,,,,N,Delta,101788,omar.costa@examplecorp.test,104438,TAG-3279,Y,100688,Fatima Ivanov
100702,Event Attendee,109987,elena.nguyen@demomail.test,Fatima Mercer,2026-03-06 21:25:00,casey.calder@sampleco.test,Riley Garcia,2026-06-07 20:55:00,yara.whitfield@examplecorp.test,Fatima Whitfield,2022-10-27 20:54:00,,,,Y,Gamma,101837,alex.sato@acme-fake.test,104751,TAG-1038,Y,100738,Liam Dorsey
100083,Event Attendee,109989,avery.kim@examplecorp.test,Casey Ford,2024-12-19 23:05:00,chen.cohen@examplecorp.test,Emerson Ivanov,2024-10-11 14:18:00,avery.vance@sampleco.test,Elena Kim,2023-10-08 13:42:00,,,,N,Standard,101811,reese.vance@demomail.test,104678,TAG-3073,Y,100173,Emerson Ford
100527,Event Attendee,109991,liam.reyes@examplecorp.test,Liam Sato,2026-06-21 03:58:00,noah.dorsey@sampleco.test,Noah Garcia,2023-07-13 05:44:00,reese.sato@acme-fake.test,Drew Okafor,2025-05-15 04:18:00,,,,N,Alpha,101827,jamie.dorsey@acme-fake.test,102987,REF-2040,Y,100684,Riley Vance
100475,Event Attendee,109992,elena.sato@demomail.test,Diego Larsson,2023-11-01 16:25:00,aisha.silva@acme-fake.test,Elena Garcia,2023-05-04 22:46:00,omar.costa@sampleco.test,Arjun Cohen,2025-11-26 21:49:00,,,,Y,Delta,101795,morgan.patel@demomail.test,104624,REF-4605,N,100613,Chen Dorsey
100530,Event Attendee,109993,casey.ashby@demomail.test,Avery Brooks,2026-04-21 09:47:00,alex.brooks@sampleco.test,Elena Costa,2025-10-19 03:13:00,omar.ashby@acme-fake.test,Drew Rossi,2024-01-14 14:26:00,,,,Y,Alpha,101834,skyler.calder@acme-fake.test,103539,TAG-3461,N,100734,Noah Haddad
100003,Event Attendee,109994,morgan.garcia@examplecorp.test,Arjun Sloan,2023-09-08 14:35:00,sofia.ford@acme-fake.test,Liam Rossi,2025-10-19 01:52:00,skyler.dorsey@sampleco.test,Arjun Mercer,2022-10-27 20:41:00,,,,Y,Beta,101805,skyler.garcia@acme-fake.test,102338,LOT-4658,Y,100670,Jordan Patel
100107,Event Attendee,109996,riley.reyes@examplecorp.test,Rahul Whitfield,2022-10-27 14:39:00,diego.reyes@examplecorp.test,Mei Costa,2025-05-23 23:37:00,avery.mensah@acme-fake.test,Fatima Whitfield,2025-11-26 12:47:00,,,,N,Alpha,101830,riley.rossi@examplecorp.test,104394,TAG-3606,N,100086,Casey Dorsey
100509,Event Attendee,109997,marco.silva@acme-fake.test,Reese Calder,2023-08-13 00:38:00,drew.kim@demomail.test,Liam Silva,2025-12-23 06:03:00,rowan.sloan@acme-fake.test,Aisha Sato,2023-11-08 06:50:00,,,,Y,Other,101857,sofia.nguyen@examplecorp.test,104715,TAG-9001,Y,100596,Avery Reyes
100750,Event Attendee,109999,reese.garcia@acme-fake.test,Drew Reyes,2023-03-09 07:32:00,rahul.haddad@examplecorp.test,Riley Mensah,2023-11-16 00:59:00,marco.larsson@demomail.test,Diego Calder,2023-05-28 06:21:00,,,,N,Alpha,101803,mei.nguyen@acme-fake.test,102096,LOT-7422,N,100410,Noah Brooks
100552,Event Attendee,110001,morgan.nguyen@demomail.test,Elena Ivanov,2023-07-23 07:21:00,arjun.sato@examplecorp.test,Casey Garcia,2024-05-21 22:18:00,morgan.rossi@acme-fake.test,Elena Larsson,2025-02-26 00:19:00,,,,N,Other,101876,emerson.sloan@examplecorp.test,103187,LOT-1803,Y,100073,Alex Mensah
100319,Event Attendee,110004,taylor.okafor@sampleco.test,Marco Whitfield,2025-08-16 08:36:00,diego.nguyen@sampleco.test,Marco Sato,2024-05-20 18:20:00,noah.costa@sampleco.test,Marco Ashby,2025-02-07 14:01:00,,,,Y,Delta,101843,jamie.calder@sampleco.test,104461,REF-9653,Y,100319,Jordan Mercer
100371,Event Attendee,110007,avery.costa@acme-fake.test,Nina Dorsey,2026-04-14 03:02:00,priya.mercer@demomail.test,Arjun Silva,2024-02-02 12:31:00,fatima.whitfield@sampleco.test,Jamie Ashby,2022-11-04 04:21:00,,,,Y,Standard,101814,aisha.mensah@examplecorp.test,104618,TAG-8015,N,100734,Mei Patel
100497,Event Attendee,110010,aisha.okafor@examplecorp.test,Sofia Vance,2023-02-26 15:34:00,rowan.silva@acme-fake.test,Mei Cohen,2025-11-09 22:06:00,taylor.calder@acme-fake.test,Diego Ivanov,2026-03-22 16:13:00,,,,Y,Delta,101788,mei.mensah@examplecorp.test,103329,REF-3951,Y,100217,Marco Sato
100190,Event Attendee,110012,elena.costa@demomail.test,Aisha Dorsey,2025-09-22 19:12:00,reese.sato@demomail.test,Taylor Brooks,2026-03-14 19:12:00,alex.ford@sampleco.test,Liam Haddad,2024-05-14 08:43:00,,,,Y,Beta,101825,fatima.whitfield@sampleco.test,101982,TAG-8795,Y,100517,Noah Garcia
100097,Event Attendee,110014,yara.mensah@examplecorp.test,Casey Ford,2024-10-06 11:45:00,marco.brooks@demomail.test,Mei Ashby,2025-06-28 12:46:00,priya.silva@examplecorp.test,Avery Dorsey,2024-08-22 00:58:00,,,,Y,Delta,101849,aisha.vance@demomail.test,104799,LOT-5788,N,100377,Fatima Okafor
100215,Event Attendee,110015,rahul.costa@acme-fake.test,Omar Silva,2025-08-04 17:44:00,rahul.reyes@sampleco.test,Nina Sato,2025-06-21 03:08:00,priya.rossi@examplecorp.test,Elena Ford,2025-04-06 07:48:00,,,,Y,Gamma,101785,reese.costa@demomail.test,102619,TAG-5323,N,100780,Elena Calder
100034,Event Attendee,110017,nina.ashby@demomail.test,Riley Okafor,2023-01-12 12:57:00,morgan.mercer@acme-fake.test,Nina Nguyen,2025-08-28 10:41:00,nina.costa@acme-fake.test,Drew Rossi,2023-04-18 15:23:00,,,,N,Gamma,101786,nina.dorsey@acme-fake.test,103342,LOT-7962,N,100182,Chen Mercer
100437,Event Attendee,110018,taylor.patel@examplecorp.test,Reese Garcia,2024-11-04 12:07:00,alex.whitfield@acme-fake.test,Mei Nguyen,2025-07-13 07:53:00,casey.ford@demomail.test,Arjun Mensah,2026-07-21 10:23:00,,,,Y,Standard,101783,marco.okafor@examplecorp.test,102720,REF-1204,N,100535,Sofia Okafor
100101,Event Attendee,110019,emerson.cohen@sampleco.test,Liam Silva,2022-10-12 00:41:00,emerson.okafor@acme-fake.test,Marco Sloan,2024-06-23 06:42:00,alex.sloan@demomail.test,Omar Nguyen,2026-05-10 00:05:00,,,,Y,Beta,101843,priya.sato@examplecorp.test,103808,LOT-3301,Y,100139,Taylor Sato
100771,Event Attendee,110021,jordan.ivanov@examplecorp.test,Liam Nguyen,2024-05-16 06:47:00,mei.brooks@sampleco.test,Mei Costa,2023-02-03 16:17:00,rahul.silva@sampleco.test,Noah Brooks,2024-12-28 10:30:00,,,,Y,Gamma,101849,diego.sloan@demomail.test,102634,SKU-2551,N,100803,Fatima Reyes
100712,Event Attendee,110024,avery.whitfield@examplecorp.test,Emerson Nguyen,2026-06-08 04:24:00,chen.larsson@examplecorp.test,Aisha Garcia,2025-12-03 03:44:00,arjun.blake@sampleco.test,Emerson Silva,2024-04-27 12:17:00,,,,Y,Standard,101863,aisha.sloan@acme-fake.test,104332,TAG-6965,N,100517,Chen Reyes
100008,Event Attendee,110027,mei.calder@demomail.test,Arjun Garcia,2022-12-08 09:32:00,fatima.cohen@examplecorp.test,Drew Ashby,2025-09-04 11:56:00,aisha.ivanov@demomail.test,Yara Rossi,2024-07-13 23:47:00,,,,N,Beta,101851,elena.costa@demomail.test,101886,SKU-2748,N,100750,Skyler Reyes
100421,Event Attendee,110030,avery.kim@sampleco.test,Skyler Haddad,2023-05-01 20:45:00,mei.okafor@examplecorp.test,Noah Silva,2023-09-27 13:25:00,riley.nguyen@acme-fake.test,Marco Vance,2025-07-25 00:54:00,,,,Y,Gamma,101822,marco.garcia@acme-fake.test,102960,SKU-5637,Y,100522,Nina Reyes
100734,Event Attendee,110031,omar.garcia@acme-fake.test,Alex Reyes,2026-03-29 09:16:00,noah.dorsey@demomail.test,Avery Larsson,2025-02-03 12:27:00,mei.ashby@acme-fake.test,Elena Ivanov,2025-08-10 21:27:00,,,,N,Standard,101818,fatima.haddad@examplecorp.test,103433,LOT-3374,N,100784,Avery Ford
100709,Event Attendee,110033,rowan.ivanov@examplecorp.test,Sofia Costa,2023-08-10 00:52:00,quinn.okafor@examplecorp.test,Omar Dorsey,2025-02-09 10:42:00,drew.vance@examplecorp.test,Casey Brooks,2024-12-08 03:59:00,,,,N,Delta,101841,fatima.silva@sampleco.test,104584,SKU-2766,Y,100308,Marco Sato
100654,Event Attendee,110036,yara.ashby@examplecorp.test,Elena Costa,2024-10-24 01:35:00,emerson.mercer@demomail.test,Aisha Silva,2023-03-10 09:12:00,fatima.nguyen@acme-fake.test,Drew Nguyen,2024-10-20 16:35:00,,,,N,Standard,101816,elena.sloan@demomail.test,102327,SKU-9513,Y,100571,Nina Mercer
100325,Event Attendee,110038,yara.patel@sampleco.test,Emerson Sato,2023-11-23 00:55:00,omar.haddad@acme-fake.test,Morgan Larsson,2023-11-13 08:58:00,riley.cohen@examplecorp.test,Mei Sato,2022-11-07 17:52:00,,,,Y,Alpha,101863,skyler.sloan@acme-fake.test,102629,LOT-9808,N,100492,Diego Sloan
100638,Event Attendee,110039,noah.mensah@sampleco.test,Liam Haddad,2024-09-28 21:07:00,liam.ford@acme-fake.test,Jordan Calder,2025-10-06 21:25:00,skyler.kim@examplecorp.test,Skyler Kim,2026-06-19 03:37:00,,,,Y,Delta,101857,omar.ivanov@sampleco.test,104192,TAG-7491,Y,100122,Fatima Ivanov
100792,Event Attendee,110041,rowan.ford@acme-fake.test,Sofia Sloan,2022-12-18 12:52:00,alex.sato@sampleco.test,Arjun Sato,2025-01-29 07:10:00,omar.calder@sampleco.test,Chen Sato,2025-09-29 11:42:00,,,,N,Standard,101797,mei.calder@acme-fake.test,104828,LOT-9810,N,100173,Elena Ford
100113,Event Attendee,110042,mei.ashby@examplecorp.test,Liam Patel,2024-06-15 22:14:00,drew.vance@examplecorp.test,Casey Nguyen,2026-03-23 11:11:00,jordan.haddad@sampleco.test,Elena Dorsey,2024-12-31 08:36:00,,,,N,Gamma,101838,taylor.ivanov@acme-fake.test,104566,REF-6125,Y,100216,Riley Silva
100560,Event Attendee,110044,yara.ashby@demomail.test,Nina Brooks,2024-08-23 12:49:00,avery.dorsey@examplecorp.test,Fatima Calder,2024-02-24 08:13:00,jordan.vance@demomail.test,Reese Brooks,2024-10-27 13:25:00,,,,N,Beta,101879,sofia.reyes@sampleco.test,104475,LOT-2410,Y,100344,Riley Ford
100329,Event Attendee,110045,jordan.rossi@acme-fake.test,Rowan Costa,2025-04-30 16:34:00,liam.garcia@sampleco.test,Morgan Whitfield,2024-09-24 03:11:00,jordan.ford@acme-fake.test,Arjun Dorsey,2023-02-10 11:44:00,,,,N,Gamma,101849,omar.haddad@examplecorp.test,103978,LOT-7111,N,100559,Jordan Mensah
100340,Event Attendee,110046,quinn.reyes@examplecorp.test,Rahul Ivanov,2023-12-03 00:52:00,diego.mercer@demomail.test,Marco Mercer,2024-02-10 00:01:00,emerson.silva@examplecorp.test,Riley Dorsey,2023-07-27 00:44:00,,,,N,Other,101800,yara.brooks@sampleco.test,104202,TAG-2578,N,100408,Casey Ashby
100753,Event Attendee,110048,skyler.reyes@demomail.test,Jordan Haddad,2024-06-19 14:32:00,nina.nguyen@acme-fake.test,Mei Reyes,2023-09-25 16:01:00,taylor.larsson@examplecorp.test,Drew Okafor,2024-10-29 01:34:00,,,,N,Other,101785,jamie.ashby@acme-fake.test,102677,SKU-5691,N,100554,Arjun Mercer
100197,Event Attendee,110049,arjun.nguyen@examplecorp.test,Diego Brooks,2026-05-05 04:36:00,diego.dorsey@sampleco.test,Jordan Garcia,2024-07-18 09:47:00,diego.mensah@examplecorp.test,Diego Ashby,2025-08-09 11:29:00,,,,N,Gamma,101821,skyler.garcia@sampleco.test,104309,SKU-2646,N,100765,Jordan Ivanov
100293,Event Attendee,110051,drew.reyes@sampleco.test,Taylor Patel,2023-06-14 08:01:00,diego.ivanov@acme-fake.test,Emerson Okafor,2023-09-01 20:24:00,marco.larsson@demomail.test,Nina Reyes,2023-04-22 20:29:00,,,,Y,Delta,101841,chen.nguyen@acme-fake.test,102579,SKU-1358,Y,100670,Jamie Reyes
100245,Event Attendee,110052,riley.ford@sampleco.test,Elena Ford,2026-05-04 12:53:00,mei.garcia@acme-fake.test,Rahul Costa,2023-04-13 01:44:00,alex.sloan@acme-fake.test,Arjun Rossi,2026-01-15 04:41:00,,,,Y,Alpha,101871,skyler.dorsey@demomail.test,104203,SKU-9121,Y,100455,Reese Costa
100604,Event Attendee,110054,fatima.reyes@sampleco.test,Nina Dorsey,2026-07-24 08:29:00,aisha.ashby@examplecorp.test,Mei Cohen,2025-04-10 17:52:00,aisha.ivanov@sampleco.test,Sofia Cohen,2024-07-04 20:16:00,,,,Y,Beta,101805,arjun.nguyen@sampleco.test,103815,SKU-9144,Y,100344,Rowan Kim
100241,Event Attendee,110057,arjun.larsson@examplecorp.test,Mei Larsson,2026-03-26 16:26:00,reese.okafor@examplecorp.test,Fatima Rossi,2026-03-07 13:34:00,mei.larsson@examplecorp.test,Jordan Rossi,2024-06-10 14:56:00,,,,N,Other,101857,avery.silva@sampleco.test,102316,TAG-8513,Y,100265,Aisha Garcia
100509,Event Attendee,110058,sofia.garcia@acme-fake.test,Yara Vance,2023-12-31 02:27:00,chen.larsson@acme-fake.test,Emerson Costa,2024-11-15 05:18:00,casey.okafor@demomail.test,Nina Larsson,2026-04-21 19:07:00,,,,N,Other,101841,fatima.haddad@sampleco.test,102285,LOT-7750,N,100622,Skyler Silva
100272,Event Attendee,110061,rahul.sloan@examplecorp.test,Diego Brooks,2025-03-21 04:55:00,morgan.larsson@demomail.test,Elena Cohen,2026-05-17 22:27:00,jordan.okafor@acme-fake.test,Nina Silva,2025-05-01 16:42:00,,,,N,Gamma,101850,rowan.dorsey@sampleco.test,104472,LOT-3352,N,100681,Yara Garcia
100331,Event Attendee,110064,reese.calder@examplecorp.test,Omar Cohen,2025-03-27 01:51:00,liam.sloan@acme-fake.test,Priya Haddad,2025-07-11 02:41:00,mei.sato@demomail.test,Omar Garcia,2022-11-30 05:06:00,,,,Y,Other,101832,jordan.rossi@demomail.test,102243,LOT-2157,N,100555,Noah Haddad
100037,Event Attendee,110065,arjun.mensah@sampleco.test,Emerson Calder,2026-04-06 03:39:00,avery.costa@acme-fake.test,Jordan Sloan,2024-06-21 12:32:00,omar.rossi@sampleco.test,Taylor Nguyen,2025-08-30 20:02:00,,,,Y,Delta,101786,noah.nguyen@acme-fake.test,102557,REF-8254,Y,100449,Fatima Whitfield
100005,Event Attendee,110066,priya.calder@acme-fake.test,Nina Calder,2023-02-24 22:22:00,elena.ashby@examplecorp.test,Emerson Whitfield,2024-07-13 03:11:00,casey.blake@sampleco.test,Jamie Cohen,2023-10-04 03:59:00,,,,N,Alpha,101825,drew.cohen@sampleco.test,102490,LOT-5453,N,100708,Casey Silva
100746,Event Attendee,110067,liam.calder@examplecorp.test,Skyler Vance,2026-07-11 22:41:00,emerson.costa@demomail.test,Riley Calder,2025-01-04 19:56:00,fatima.mercer@examplecorp.test,Noah Nguyen,2023-11-24 22:46:00,,,,Y,Gamma,101785,yara.rossi@examplecorp.test,103009,TAG-5435,N,100617,Riley Vance
100770,Event Attendee,110068,marco.brooks@sampleco.test,Quinn Sloan,2022-11-07 17:43:00,reese.mercer@acme-fake.test,Chen Kim,2025-02-10 01:04:00,liam.reyes@sampleco.test,Skyler Costa,2024-07-08 19:05:00,,,,Y,Alpha,101818,drew.ivanov@sampleco.test,102726,TAG-6586,N,100122,Jamie Blake
100736,Event Attendee,110071,diego.mercer@acme-fake.test,Diego Cohen,2026-07-11 06:18:00,elena.brooks@examplecorp.test,Arjun Ivanov,2023-06-09 19:14:00,quinn.okafor@demomail.test,Rahul Reyes,2022-10-29 20:45:00,,,,N,Other,101811,jordan.patel@acme-fake.test,102397,TAG-9918,N,100532,Avery Kim
100391,Event Attendee,110073,taylor.sloan@acme-fake.test,Taylor Brooks,2025-01-16 02:05:00,fatima.brooks@acme-fake.test,Elena Reyes,2024-08-19 06:33:00,taylor.cohen@sampleco.test,Aisha Whitfield,2022-12-06 18:22:00,,,,N,Alpha,101838,nina.ivanov@sampleco.test,103815,TAG-8293,N,100705,Sofia Cohen
100359,Event Attendee,110075,taylor.ford@examplecorp.test,Diego Sloan,2024-02-10 09:43:00,omar.brooks@examplecorp.test,Quinn Rossi,2025-08-25 03:28:00,rowan.mensah@sampleco.test,Priya Vance,2024-02-18 18:02:00,,,,Y,Other,101839,rahul.kim@acme-fake.test,103183,SKU-7851,N,100685,Liam Reyes
100579,Event Attendee,110076,jordan.ashby@examplecorp.test,Rahul Kim,2024-08-15 08:01:00,casey.whitfield@demomail.test,Emerson Silva,2025-09-26 00:00:00,arjun.calder@examplecorp.test,Rowan Reyes,2023-09-30 02:25:00,,,,N,Alpha,101854,fatima.kim@acme-fake.test,102890,LOT-5498,N,100532,Rowan Reyes
100376,Event Attendee,110079,liam.kim@demomail.test,Jamie Cohen,2026-02-27 21:40:00,diego.whitfield@sampleco.test,Skyler Vance,2025-02-05 04:26:00,yara.whitfield@sampleco.test,Alex Costa,2026-04-12 07:19:00,,,,Y,Standard,101830,quinn.cohen@sampleco.test,103431,TAG-5857,N,100205,Alex Larsson
100380,Event Attendee,110080,elena.haddad@sampleco.test,Arjun Garcia,2025-11-06 05:39:00,liam.reyes@examplecorp.test,Casey Garcia,2024-03-10 11:08:00,chen.whitfield@acme-fake.test,Noah Blake,2023-04-28 15:11:00,,,,N,Delta,101816,drew.whitfield@sampleco.test,102104,LOT-2790,N,100353,Reese Blake
100664,Event Attendee,110082,rahul.brooks@examplecorp.test,Liam Vance,2026-01-31 15:11:00,arjun.mensah@demomail.test,Aisha Ivanov,2022-11-22 04:02:00,drew.costa@sampleco.test,Rowan Rossi,2025-07-03 16:43:00,,,,N,Delta,101826,noah.garcia@examplecorp.test,102020,REF-1562,N,100353,Arjun Vance
100356,Event Attendee,110083,casey.mercer@examplecorp.test,Liam Calder,2024-08-27 02:52:00,diego.whitfield@examplecorp.test,Drew Whitfield,2024-12-09 16:16:00,mei.haddad@demomail.test,Chen Rossi,2025-04-08 23:26:00,,,,N,Alpha,101859,sofia.nguyen@examplecorp.test,102056,TAG-6308,N,100613,Quinn Sloan
100452,Event Attendee,110084,casey.mercer@acme-fake.test,Priya Sato,2025-08-04 09:56:00,quinn.sloan@demomail.test,Chen Garcia,2022-10-03 11:36:00,yara.calder@acme-fake.test,Jamie Kim,2023-01-12 17:29:00,,,,Y,Alpha,101811,sofia.patel@demomail.test,102004,SKU-8110,N,100178,Mei Cohen
100352,Event Attendee,110087,nina.sato@demomail.test,Sofia Haddad,2023-05-04 04:00:00,jordan.vance@demomail.test,Elena Garcia,2024-02-20 04:16:00,yara.ford@demomail.test,Arjun Ashby,2024-03-15 02:29:00,,,,N,Delta,101863,liam.dorsey@sampleco.test,103314,LOT-6198,Y,100744,Omar Ashby
100496,Event Attendee,110088,sofia.larsson@demomail.test,Jordan Cohen,2024-12-27 05:29:00,chen.ivanov@acme-fake.test,Omar Haddad,2024-07-15 07:46:00,alex.sloan@acme-fake.test,Riley Cohen,2023-10-17 21:57:00,,,,Y,Standard,101871,mei.haddad@examplecorp.test,104013,SKU-4336,N,100729,Rowan Cohen
100295,Event Attendee,110089,nina.blake@examplecorp.test,Noah Haddad,2025-06-18 17:15:00,nina.ivanov@acme-fake.test,Rowan Silva,2024-01-10 06:49:00,marco.haddad@sampleco.test,Arjun Whitfield,2025-06-02 21:54:00,,,,N,Alpha,101826,rahul.reyes@demomail.test,102014,TAG-2497,Y,100571,Liam Okafor
100410,Event Attendee,110090,nina.calder@sampleco.test,Elena Calder,2023-01-15 03:53:00,reese.ford@sampleco.test,Reese Mercer,2023-12-19 14:39:00,rahul.cohen@examplecorp.test,Casey Nguyen,2026-03-21 16:10:00,,,,Y,Delta,101870,yara.sato@demomail.test,103216,LOT-4021,Y,100538,Fatima Reyes
100298,Event Attendee,110093,alex.larsson@acme-fake.test,Emerson Blake,2026-07-11 16:53:00,riley.mercer@acme-fake.test,Taylor Larsson,2025-03-27 05:55:00,chen.brooks@acme-fake.test,Jordan Cohen,2023-11-14 18:15:00,,,,N,Gamma,101827,morgan.nguyen@demomail.test,103868,REF-2806,N,100255,Skyler Sloan
100173,Event Attendee,110096,rowan.ford@sampleco.test,Yara Reyes,2024-11-30 06:12:00,aisha.patel@demomail.test,Emerson Haddad,2024-11-06 01:59:00,drew.patel@examplecorp.test,Quinn Ford,2023-07-18 17:32:00,,,,N,Delta,101867,casey.garcia@acme-fake.test,102646,LOT-7421,Y,100223,Priya Costa
100223,Event Attendee,110099,mei.mercer@examplecorp.test,Yara Dorsey,2025-03-18 16:42:00,reese.haddad@sampleco.test,Noah Haddad,2024-12-27 01:15:00,elena.mensah@sampleco.test,Quinn Reyes,2024-06-18 18:12:00,,,,Y,Standard,101836,nina.nguyen@demomail.test,103798,REF-3987,N,100434,Emerson Nguyen
100161,Event Attendee,110102,riley.dorsey@demomail.test,Diego Rossi,2024-07-16 20:51:00,noah.mensah@demomail.test,Reese Ashby,2024-12-23 01:56:00,fatima.brooks@demomail.test,Chen Reyes,2023-12-04 13:18:00,,,,N,Standard,101857,diego.mercer@examplecorp.test,102829,TAG-8641,N,100652,Yara Brooks
100597,Event Attendee,110105,elena.whitfield@demomail.test,Taylor Sloan,2023-10-25 15:34:00,omar.rossi@demomail.test,Yara Sloan,2024-06-22 11:09:00,elena.calder@demomail.test,Mei Dorsey,2025-10-12 05:35:00,,,,Y,Other,101834,riley.mensah@sampleco.test,103005,SKU-2656,N,100692,Alex Sloan
100624,Event Attendee,110107,yara.mensah@demomail.test,Quinn Haddad,2025-07-06 19:02:00,emerson.patel@examplecorp.test,Nina Mercer,2023-12-16 21:01:00,fatima.larsson@sampleco.test,Riley Patel,2023-07-09 15:52:00,,,,N,Beta,101804,alex.vance@demomail.test,103450,REF-2503,Y,100632,Morgan Haddad
100447,Event Attendee,110108,aisha.nguyen@demomail.test,Aisha Garcia,2026-06-06 18:52:00,yara.ashby@sampleco.test,Skyler Sloan,2023-09-12 07:05:00,avery.ivanov@demomail.test,Jamie Ivanov,2025-01-25 11:14:00,,,,N,Other,101839,emerson.costa@acme-fake.test,104281,SKU-8003,N,100661,Elena Vance
100452,Event Attendee,110110,sofia.silva@examplecorp.test,Elena Blake,2023-12-31 10:21:00,alex.sato@examplecorp.test,Chen Costa,2023-10-08 23:35:00,rahul.reyes@sampleco.test,Rowan Blake,2025-09-23 21:17:00,,,,Y,Standard,101785,chen.costa@acme-fake.test,103720,REF-4145,Y,100334,Elena Nguyen
100290,Event Attendee,110112,liam.sloan@acme-fake.test,Fatima Okafor,2024-01-11 02:13:00,drew.garcia@demomail.test,Sofia Whitfield,2024-12-09 01:40:00,mei.blake@acme-fake.test,Sofia Brooks,2023-06-30 07:07:00,,,,Y,Standard,101830,casey.patel@acme-fake.test,103357,REF-2857,Y,100248,Skyler Ford
100615,Event Attendee,110113,aisha.calder@acme-fake.test,Liam Dorsey,2025-11-21 14:52:00,sofia.mercer@demomail.test,Aisha Costa,2023-02-22 07:52:00,rahul.calder@demomail.test,Emerson Vance,2025-01-30 19:27:00,,,,N,Gamma,101830,noah.vance@acme-fake.test,102147,SKU-6735,Y,100462,Chen Ashby
100223,Event Attendee,110115,avery.sato@sampleco.test,Sofia Mercer,2025-05-13 23:38:00,sofia.garcia@examplecorp.test,Reese Blake,2024-01-05 20:02:00,mei.vance@acme-fake.test,Rowan Okafor,2025-11-10 11:07:00,,,,N,Gamma,101804,liam.cohen@examplecorp.test,102052,LOT-1318,Y,100083,Sofia Calder
100560,Event Attendee,110118,emerson.sloan@sampleco.test,Emerson Sato,2025-06-21 21:29:00,chen.garcia@acme-fake.test,Casey Calder,2024-01-06 06:39:00,priya.dorsey@examplecorp.test,Fatima Kim,2026-02-05 20:18:00,,,,N,Other,101780,taylor.sato@examplecorp.test,103580,TAG-2513,N,100189,Casey Ivanov
100103,Event Attendee,110121,yara.sato@sampleco.test,Emerson Sloan,2025-04-27 03:55:00,jordan.ford@acme-fake.test,Omar Patel,2023-07-27 20:16:00,jordan.whitfield@sampleco.test,Diego Vance,2025-03-05 06:49:00,,,,Y,Delta,101780,quinn.kim@examplecorp.test,103668,LOT-6819,Y,100305,Drew Reyes
100622,Event Attendee,110123,liam.okafor@demomail.test,Sofia Silva,2025-10-27 12:43:00,nina.ivanov@sampleco.test,Marco Brooks,2023-03-09 04:44:00,rowan.mensah@demomail.test,Taylor Calder,2026-02-22 18:18:00,,,,Y,Other,101805,riley.ivanov@acme-fake.test,102264,SKU-2713,N,100798,Casey Ashby
100115,Event Attendee,110125,reese.sato@sampleco.test,Arjun Whitfield,2025-06-18 17:04:00,alex.okafor@demomail.test,Avery Cohen,2024-04-28 00:36:00,arjun.costa@examplecorp.test,Aisha Rossi,2026-07-11 22:59:00,,,,N,Delta,101870,priya.calder@examplecorp.test,102911,TAG-3023,N,100380,Jordan Rossi
100282,Event Attendee,110126,yara.ford@examplecorp.test,Chen Garcia,2026-02-22 21:57:00,skyler.kim@sampleco.test,Nina Silva,2023-12-24 01:28:00,elena.mensah@demomail.test,Fatima Larsson,2023-10-24 21:56:00,,,,N,Delta,101846,sofia.ivanov@demomail.test,103263,TAG-4332,N,100134,Alex Dorsey
100720,Event Attendee,110128,reese.costa@acme-fake.test,Mei Blake,2024-10-03 09:24:00,aisha.brooks@sampleco.test,Noah Larsson,2022-10-22 21:49:00,rowan.garcia@sampleco.test,Elena Mercer,2024-12-07 13:00:00,,,,N,Delta,101859,alex.costa@sampleco.test,102011,SKU-6422,N,100331,Skyler Vance
100148,Event Attendee,110131,marco.okafor@demomail.test,Morgan Cohen,2023-10-02 00:58:00,jordan.patel@demomail.test,Jordan Patel,2023-03-09 14:53:00,priya.mercer@acme-fake.test,Emerson Sato,2023-05-29 21:10:00,,,,Y,Alpha,101814,avery.dorsey@demomail.test,101976,REF-2823,N,100437,Fatima Ashby
100395,Event Attendee,110133,morgan.larsson@demomail.test,Omar Kim,2024-07-01 22:29:00,skyler.brooks@sampleco.test,Rahul Mercer,2025-04-27 04:27:00,skyler.larsson@examplecorp.test,Elena Costa,2022-11-02 12:22:00,,,,Y,Delta,101876,chen.ashby@examplecorp.test,104050,LOT-3670,N,100667,Morgan Blake
100238,Event Attendee,110134,mei.dorsey@sampleco.test,Casey Reyes,2026-06-17 12:11:00,casey.patel@acme-fake.test,Morgan Ashby,2026-06-10 05:03:00,alex.blake@acme-fake.test,Rowan Garcia,2023-04-20 10:41:00,,,,N,Beta,101832,alex.costa@acme-fake.test,102224,SKU-9136,N,100565,Jordan Ford
100200,Event Attendee,110137,nina.dorsey@demomail.test,Liam Ford,2025-11-26 19:02:00,priya.ford@examplecorp.test,Alex Whitfield,2025-10-28 02:00:00,jamie.dorsey@examplecorp.test,Skyler Dorsey,2025-05-12 12:39:00,,,,Y,Alpha,101838,liam.dorsey@sampleco.test,102670,TAG-3161,N,100086,Aisha Patel
100180,Event Attendee,110139,yara.whitfield@demomail.test,Sofia Dorsey,2023-09-28 02:10:00,nina.rossi@demomail.test,Jordan Ashby,2025-01-28 17:17:00,chen.garcia@examplecorp.test,Arjun Mensah,2024-01-04 22:36:00,,,,Y,Standard,101788,priya.calder@sampleco.test,102902,LOT-2357,Y,100527,Reese Reyes
100690,Event Attendee,110141,omar.larsson@examplecorp.test,Casey Cohen,2022-10-27 13:43:00,liam.haddad@demomail.test,Morgan Haddad,2024-08-25 12:38:00,avery.kim@sampleco.test,Omar Ford,2025-04-19 02:18:00,,,,N,Alpha,101863,elena.patel@demomail.test,104775,SKU-6334,N,100122,Quinn Sato
100128,Event Attendee,110144,taylor.larsson@acme-fake.test,Diego Patel,2023-04-30 00:12:00,nina.reyes@sampleco.test,Emerson Mensah,2023-09-16 09:15:00,omar.costa@sampleco.test,Avery Rossi,2024-05-27 02:24:00,,,,N,Delta,101866,casey.whitfield@acme-fake.test,103992,REF-1357,Y,100622,Casey Reyes
100031,Event Attendee,110147,jordan.haddad@sampleco.test,Rahul Mensah,2022-12-14 01:45:00,reese.sloan@examplecorp.test,Yara Nguyen,2023-07-13 11:42:00,drew.mercer@examplecorp.test,Arjun Garcia,2023-04-26 12:11:00,,,,Y,Delta,101832,arjun.sato@examplecorp.test,104200,LOT-7885,N,100603,Priya Larsson
100069,Event Attendee,110149,jamie.ashby@sampleco.test,Diego Ford,2024-09-24 02:00:00,noah.rossi@sampleco.test,Yara Haddad,2025-02-16 16:32:00,liam.nguyen@demomail.test,Jamie Garcia,2024-01-16 15:49:00,,,,N,Delta,101796,riley.nguyen@demomail.test,102843,REF-8663,Y,100388,Casey Reyes
100582,Event Attendee,110151,reese.okafor@sampleco.test,Quinn Dorsey,2024-02-10 12:19:00,aisha.mercer@demomail.test,Omar Sloan,2025-05-19 23:15:00,omar.sato@examplecorp.test,Omar Silva,2024-08-25 05:30:00,,,,Y,Delta,101818,diego.sato@examplecorp.test,103914,SKU-5061,N,100344,Casey Sloan
100622,Event Attendee,110152,emerson.sato@examplecorp.test,Omar Mensah,2026-05-26 13:28:00,jordan.reyes@acme-fake.test,Alex Mercer,2023-06-26 02:31:00,alex.rossi@demomail.test,Morgan Ashby,2024-11-22 08:50:00,,,,Y,Standard,101879,morgan.silva@sampleco.test,104243,REF-7961,N,100340,Omar Larsson
100494,Event Attendee,110153,jamie.costa@acme-fake.test,Chen Ashby,2023-02-01 07:35:00,aisha.ford@examplecorp.test,Liam Larsson,2026-03-12 04:11:00,alex.calder@examplecorp.test,Jamie Rossi,2025-03-14 17:02:00,,,,N,Alpha,101867,avery.garcia@acme-fake.test,102856,TAG-7586,N,100702,Reese Ashby
100136,Event Attendee,110155,alex.sato@sampleco.test,Nina Mercer,2024-04-26 13:25:00,drew.reyes@examplecorp.test,Skyler Ford,2024-02-02 17:49:00,aisha.mensah@sampleco.test,Rowan Sato,2025-02-18 13:17:00,,,,N,Other,101821,rahul.costa@acme-fake.test,102079,TAG-5444,N,100176,Omar Mensah
100122,Event Attendee,110156,sofia.blake@demomail.test,Fatima Ivanov,2024-03-21 07:05:00,casey.mensah@acme-fake.test,Nina Rossi,2026-07-15 08:03:00,liam.sato@examplecorp.test,Emerson Kim,2025-01-25 05:46:00,,,,Y,Beta,101871,alex.calder@sampleco.test,101967,TAG-2344,N,100786,Casey Rossi
100339,Event Attendee,110157,reese.okafor@demomail.test,Riley Silva,2025-10-26 03:44:00,rahul.brooks@demomail.test,Skyler Costa,2024-04-13 17:52:00,jamie.ford@sampleco.test,Fatima Blake,2024-04-24 20:34:00,,,,N,Delta,101783,sofia.larsson@sampleco.test,102043,TAG-4036,Y,100331,Diego Okafor
100243,Event Attendee,110159,chen.vance@sampleco.test,Avery Reyes,2026-04-08 02:39:00,aisha.ashby@acme-fake.test,Quinn Haddad,2024-02-26 04:32:00,alex.ivanov@examplecorp.test,Sofia Calder,2023-10-23 04:44:00,,,,N,Alpha,101871,priya.silva@sampleco.test,104438,REF-6822,N,100551,Rahul Whitfield
100034,Event Attendee,110162,riley.cohen@acme-fake.test,Avery Mercer,2022-11-07 10:06:00,fatima.mensah@sampleco.test,Rowan Patel,2026-01-25 12:59:00,sofia.blake@sampleco.test,Reese Sato,2025-07-07 13:26:00,,,,N,Delta,101867,nina.nguyen@acme-fake.test,104747,LOT-9124,Y,100616,Skyler Dorsey
100216,Event Attendee,110165,chen.ivanov@acme-fake.test,Aisha Costa,2023-11-10 05:53:00,priya.dorsey@examplecorp.test,Diego Sloan,2025-02-13 06:18:00,riley.dorsey@demomail.test,Marco Kim,2025-11-15 22:46:00,,,,N,Gamma,101837,morgan.sato@acme-fake.test,104732,REF-7886,N,100336,Taylor Mercer
100429,Event Attendee,110168,liam.blake@examplecorp.test,Jamie Rossi,2023-03-18 08:39:00,quinn.costa@sampleco.test,Jordan Garcia,2024-12-15 21:18:00,rowan.silva@sampleco.test,Marco Ashby,2024-12-30 08:48:00,,,,N,Beta,101867,avery.silva@sampleco.test,104819,LOT-7244,Y,100497,Yara Sloan
100579,Event Attendee,110171,priya.mensah@examplecorp.test,Jordan Blake,2023-10-07 18:34:00,emerson.okafor@examplecorp.test,Jordan Ashby,2023-06-01 10:32:00,jordan.nguyen@sampleco.test,Noah Ashby,2022-11-05 06:21:00,,,,N,Alpha,101818,elena.costa@acme-fake.test,103059,TAG-9406,Y,100223,Arjun Okafor
100530,Event Attendee,110172,arjun.cohen@examplecorp.test,Arjun Blake,2025-07-28 06:44:00,quinn.okafor@acme-fake.test,Liam Sloan,2024-03-19 23:30:00,omar.reyes@sampleco.test,Mei Vance,2025-01-07 02:37:00,,,,N,Beta,101834,reese.costa@sampleco.test,102784,LOT-7659,N,100642,Mei Nguyen
100481,Event Attendee,110173,aisha.nguyen@examplecorp.test,Mei Mensah,2024-06-21 10:50:00,elena.sato@acme-fake.test,Yara Calder,2026-04-30 03:53:00,rahul.garcia@examplecorp.test,Jordan Mensah,2024-03-21 20:19:00,,,,Y,Other,101803,chen.kim@acme-fake.test,104551,LOT-5961,N,100679,Marco Kim
100236,Event Attendee,110176,jamie.patel@sampleco.test,Alex Reyes,2023-08-09 22:42:00,jordan.silva@examplecorp.test,Emerson Sloan,2024-08-21 22:07:00,quinn.silva@demomail.test,Avery Patel,2025-03-01 22:57:00,,,,N,Other,101804,quinn.garcia@sampleco.test,104665,LOT-5558,Y,100295,Noah Ashby
100500,Event Attendee,110177,arjun.okafor@demomail.test,Diego Brooks,2024-06-05 13:11:00,rahul.ford@demomail.test,Noah Nguyen,2024-09-13 10:17:00,noah.garcia@acme-fake.test,Diego Kim,2024-03-26 14:35:00,,,,N,Standard,101839,noah.reyes@examplecorp.test,102514,REF-7015,Y,100546,Alex Mercer
100723,Event Attendee,110178,casey.brooks@demomail.test,Liam Larsson,2024-03-14 13:44:00,casey.kim@acme-fake.test,Liam Reyes,2025-10-03 01:30:00,quinn.nguyen@examplecorp.test,Rowan Vance,2026-04-22 05:52:00,,,,N,Alpha,101851,casey.blake@acme-fake.test,102542,LOT-8144,Y,100374,Morgan Kim
100699,Event Attendee,110179,riley.dorsey@sampleco.test,Sofia Haddad,2023-12-19 01:47:00,liam.reyes@acme-fake.test,Avery Larsson,2024-11-14 03:27:00,marco.okafor@demomail.test,Liam Dorsey,2026-06-05 06:51:00,,,,N,Other,101873,rowan.vance@sampleco.test,104624,REF-6780,Y,100664,Reese Brooks
100565,Event Attendee,110180,skyler.ashby@demomail.test,Liam Sato,2026-02-09 06:40:00,rahul.costa@demomail.test,Alex Calder,2024-02-20 11:42:00,aisha.silva@sampleco.test,Arjun Whitfield,2023-03-19 18:47:00,,,,Y,Delta,101837,fatima.calder@acme-fake.test,104279,LOT-6308,N,100267,Diego Okafor
100393,Event Attendee,110183,morgan.larsson@sampleco.test,Yara Reyes,2026-04-02 01:43:00,rowan.patel@sampleco.test,Morgan Vance,2023-01-07 07:59:00,nina.cohen@sampleco.test,Noah Garcia,2023-05-14 14:53:00,,,,Y,Delta,101814,priya.larsson@sampleco.test,104534,TAG-9482,Y,100645,Sofia Ashby
100111,Event Attendee,110184,rahul.garcia@examplecorp.test,Yara Larsson,2024-11-06 23:44:00,jordan.dorsey@examplecorp.test,Yara Rossi,2025-10-31 06:28:00,elena.reyes@sampleco.test,Diego Reyes,2023-03-14 02:29:00,,,,Y,Alpha,101822,rahul.kim@examplecorp.test,103437,REF-2900,Y,100107,Chen Cohen
100031,Event Attendee,110187,skyler.mensah@sampleco.test,Rowan Rossi,2023-03-10 09:48:00,rowan.calder@examplecorp.test,Elena Ivanov,2025-07-18 15:13:00,drew.brooks@sampleco.test,Noah Ashby,2023-06-21 09:23:00,,,,Y,Delta,101851,taylor.calder@examplecorp.test,104303,LOT-9347,N,100215,Jordan Vance
100574,Event Attendee,110190,yara.haddad@examplecorp.test,Taylor Kim,2024-10-21 12:52:00,nina.costa@demomail.test,Liam Okafor,2024-11-10 14:08:00,jamie.ashby@demomail.test,Jordan Vance,2023-12-12 22:37:00,,,,Y,Gamma,101837,mei.okafor@examplecorp.test,102379,TAG-8369,Y,100469,Yara Whitfield
100786,Event Attendee,110193,reese.blake@demomail.test,Chen Brooks,2024-02-03 00:08:00,quinn.reyes@demomail.test,Liam Calder,2025-08-25 21:02:00,riley.haddad@demomail.test,Fatima Calder,2024-03-06 05:31:00,,,,Y,Alpha,101804,rowan.sloan@sampleco.test,102429,TAG-8681,N,100526,Morgan Ford
100692,Event Attendee,110194,avery.mercer@acme-fake.test,Noah Vance,2024-05-24 00:52:00,priya.ivanov@sampleco.test,Reese Silva,2026-02-06 23:25:00,rahul.ivanov@demomail.test,Chen Ashby,2025-09-12 21:32:00,,,,Y,Other,101816,reese.ford@sampleco.test,104563,TAG-7219,N,100234,Elena Blake
100569,Event Attendee,110196,rahul.haddad@sampleco.test,Reese Mensah,2024-03-14 00:23:00,liam.brooks@acme-fake.test,Mei Okafor,2026-04-26 07:28:00,taylor.costa@sampleco.test,Marco Mensah,2023-11-09 19:27:00,,,,N,Alpha,101870,rahul.ivanov@sampleco.test,102884,TAG-2070,N,100760,Emerson Garcia
100432,Event Attendee,110197,arjun.sato@demomail.test,Jordan Sloan,2023-04-12 18:34:00,elena.rossi@examplecorp.test,Jordan Sato,2024-02-14 17:55:00,morgan.larsson@demomail.test,Omar Brooks,2025-09-28 02:22:00,,,,Y,Delta,101786,fatima.mensah@demomail.test,104532,SKU-2276,Y,100115,Emerson Ivanov
100356,Event Attendee,110198,omar.larsson@acme-fake.test,Drew Cohen,2023-02-27 17:19:00,reese.reyes@demomail.test,Quinn Blake,2023-11-12 12:18:00,drew.garcia@acme-fake.test,Elena Cohen,2024-09-04 19:31:00,,,,N,Alpha,101867,reese.dorsey@examplecorp.test,102149,REF-8799,N,100649,Alex Whitfield
100005,Event Attendee,110201,avery.okafor@examplecorp.test,Rahul Ashby,2024-07-22 12:57:00,diego.ford@acme-fake.test,Aisha Silva,2024-10-11 20:07:00,riley.haddad@demomail.test,Emerson Ivanov,2025-10-23 13:50:00,,,,N,Standard,101854,mei.blake@sampleco.test,102645,SKU-8490,N,100410,Skyler Mensah
100015,Event Attendee,110203,drew.costa@sampleco.test,Arjun Calder,2024-10-03 23:08:00,sofia.ashby@examplecorp.test,Mei Okafor,2026-06-25 01:31:00,reese.rossi@demomail.test,Omar Haddad,2025-01-24 18:28:00,,,,N,Standard,101849,skyler.patel@sampleco.test,102829,REF-3340,Y,100574,Rowan Costa
100009,Event Attendee,110205,arjun.sloan@sampleco.test,Reese Reyes,2024-01-21 18:56:00,riley.rossi@sampleco.test,Marco Larsson,2024-09-29 20:02:00,chen.haddad@examplecorp.test,Arjun Nguyen,2025-07-18 22:58:00,,,,N,Delta,101825,reese.okafor@acme-fake.test,103910,REF-2298,N,100548,Omar Patel
100242,Event Attendee,110208,morgan.mensah@sampleco.test,Marco Kim,2024-02-15 11:18:00,drew.larsson@demomail.test,Riley Blake,2025-11-22 13:57:00,yara.rossi@examplecorp.test,Nina Costa,2023-01-11 17:45:00,,,,Y,Other,101859,fatima.brooks@examplecorp.test,103889,SKU-7224,Y,100388,Alex Cohen
100333,Event Attendee,110209,sofia.sato@sampleco.test,Drew Reyes,2025-08-07 06:22:00,taylor.whitfield@examplecorp.test,Jamie Sloan,2026-02-01 13:53:00,mei.brooks@acme-fake.test,Drew Garcia,2023-02-03 09:02:00,,,,N,Standard,101862,omar.dorsey@sampleco.test,104206,REF-6420,Y,100066,Skyler Costa
100749,Event Attendee,110210,omar.ashby@acme-fake.test,Priya Okafor,2024-02-26 22:06:00,aisha.larsson@acme-fake.test,Mei Calder,2025-11-23 14:15:00,quinn.sato@acme-fake.test,Marco Reyes,2025-11-28 16:34:00,,,,Y,Alpha,101795,yara.reyes@examplecorp.test,102920,REF-9555,Y,100729,Reese Brooks
100765,Event Attendee,110213,jamie.patel@acme-fake.test,Emerson Costa,2024-06-01 07:32:00,rahul.rossi@demomail.test,Elena Rossi,2024-02-03 17:50:00,riley.kim@demomail.test,Marco Calder,2025-10-30 13:00:00,,,,N,Gamma,101871,jamie.ashby@demomail.test,103633,SKU-3353,N,100530,Casey Nguyen
100368,Event Attendee,110215,sofia.sloan@sampleco.test,Nina Silva,2024-04-01 23:44:00,chen.cohen@sampleco.test,Taylor Kim,2022-11-03 13:06:00,arjun.sato@examplecorp.test,Riley Mercer,2026-04-12 19:50:00,,,,Y,Alpha,101827,quinn.cohen@demomail.test,102633,LOT-6811,Y,100141,Fatima Larsson
100596,Event Attendee,110216,avery.costa@sampleco.test,Fatima Nguyen,2023-05-27 19:15:00,avery.garcia@sampleco.test,Reese Ashby,2022-11-14 19:36:00,elena.dorsey@acme-fake.test,Skyler Garcia,2025-10-24 02:11:00,,,,N,Other,101818,morgan.reyes@examplecorp.test,102594,TAG-6202,Y,100042,Omar Garcia
100386,Event Attendee,110219,fatima.haddad@sampleco.test,Jordan Sloan,2023-10-06 00:33:00,taylor.brooks@examplecorp.test,Liam Costa,2024-03-25 05:07:00,yara.garcia@demomail.test,Alex Sloan,2024-05-25 23:26:00,,,,N,Alpha,101871,omar.dorsey@examplecorp.test,103345,SKU-5945,N,100548,Nina Reyes
100641,Event Attendee,110220,yara.blake@sampleco.test,Jamie Mensah,2023-07-06 13:30:00,sofia.okafor@acme-fake.test,Nina Ivanov,2022-11-17 16:57:00,avery.costa@sampleco.test,Riley Kim,2023-02-12 19:40:00,,,,Y,Standard,101803,aisha.nguyen@acme-fake.test,102657,REF-9326,N,100189,Reese Silva
100598,Event Attendee,110223,jordan.vance@acme-fake.test,Avery Calder,2025-06-02 11:53:00,drew.cohen@sampleco.test,Quinn Patel,2025-11-01 19:25:00,riley.nguyen@examplecorp.test,Avery Rossi,2023-05-14 20:33:00,,,,N,Alpha,101825,arjun.kim@examplecorp.test,102478,LOT-3044,Y,100642,Avery Ivanov
100503,Event Attendee,110224,chen.larsson@sampleco.test,Riley Blake,2024-05-25 20:45:00,elena.ford@examplecorp.test,Avery Nguyen,2026-05-25 18:57:00,jordan.kim@acme-fake.test,Aisha Kim,2026-04-04 06:13:00,,,,N,Gamma,101790,alex.vance@acme-fake.test,103563,SKU-2726,N,100420,Drew Sato
100803,Event Attendee,110225,alex.dorsey@acme-fake.test,Mei Brooks,2024-02-05 22:01:00,quinn.sloan@demomail.test,Marco Dorsey,2023-04-20 21:19:00,jamie.garcia@demomail.test,Diego Brooks,2024-07-16 21:53:00,,,,N,Delta,101851,priya.larsson@sampleco.test,102636,SKU-6364,Y,100447,Aisha Mercer
100134,Event Attendee,110226,mei.calder@acme-fake.test,Omar Whitfield,2026-01-03 23:53:00,priya.costa@sampleco.test,Emerson Kim,2023-11-17 08:28:00,nina.costa@demomail.test,Mei Okafor,2026-04-26 20:35:00,,,,Y,Gamma,101805,marco.calder@demomail.test,104206,LOT-1342,Y,100497,Mei Cohen
100262,Event Attendee,110229,yara.patel@demomail.test,Liam Brooks,2022-12-16 11:55:00,sofia.brooks@examplecorp.test,Emerson Kim,2025-07-18 20:40:00,noah.ivanov@examplecorp.test,Reese Mercer,2026-02-24 08:12:00,,,,N,Standard,101849,jamie.vance@acme-fake.test,104438,LOT-1189,Y,100763,Skyler Mensah
100288,Event Attendee,110231,sofia.calder@examplecorp.test,Drew Okafor,2026-02-03 19:00:00,noah.ashby@acme-fake.test,Emerson Silva,2023-02-15 18:45:00,elena.kim@examplecorp.test,Arjun Sato,2025-06-09 12:06:00,,,,Y,Standard,101857,avery.mensah@sampleco.test,104163,LOT-6284,Y,100272,Liam Blake
100388,Event Attendee,110234,chen.patel@acme-fake.test,Nina Rossi,2026-03-07 10:52:00,drew.brooks@acme-fake.test,Morgan Calder,2023-01-03 14:26:00,fatima.vance@demomail.test,Omar Cohen,2023-03-20 14:17:00,,,,Y,Beta,101866,aisha.patel@acme-fake.test,103793,TAG-9195,Y,100220,Marco Sloan
100765,Event Attendee,110236,priya.calder@acme-fake.test,Diego Sloan,2022-12-22 18:10:00,casey.mercer@examplecorp.test,Reese Mensah,2025-11-03 07:09:00,morgan.sato@sampleco.test,Drew Larsson,2023-06-13 00:46:00,,,,Y,Gamma,101821,morgan.haddad@acme-fake.test,103132,REF-3851,Y,100777,Elena Silva
100699,Event Attendee,110239,aisha.mercer@demomail.test,Alex Mensah,2022-12-26 23:10:00,liam.calder@examplecorp.test,Avery Silva,2022-11-22 10:07:00,jordan.vance@examplecorp.test,Rowan Haddad,2026-02-25 08:16:00,,,,N,Standard,101785,jordan.reyes@acme-fake.test,102640,TAG-5585,N,100684,Riley Brooks
100788,Event Attendee,110242,jordan.calder@acme-fake.test,Elena Brooks,2023-04-28 19:11:00,avery.mensah@demomail.test,Liam Costa,2024-12-19 09:42:00,chen.sato@demomail.test,Elena Patel,2023-03-30 20:00:00,,,,N,Delta,101873,skyler.vance@acme-fake.test,102944,REF-9739,Y,100322,Quinn Dorsey
100474,Event Attendee,110244,alex.ford@acme-fake.test,Taylor Blake,2023-11-10 22:39:00,riley.vance@demomail.test,Marco Garcia,2024-03-19 11:05:00,liam.garcia@demomail.test,Omar Rossi,2023-02-19 07:54:00,,,,N,Beta,101816,sofia.patel@sampleco.test,103134,LOT-2537,Y,100389,Jamie Dorsey
100408,Event Attendee,110245,skyler.sato@acme-fake.test,Jamie Mercer,2024-09-28 18:12:00,diego.patel@acme-fake.test,Elena Kim,2025-11-17 05:47:00,priya.whitfield@sampleco.test,Riley Ivanov,2026-05-13 16:28:00,,,,N,Standard,101805,jordan.rossi@sampleco.test,103528,SKU-4652,N,100156,Elena Reyes
100208,Event Attendee,110248,liam.ford@demomail.test,Skyler Mercer,2025-11-15 05:18:00,riley.cohen@examplecorp.test,Liam Blake,2022-11-13 03:28:00,taylor.cohen@sampleco.test,Yara Sloan,2022-11-05 16:04:00,,,,Y,Beta,101839,quinn.sato@acme-fake.test,102432,SKU-6046,Y,100729,Jordan Rossi
100073,Event Attendee,110249,casey.reyes@demomail.test,Rowan Mensah,2025-02-27 08:14:00,nina.costa@demomail.test,Taylor Garcia,2026-04-29 13:21:00,taylor.blake@demomail.test,Liam Kim,2026-03-24 06:26:00,,,,Y,Delta,101843,yara.haddad@sampleco.test,102666,REF-2280,N,100336,Priya Ashby
100741,Event Attendee,110250,liam.sato@acme-fake.test,Taylor Ashby,2025-12-20 18:12:00,morgan.cohen@sampleco.test,Alex Whitfield,2024-07-20 08:55:00,skyler.sato@sampleco.test,Morgan Vance,2026-03-29 10:47:00,,,,N,Beta,101816,noah.calder@sampleco.test,103769,REF-2604,Y,100452,Taylor Patel
100579,Event Attendee,110251,riley.whitfield@examplecorp.test,Noah Patel,2025-02-10 06:54:00,marco.sato@acme-fake.test,Jordan Rossi,2023-11-14 05:45:00,yara.sloan@demomail.test,Jamie Sloan,2023-04-25 14:04:00,,,,Y,Gamma,101793,jordan.mercer@acme-fake.test,102469,REF-1859,Y,100449,Morgan Brooks
100267,Event Attendee,110254,rowan.okafor@sampleco.test,Diego Silva,2024-02-18 17:21:00,rahul.dorsey@sampleco.test,Diego Sloan,2025-05-06 17:32:00,noah.sato@acme-fake.test,Arjun Nguyen,2025-03-24 14:42:00,,,,Y,Alpha,101838,rahul.whitfield@sampleco.test,103157,SKU-7071,Y,100767,Liam Ashby
100259,Event Attendee,110257,morgan.nguyen@examplecorp.test,Nina Brooks,2026-02-13 02:01:00,elena.garcia@sampleco.test,Mei Kim,2026-07-22 01:11:00,riley.kim@sampleco.test,Marco Nguyen,2023-09-06 10:07:00,,,,Y,Delta,101851,quinn.sloan@sampleco.test,103833,SKU-4484,N,100413,Liam Mensah
