Entity_Type_ID,Entity_Type_Name,Entity_ID,Owned_by_SAM,Owned_by_Display_Name,Own_Datetime,Created_by_SAM,Created_by_Display_Name,Created_Datetime,Modified_by_Sam,Modified_by_Display_Name,Modified_Datetime,Assigned_to_Sam,Assigned_to_Display_Name,Assign_Datetime,Is_Active,JOB_NAME,CUSTOMER_NAME,CUSTOMER_NAME_EXD_OBJECT_ID,CUSTOMER_DEPARTMENT,CUSTOMER_DEPARTMENT_EXD_OBJECT_ID,JOB_DESCRIPTION,ACTIVE,RELAY_DEPARTMENT,RELAY_DEPARTMENT_EXD_OBJECT_ID,JOB,OPPORTUNITY,OPPORTUNITY_EXD_OBJECT_ID,DISPLAY_NAME
100386,Job,108009,skyler.cohen@sampleco.test,Elena Ivanov,2026-02-23 17:16:00,arjun.silva@examplecorp.test,Aisha Ford,2023-02-09 21:06:00,taylor.costa@demomail.test,Noah Silva,2024-02-03 21:59:00,,,,Y,Reese Nguyen,Jordan Silva,100353,Alpha,100494,Resolved the outstanding question about scope.,Y,,100034,LOT-8510,,106004,Elena Brooks
100539,Job,108012,arjun.garcia@demomail.test,Yara Mercer,2023-11-05 15:31:00,liam.ford@examplecorp.test,Emerson Garcia,2024-08-01 21:12:00,jamie.costa@sampleco.test,Chen Ford,2023-02-15 03:08:00,,,,Y,Fatima Sloan,Casey Vance,100788,Gamma,100243,,Y,,100415,SKU-8043,,106124,Jamie Sato
100796,Job,108015,emerson.whitfield@demomail.test,Reese Whitfield,2023-03-23 07:18:00,mei.okafor@examplecorp.test,Avery Costa,2023-04-03 01:41:00,riley.nguyen@sampleco.test,Skyler Ivanov,2024-07-03 12:04:00,,,,Y,Reese Silva,Skyler Haddad,100750,Delta,100359,,Y,,,SKU-3279,,105980,Omar Reyes
100023,Job,108018,sofia.garcia@sampleco.test,Rowan Blake,2024-11-16 04:04:00,reese.whitfield@acme-fake.test,Casey Ivanov,2025-11-14 05:10:00,noah.nguyen@acme-fake.test,Morgan Mercer,2023-10-01 14:40:00,,,,Y,Riley Vance,Arjun Dorsey,100560,Beta,100658,Noted a concern to revisit at the next sync.,Y,,100405,SKU-5219,,105629,Chen Ivanov
100120,Job,108019,emerson.larsson@acme-fake.test,Priya Mensah,2024-04-20 13:36:00,taylor.ivanov@demomail.test,Skyler Calder,2022-11-25 18:42:00,fatima.brooks@sampleco.test,Reese Dorsey,2025-05-05 19:09:00,,,,N,Rahul Rossi,Yara Sato,100720,Gamma,100410,Reviewed performance and gathered feedback.,Y,,,SKU-4809,,105418,Arjun Okafor
100641,Job,108020,alex.whitfield@acme-fake.test,Reese Costa,2025-07-05 03:58:00,drew.okafor@examplecorp.test,Alex Ivanov,2024-09-22 04:29:00,noah.sloan@demomail.test,Elena Larsson,2023-09-01 19:33:00,,,,N,Alex Larsson,Jamie Haddad,100627,Gamma,100184,,N,,,SKU-5109,,105249,Noah Reyes
100363,Job,108023,mei.mercer@acme-fake.test,Morgan Sato,2023-07-29 10:12:00,priya.cohen@demomail.test,Reese Calder,2024-10-19 10:14:00,emerson.mensah@examplecorp.test,Omar Blake,2023-02-04 21:30:00,,,,Y,Liam Sloan,Alex Cohen,100774,Alpha,100565,,Y,,,REF-9502,,106286,Emerson Sato
100535,Job,108026,nina.ivanov@demomail.test,Avery Cohen,2023-08-09 09:44:00,marco.ford@sampleco.test,Skyler Nguyen,2024-03-19 13:15:00,morgan.cohen@acme-fake.test,Fatima Okafor,2026-03-05 10:08:00,,,,N,Reese Costa,Jamie Okafor,100624,Beta,100485,,Y,,100729,SKU-8968,,106059,Casey Rossi
100217,Job,108027,taylor.rossi@examplecorp.test,Liam Ivanov,2023-05-18 13:30:00,chen.larsson@acme-fake.test,Marco Blake,2023-10-03 23:57:00,priya.costa@examplecorp.test,Aisha Ford,2023-07-22 20:33:00,,,,Y,Aisha Cohen,Jamie Ashby,100429,Gamma,100742,,N,,100735,REF-4940,,,Mei Haddad
100641,Job,108030,nina.vance@demomail.test,Reese Sato,2024-01-18 16:56:00,omar.okafor@sampleco.test,Alex Haddad,2025-11-26 08:58:00,rahul.okafor@acme-fake.test,Riley Whitfield,2025-02-22 18:32:00,,,,N,Alex Sloan,Rahul Vance,100012,Alpha,100259,,N,,100344,REF-6404,,,Elena Costa
100646,Job,108031,elena.mensah@examplecorp.test,Chen Calder,2025-02-08 01:46:00,riley.patel@demomail.test,Riley Okafor,2023-03-17 18:27:00,jordan.haddad@sampleco.test,Fatima Ivanov,2026-03-30 12:24:00,,,,N,Liam Brooks,Arjun Whitfield,100688,Standard,100241,,N,,100172,REF-3450,,,Skyler Haddad
100129,Job,108034,alex.silva@examplecorp.test,Reese Brooks,2023-10-31 18:53:00,marco.mensah@sampleco.test,Sofia Costa,2022-10-31 18:48:00,liam.larsson@examplecorp.test,Avery Okafor,2025-07-30 18:07:00,,,,Y,Reese Kim,Arjun Sloan,100389,Gamma,100251,,N,,100023,REF-6932,,105936,Quinn Sloan
100156,Job,108035,aisha.brooks@demomail.test,Liam Calder,2023-06-22 15:59:00,nina.nguyen@sampleco.test,Reese Ford,2025-05-09 14:43:00,jordan.patel@sampleco.test,Mei Kim,2025-08-19 08:32:00,,,,Y,Jamie Mensah,Skyler Ivanov,100445,Gamma,100474,,N,,,LOT-8780,,105591,Jamie Mensah
100579,Job,108038,rahul.costa@examplecorp.test,Priya Ivanov,2025-06-12 18:01:00,reese.okafor@demomail.test,Jordan Ford,2023-11-10 11:00:00,reese.haddad@acme-fake.test,Skyler Ashby,2026-03-11 12:10:00,,,,N,Fatima Garcia,Marco Cohen,100780,Delta,100760,,N,,100690,TAG-9295,,,Priya Mercer
100363,Job,108040,omar.patel@acme-fake.test,Nina Silva,2025-11-25 15:22:00,jamie.okafor@sampleco.test,Priya Calder,2023-08-11 14:59:00,arjun.okafor@examplecorp.test,Chen Ashby,2023-07-05 09:12:00,,,,Y,Mei Reyes,Aisha Reyes,100688,Beta,100770,Followed up on the open items from last week.,Y,,100322,REF-2236,,,Priya Rossi
100383,Job,108042,diego.nguyen@acme-fake.test,Liam Mercer,2022-10-08 00:31:00,alex.mensah@demomail.test,Noah Ivanov,2024-05-11 09:54:00,skyler.haddad@acme-fake.test,Taylor Larsson,2023-04-16 06:33:00,,,,Y,Elena Sloan,Skyler Mercer,100437,Other,100026,Scheduled a check-in for the coming month.,Y,,100371,TAG-2680,,,Alex Silva
100760,Job,108045,yara.patel@acme-fake.test,Sofia Sloan,2023-11-11 20:53:00,elena.silva@sampleco.test,Mei Calder,2023-11-01 16:23:00,jordan.haddad@sampleco.test,Alex Sato,2026-01-15 15:55:00,,,,N,Mei Sato,Fatima Ashby,100798,Beta,100169,Reviewed performance and gathered feedback.,N,,100482,REF-3963,,106094,Elena Rossi
100454,Job,108047,riley.dorsey@acme-fake.test,Rahul Garcia,2025-03-22 19:29:00,aisha.larsson@sampleco.test,Riley Cohen,2024-12-13 22:29:00,sofia.whitfield@demomail.test,Casey Ivanov,2025-10-02 04:56:00,,,,Y,Taylor Cohen,Aisha Sato,100182,Delta,100796,,N,,100789,LOT-7155,,105782,Chen Mercer
100782,Job,108048,skyler.calder@acme-fake.test,Noah Larsson,2026-04-17 10:08:00,jordan.nguyen@acme-fake.test,Elena Sato,2024-07-12 21:04:00,chen.blake@acme-fake.test,Quinn Ivanov,2023-01-19 14:29:00,,,,Y,Quinn Sloan,Priya Garcia,100285,Standard,100555,,N,,100010,REF-3149,,,Emerson Reyes
100672,Job,108051,sofia.larsson@examplecorp.test,Drew Garcia,2023-04-04 19:12:00,nina.ashby@examplecorp.test,Aisha Ivanov,2023-03-24 07:12:00,liam.blake@demomail.test,Aisha Haddad,2024-11-30 12:36:00,,,,Y,Liam Vance,Avery Nguyen,100803,Standard,100370,,Y,,,SKU-2824,,,Sofia Ford
100186,Job,108054,marco.sloan@examplecorp.test,Avery Vance,2026-06-05 00:55:00,liam.rossi@examplecorp.test,Noah Silva,2025-04-28 08:26:00,alex.reyes@acme-fake.test,Marco Ivanov,2023-05-09 10:59:00,,,,N,Nina Haddad,Casey Cohen,100180,Gamma,100091,Followed up on the open items from last week.,Y,,100552,TAG-2765,,,Fatima Reyes
100563,Job,108055,rowan.cohen@examplecorp.test,Nina Rossi,2024-09-24 00:08:00,mei.calder@demomail.test,Nina Garcia,2024-11-22 10:41:00,nina.ivanov@acme-fake.test,Morgan Cohen,2025-12-05 01:50:00,,,,Y,Morgan Garcia,Jordan Ford,100224,Alpha,100627,,N,,,TAG-9598,,106466,Rowan Larsson
100722,Job,108056,emerson.larsson@sampleco.test,Emerson Rossi,2024-12-30 03:39:00,aisha.okafor@acme-fake.test,Yara Nguyen,2026-01-06 00:59:00,priya.sloan@acme-fake.test,Alex Okafor,2026-04-12 09:57:00,,,,N,Taylor Cohen,Quinn Mercer,100597,Gamma,100777,Discussed timeline and next steps with the account.,N,,100568,REF-8931,,105845,Omar Ashby
100171,Job,108059,alex.rossi@acme-fake.test,Taylor Nguyen,2025-06-27 08:39:00,arjun.larsson@examplecorp.test,Casey Mercer,2026-02-14 09:12:00,nina.reyes@acme-fake.test,Diego Ivanov,2023-12-22 06:18:00,,,,N,Liam Reyes,Fatima Garcia,100389,Gamma,100333,Followed up on the open items from last week.,Y,,100205,SKU-8899,,106353,Omar Mercer
100090,Job,108062,yara.mercer@examplecorp.test,Yara Blake,2023-02-27 21:02:00,omar.whitfield@examplecorp.test,Rowan Cohen,2024-06-10 05:18:00,morgan.haddad@examplecorp.test,Chen Ashby,2025-01-16 22:14:00,,,,N,Fatima Blake,Quinn Ford,100119,Alpha,100309,Resolved the outstanding question about scope.,Y,,,REF-5581,,105633,Drew Cohen
100110,Job,108065,jordan.ivanov@examplecorp.test,Fatima Mensah,2024-08-15 02:04:00,jamie.cohen@examplecorp.test,Avery Kim,2026-04-20 16:46:00,sofia.reyes@sampleco.test,Morgan Kim,2024-09-04 02:06:00,,,,Y,Riley Vance,Skyler Okafor,100616,Alpha,100546,,N,,,REF-8870,,106500,Priya Reyes
100654,Job,108066,casey.calder@examplecorp.test,Taylor Sato,2023-06-22 10:00:00,elena.mercer@acme-fake.test,Sofia Rossi,2025-08-29 01:12:00,jordan.cohen@sampleco.test,Chen Mercer,2022-10-17 11:30:00,,,,N,Fatima Reyes,Reese Cohen,100371,Gamma,100722,Shared the updated proposal for review.,N,,,SKU-4104,,,Marco Brooks
100325,Job,108069,noah.haddad@examplecorp.test,Skyler Costa,2025-08-03 09:41:00,rahul.vance@examplecorp.test,Priya Ashby,2024-02-25 21:28:00,emerson.ford@sampleco.test,Jordan Rossi,2025-10-30 10:00:00,,,,N,Aisha Silva,Reese Garcia,100539,Beta,100487,,N,,100552,SKU-8269,,106286,Elena Larsson
100232,Job,108070,chen.ashby@examplecorp.test,Yara Sloan,2024-07-11 04:49:00,marco.nguyen@acme-fake.test,Rahul Calder,2023-04-17 12:56:00,casey.mensah@examplecorp.test,Jordan Costa,2023-04-06 14:11:00,,,,Y,Omar Calder,Priya Vance,100789,Gamma,100426,Aligned on billing and renewal terms.,N,,100449,REF-5443,,106273,Chen Mensah
100184,Job,108072,avery.cohen@acme-fake.test,Noah Calder,2024-07-26 11:19:00,mei.brooks@examplecorp.test,Elena Garcia,2025-04-30 08:50:00,morgan.haddad@demomail.test,Diego Haddad,2026-02-25 15:37:00,,,,Y,Fatima Kim,Diego Costa,100573,Standard,100037,,N,,,SKU-1960,,105629,Nina Kim
100288,Job,108075,emerson.costa@acme-fake.test,Aisha Dorsey,2026-07-27 17:05:00,aisha.vance@examplecorp.test,Priya Larsson,2023-08-07 03:41:00,jamie.costa@sampleco.test,Skyler Ashby,2025-10-24 11:35:00,,,,N,Yara Calder,Emerson Larsson,100029,Beta,100627,,N,,100344,TAG-9651,,,Elena Calder
100063,Job,108077,taylor.okafor@acme-fake.test,Quinn Nguyen,2023-12-09 21:36:00,nina.vance@examplecorp.test,Omar Nguyen,2024-09-28 13:44:00,elena.patel@examplecorp.test,Elena Garcia,2024-01-11 17:06:00,,,,Y,Diego Brooks,Omar Ford,100251,Alpha,100485,,Y,,100760,SKU-6158,,105130,Marco Larsson
100555,Job,108079,alex.dorsey@examplecorp.test,Casey Okafor,2023-01-13 10:50:00,skyler.silva@acme-fake.test,Nina Sato,2024-12-29 17:33:00,diego.ivanov@acme-fake.test,Fatima Nguyen,2023-12-21 06:13:00,,,,N,Casey Vance,Elena Garcia,100496,Alpha,100654,Followed up on the open items from last week.,N,,100421,LOT-3824,,105338,Elena Vance
100015,Job,108082,arjun.mensah@acme-fake.test,Liam Rossi,2026-01-31 12:41:00,omar.cohen@sampleco.test,Sofia Nguyen,2023-09-20 21:26:00,noah.ford@acme-fake.test,Emerson Dorsey,2024-08-30 02:39:00,,,,N,Alex Brooks,Casey Patel,100452,Beta,100122,Resolved the outstanding question about scope.,Y,,,REF-4874,,105123,Reese Vance
100617,Job,108083,mei.ivanov@examplecorp.test,Emerson Nguyen,2024-01-28 07:50:00,aisha.haddad@acme-fake.test,Skyler Costa,2026-05-29 20:00:00,alex.sloan@acme-fake.test,Skyler Costa,2025-07-14 10:03:00,,,,N,Riley Ivanov,Drew Cohen,100601,Other,100188,Discussed timeline and next steps with the account.,Y,,100597,LOT-5246,,105567,Reese Calder
100333,Job,108084,drew.reyes@sampleco.test,Drew Patel,2024-08-19 20:16:00,arjun.kim@sampleco.test,Nina Kim,2025-04-01 00:28:00,chen.costa@sampleco.test,Drew Whitfield,2025-11-18 18:50:00,,,,Y,Marco Mensah,Elena Larsson,100736,Beta,100386,,Y,,100044,TAG-2381,,,Sofia Kim
100192,Job,108085,jordan.mercer@acme-fake.test,Rahul Sato,2023-10-14 23:51:00,yara.reyes@sampleco.test,Avery Brooks,2025-10-02 09:45:00,jordan.cohen@acme-fake.test,Morgan Costa,2026-05-07 00:05:00,,,,Y,Jordan Garcia,Elena Mensah,100771,Alpha,100641,,Y,,,LOT-9535,,,Liam Ivanov
100696,Job,108087,morgan.okafor@demomail.test,Emerson Blake,2023-03-14 00:51:00,reese.haddad@acme-fake.test,Emerson Silva,2023-01-13 10:58:00,priya.mensah@examplecorp.test,Alex Vance,2024-12-13 03:07:00,,,,Y,Morgan Mensah,Emerson Garcia,100374,Alpha,100009,,N,,100421,LOT-7873,,105258,Omar Haddad
100398,Job,108089,omar.calder@demomail.test,Mei Vance,2025-05-06 02:44:00,yara.reyes@demomail.test,Drew Brooks,2025-06-15 02:56:00,casey.brooks@acme-fake.test,Aisha Kim,2023-02-23 02:54:00,,,,N,Quinn Dorsey,Riley Ford,100123,Other,100413,,Y,,,TAG-1259,,106486,Arjun Costa
100784,Job,108090,quinn.costa@demomail.test,Quinn Mensah,2025-02-14 12:49:00,riley.patel@demomail.test,Skyler Ford,2023-08-29 06:16:00,morgan.mercer@demomail.test,Skyler Okafor,2025-04-15 21:56:00,,,,N,Drew Kim,Drew Dorsey,100229,Other,100227,,N,,,TAG-3064,,,Rahul Calder
100625,Job,108091,alex.silva@sampleco.test,Omar Okafor,2024-02-03 06:21:00,diego.reyes@examplecorp.test,Elena Kim,2025-02-03 15:27:00,rahul.larsson@sampleco.test,Fatima Ford,2026-07-05 14:30:00,,,,N,Chen Mercer,Omar Silva,100452,Standard,100017,Discussed timeline and next steps with the account.,N,,100391,SKU-5326,,105108,Aisha Blake
100543,Job,108093,jamie.ivanov@demomail.test,Nina Kim,2023-01-20 03:21:00,omar.sato@sampleco.test,Mei Sato,2023-06-04 07:07:00,rahul.kim@demomail.test,Noah Reyes,2023-12-12 13:47:00,,,,N,Priya Brooks,Morgan Cohen,100517,Delta,100571,,Y,,,REF-5113,,,Fatima Sloan
100429,Job,108096,noah.blake@acme-fake.test,Reese Nguyen,2025-04-21 04:16:00,emerson.whitfield@demomail.test,Diego Larsson,2026-05-23 14:39:00,chen.nguyen@acme-fake.test,Emerson Patel,2023-11-27 23:11:00,,,,Y,Taylor Vance,Rahul Kim,100353,Alpha,100034,,N,,,REF-5044,,,Quinn Dorsey
100165,Job,108098,reese.dorsey@examplecorp.test,Diego Ivanov,2023-06-12 06:29:00,drew.whitfield@acme-fake.test,Rowan Garcia,2025-06-07 09:03:00,omar.patel@examplecorp.test,Nina Whitfield,2026-01-23 03:06:00,,,,N,Emerson Cohen,Reese Sato,100129,Standard,100184,Aligned on billing and renewal terms.,Y,,100075,TAG-2341,,,Aisha Haddad
100005,Job,108100,jamie.whitfield@acme-fake.test,Arjun Haddad,2023-10-27 12:45:00,rowan.dorsey@sampleco.test,Noah Silva,2023-12-05 09:22:00,casey.reyes@examplecorp.test,Yara Vance,2024-09-13 21:25:00,,,,N,Alex Ivanov,Mei Cohen,100447,Gamma,100298,Followed up on the open items from last week.,N,,100302,SKU-4614,,105449,Liam Vance
100148,Job,108102,marco.ashby@demomail.test,Quinn Ivanov,2025-01-30 13:57:00,alex.nguyen@demomail.test,Alex Sato,2022-12-30 04:47:00,chen.costa@examplecorp.test,Arjun Larsson,2026-03-30 13:19:00,,,,N,Aisha Nguyen,Diego Reyes,100115,Beta,100522,,Y,,,TAG-5957,,106049,Omar Mensah
100060,Job,108105,rowan.reyes@examplecorp.test,Yara Sato,2024-07-03 19:58:00,omar.brooks@demomail.test,Skyler Nguyen,2024-05-01 11:50:00,aisha.vance@sampleco.test,Elena Haddad,2024-07-24 13:12:00,,,,N,Arjun Silva,Rahul Brooks,100388,Other,100723,Reviewed performance and gathered feedback.,N,,100598,REF-4556,,,Morgan Garcia
100236,Job,108106,riley.mercer@sampleco.test,Avery Brooks,2022-10-23 11:19:00,taylor.patel@sampleco.test,Aisha Rossi,2024-11-10 19:18:00,fatima.vance@examplecorp.test,Morgan Reyes,2025-01-23 06:32:00,,,,Y,Rowan Blake,Morgan Calder,100395,Beta,100676,,N,,100277,LOT-1923,,104896,Reese Patel
100429,Job,108107,mei.sloan@acme-fake.test,Elena Larsson,2025-02-09 08:20:00,aisha.patel@acme-fake.test,Reese Larsson,2025-09-28 18:52:00,casey.sloan@acme-fake.test,Alex Silva,2024-12-25 02:47:00,,,,Y,Morgan Haddad,Avery Reyes,100117,Delta,100686,Scheduled a check-in for the coming month.,Y,,100722,SKU-2009,,,Diego Ashby
100607,Job,108108,drew.kim@acme-fake.test,Priya Ashby,2023-07-25 01:13:00,taylor.nguyen@acme-fake.test,Skyler Mensah,2024-12-16 16:42:00,mei.calder@sampleco.test,Reese Dorsey,2024-12-10 21:04:00,,,,Y,Avery Sato,Nina Dorsey,100788,Delta,100340,,N,,100272,LOT-8286,,,Omar Blake
100203,Job,108110,diego.reyes@examplecorp.test,Avery Patel,2022-11-12 02:07:00,rowan.ashby@demomail.test,Omar Ford,2025-11-01 19:12:00,liam.sloan@acme-fake.test,Casey Mercer,2025-03-14 17:57:00,,,,N,Fatima Ivanov,Jamie Garcia,100658,Gamma,100582,,Y,,,SKU-4041,,106538,Noah Ivanov
100168,Job,108112,quinn.rossi@sampleco.test,Elena Vance,2024-05-06 00:23:00,yara.larsson@demomail.test,Yara Cohen,2026-01-29 20:23:00,riley.patel@sampleco.test,Yara Cohen,2026-03-19 10:20:00,,,,Y,Jordan Kim,Rowan Reyes,100075,Standard,100613,,N,,,REF-7554,,106405,Quinn Costa
100767,Job,108115,omar.haddad@examplecorp.test,Skyler Sato,2023-12-08 21:43:00,riley.whitfield@acme-fake.test,Yara Silva,2026-01-12 08:27:00,yara.garcia@acme-fake.test,Morgan Reyes,2025-12-01 16:29:00,,,,Y,Liam Vance,Elena Blake,100400,Standard,100184,,Y,,,TAG-3936,,,Alex Haddad
100445,Job,108118,alex.blake@acme-fake.test,Quinn Kim,2024-11-11 11:06:00,riley.cohen@acme-fake.test,Nina Ashby,2022-11-27 04:39:00,reese.costa@acme-fake.test,Skyler Okafor,2023-12-21 07:44:00,,,,Y,Chen Mercer,Sofia Brooks,100760,Standard,100582,,Y,,100342,SKU-5337,,,Reese Sato
100749,Job,108121,rahul.whitfield@demomail.test,Mei Ivanov,2024-03-29 16:49:00,casey.sato@examplecorp.test,Taylor Calder,2022-12-13 00:00:00,omar.ashby@sampleco.test,Chen Ford,2022-12-09 07:29:00,,,,Y,Drew Haddad,Yara Whitfield,100156,Alpha,100298,Shared the updated proposal for review.,N,,,LOT-5609,,106119,Jamie Ashby
100010,Job,108122,casey.ashby@demomail.test,Omar Reyes,2024-10-01 11:24:00,quinn.silva@demomail.test,Nina Sato,2025-09-24 12:55:00,riley.mercer@sampleco.test,Fatima Kim,2026-03-12 14:19:00,,,,Y,Chen Ivanov,Rahul Cohen,100585,Delta,100535,,N,Delta,,LOT-6449,,,Emerson Reyes
100188,Job,108124,avery.sato@demomail.test,Chen Ford,2024-06-05 17:43:00,avery.rossi@acme-fake.test,Avery Brooks,2024-12-22 22:58:00,quinn.vance@acme-fake.test,Avery Kim,2023-02-14 06:54:00,,,,Y,Fatima Cohen,Emerson Sato,100161,Beta,100767,,Y,,100455,LOT-8327,,,Liam Brooks
100245,Job,108126,alex.okafor@demomail.test,Nina Sato,2026-07-28 15:01:00,jamie.reyes@sampleco.test,Taylor Haddad,2025-08-25 02:49:00,omar.mercer@sampleco.test,Aisha Nguyen,2026-04-15 11:38:00,,,,Y,Jordan Ivanov,Noah Larsson,100531,Beta,100139,,N,,,REF-1372,,104908,Aisha Okafor
100286,Job,108129,omar.sato@examplecorp.test,Jamie Whitfield,2026-05-23 04:28:00,yara.sato@demomail.test,Taylor Larsson,2026-05-06 20:59:00,rahul.reyes@demomail.test,Casey Calder,2025-04-15 07:09:00,,,,N,Skyler Brooks,Jordan Blake,100607,Standard,100786,Reviewed performance and gathered feedback.,N,,,LOT-2229,,,Rowan Whitfield
100351,Job,108130,yara.okafor@sampleco.test,Liam Costa,2026-01-17 21:07:00,liam.rossi@examplecorp.test,Elena Nguyen,2023-01-14 07:42:00,nina.mercer@examplecorp.test,Aisha Calder,2026-05-30 21:39:00,,,,N,Jamie Reyes,Emerson Ashby,100014,Beta,100245,Scheduled a check-in for the coming month.,N,,100607,REF-4405,,,Skyler Patel
100229,Job,108132,jordan.ford@sampleco.test,Mei Vance,2023-10-11 00:58:00,emerson.garcia@examplecorp.test,Rahul Silva,2023-07-14 00:57:00,mei.kim@demomail.test,Skyler Silva,2023-12-22 02:39:00,,,,Y,Jamie Nguyen,Sofia Sato,100262,Standard,100551,Followed up on the open items from last week.,N,,,REF-8564,,,Marco Mensah
100503,Job,108135,diego.silva@acme-fake.test,Drew Reyes,2024-01-26 15:47:00,aisha.dorsey@acme-fake.test,Diego Cohen,2024-09-26 05:15:00,nina.whitfield@demomail.test,Drew Reyes,2024-06-21 18:08:00,,,,N,Yara Sloan,Emerson Kim,100679,Gamma,100601,,Y,,100119,SKU-8551,,105182,Rowan Reyes
100062,Job,108137,drew.reyes@demomail.test,Yara Costa,2025-12-02 09:26:00,skyler.sloan@demomail.test,Aisha Calder,2023-06-06 17:17:00,avery.garcia@examplecorp.test,Quinn Rossi,2023-01-07 00:11:00,,,,N,Fatima Garcia,Aisha Kim,100473,Alpha,100492,Followed up on the open items from last week.,N,,100015,TAG-6527,,105572,Reese Rossi
100513,Job,108139,quinn.okafor@sampleco.test,Diego Ford,2023-10-15 14:53:00,casey.okafor@demomail.test,Alex Ivanov,2023-12-31 21:16:00,riley.brooks@sampleco.test,Rahul Whitfield,2022-10-28 01:47:00,,,,Y,Diego Reyes,Diego Silva,100496,Beta,100248,,N,,,TAG-3734,,105882,Quinn Okafor
100177,Job,108141,rahul.calder@examplecorp.test,Alex Cohen,2024-01-16 18:21:00,nina.garcia@examplecorp.test,Taylor Rossi,2026-05-25 10:28:00,sofia.reyes@examplecorp.test,Rowan Nguyen,2023-06-15 10:03:00,,,,Y,Skyler Ford,Sofia Ashby,100010,Beta,100429,,Y,,100543,TAG-4116,,105988,Yara Ashby
100205,Job,108143,yara.mercer@demomail.test,Liam Larsson,2026-03-04 16:37:00,jordan.silva@examplecorp.test,Quinn Brooks,2023-09-03 20:22:00,riley.reyes@demomail.test,Rowan Ashby,2023-10-03 21:39:00,,,,N,Quinn Whitfield,Noah Mensah,100560,Alpha,100122,Followed up on the open items from last week.,Y,,100683,REF-4163,,,Chen Rossi
100459,Job,108146,emerson.larsson@examplecorp.test,Omar Calder,2024-11-21 13:07:00,riley.blake@acme-fake.test,Skyler Brooks,2025-01-07 15:24:00,rowan.calder@acme-fake.test,Noah Vance,2025-02-08 04:14:00,,,,N,Elena Vance,Nina Cohen,100345,Other,100538,Discussed timeline and next steps with the account.,Y,,,SKU-2151,,106593,Casey Kim
100281,Job,108147,taylor.silva@examplecorp.test,Rahul Ford,2025-11-15 21:26:00,noah.nguyen@acme-fake.test,Quinn Patel,2025-12-25 20:45:00,mei.rossi@acme-fake.test,Omar Whitfield,2023-10-22 23:39:00,,,,N,Alex Blake,Drew Cohen,100243,Gamma,100694,,Y,,,LOT-8803,,106300,Quinn Haddad
100370,Job,108150,riley.kim@examplecorp.test,Rahul Ford,2024-03-18 06:13:00,morgan.whitfield@sampleco.test,Marco Nguyen,2023-06-12 13:11:00,riley.mercer@sampleco.test,Drew Whitfield,2026-07-14 19:56:00,,,,Y,Skyler Calder,Yara Mercer,100542,Delta,100780,Aligned on billing and renewal terms.,Y,,100107,REF-4121,,,Elena Sato
100543,Job,108151,reese.brooks@sampleco.test,Alex Vance,2024-05-22 05:53:00,quinn.rossi@acme-fake.test,Chen Calder,2023-02-23 12:48:00,nina.calder@demomail.test,Noah Whitfield,2023-08-05 16:09:00,,,,N,Quinn Calder,Rahul Larsson,100479,Beta,100598,Followed up on the open items from last week.,Y,,100331,SKU-8209,,,Jordan Vance
100265,Job,108152,skyler.silva@examplecorp.test,Elena Silva,2025-04-30 04:19:00,morgan.silva@examplecorp.test,Liam Ivanov,2022-10-06 02:29:00,omar.larsson@demomail.test,Rahul Vance,2024-04-07 02:57:00,,,,N,Quinn Ashby,Mei Dorsey,100468,Gamma,100398,,N,,100356,LOT-1772,,,Liam Sloan
100403,Job,108154,rahul.brooks@sampleco.test,Rahul Brooks,2025-12-20 02:56:00,avery.dorsey@demomail.test,Liam Mensah,2026-03-18 14:07:00,quinn.sato@examplecorp.test,Chen Nguyen,2025-09-10 00:45:00,,,,N,Diego Mercer,Diego Rossi,100235,Other,100479,,Y,,100474,TAG-6148,,,Mei Blake
100620,Job,108155,rahul.rossi@sampleco.test,Omar Okafor,2023-05-06 20:59:00,omar.mensah@sampleco.test,Omar Ivanov,2024-10-30 10:07:00,omar.ashby@demomail.test,Arjun Sloan,2025-06-23 13:07:00,,,,Y,Aisha Haddad,Morgan Reyes,100146,Delta,100288,,Y,,,LOT-3096,,,Casey Patel
100426,Job,108158,aisha.nguyen@sampleco.test,Jordan Sato,2023-02-15 21:33:00,priya.rossi@demomail.test,Priya Rossi,2024-07-09 08:47:00,quinn.haddad@examplecorp.test,Rowan Ford,2026-01-31 19:33:00,,,,Y,Liam Ford,Quinn Nguyen,100342,Gamma,100673,,Y,,,SKU-5050,,105683,Taylor Garcia
100497,Job,108159,taylor.okafor@sampleco.test,Arjun Blake,2024-10-12 04:00:00,omar.mensah@demomail.test,Casey Whitfield,2025-10-19 16:05:00,alex.okafor@demomail.test,Alex Ivanov,2026-07-02 23:01:00,,,,N,Alex Costa,Chen Ivanov,100351,Alpha,100563,,Y,,100107,LOT-4500,,,Avery Patel
100123,Job,108162,omar.ashby@examplecorp.test,Rowan Kim,2025-02-17 20:33:00,taylor.ford@examplecorp.test,Marco Whitfield,2026-07-02 17:04:00,fatima.rossi@demomail.test,Aisha Kim,2024-03-13 04:18:00,,,,Y,Rahul Mercer,Sofia Ashby,100568,Delta,100359,,N,,100186,TAG-7299,,105202,Drew Sato
100400,Job,108164,quinn.vance@demomail.test,Avery Mensah,2026-05-05 15:52:00,noah.cohen@sampleco.test,Chen Mercer,2025-01-08 12:50:00,emerson.silva@demomail.test,Diego Mercer,2025-07-19 09:36:00,,,,N,Nina Silva,Alex Cohen,100417,Standard,100383,Followed up on the open items from last week.,Y,,100395,REF-6814,,,Riley Okafor
100232,Job,108166,rahul.ford@acme-fake.test,Priya Garcia,2024-03-05 23:32:00,aisha.larsson@examplecorp.test,Quinn Silva,2024-11-27 06:57:00,rowan.silva@sampleco.test,Liam Nguyen,2023-02-28 12:49:00,,,,Y,Alex Reyes,Morgan Dorsey,100075,Delta,100741,,Y,,100750,TAG-8615,,106291,Fatima Larsson
100126,Job,108167,aisha.brooks@examplecorp.test,Sofia Vance,2023-01-08 16:20:00,jordan.sato@examplecorp.test,Nina Sato,2026-02-17 06:34:00,emerson.blake@examplecorp.test,Reese Larsson,2023-07-01 17:44:00,,,,N,Liam Ford,Emerson Cohen,100645,Alpha,100755,,Y,,,LOT-5936,,106191,Marco Sato
100153,Job,108168,alex.calder@sampleco.test,Marco Calder,2024-07-12 03:28:00,arjun.reyes@demomail.test,Rahul Mercer,2023-08-30 10:45:00,morgan.ivanov@sampleco.test,Riley Kim,2024-09-25 05:43:00,,,,N,Jamie Cohen,Riley Kim,100424,Other,100156,,Y,,,REF-1099,,,Emerson Dorsey
100234,Job,108170,diego.mensah@examplecorp.test,Yara Ivanov,2025-02-26 19:32:00,alex.ivanov@acme-fake.test,Emerson Vance,2023-04-17 08:52:00,drew.silva@examplecorp.test,Elena Sato,2024-02-18 04:18:00,,,,Y,Omar Ashby,Taylor Mensah,100638,Standard,100788,,Y,,100328,LOT-7384,,105557,Yara Kim
100308,Job,108172,aisha.okafor@examplecorp.test,Skyler Cohen,2026-07-23 02:42:00,sofia.ashby@sampleco.test,Rowan Larsson,2023-05-01 01:37:00,mei.mercer@demomail.test,Mei Sato,2024-08-21 04:20:00,,,,N,Priya Rossi,Skyler Mensah,100319,Beta,100086,,N,,100165,LOT-3243,,,Sofia Brooks
100053,Job,108173,diego.calder@demomail.test,Quinn Calder,2022-12-25 04:09:00,reese.ashby@acme-fake.test,Riley Larsson,2024-06-03 10:10:00,chen.haddad@demomail.test,Noah Nguyen,2024-05-05 22:47:00,,,,Y,Riley Mercer,Omar Blake,100280,Alpha,100184,Discussed timeline and next steps with the account.,Y,,,REF-8395,,104862,Nina Sato
100235,Job,108176,liam.cohen@examplecorp.test,Diego Haddad,2024-12-07 22:20:00,jamie.dorsey@examplecorp.test,Jordan Costa,2025-05-20 06:51:00,yara.garcia@demomail.test,Noah Larsson,2023-09-19 17:43:00,,,,N,Yara Larsson,Rahul Blake,100792,Delta,100672,,N,,,SKU-9724,,105602,
100474,Job,108178,diego.silva@demomail.test,Priya Dorsey,2024-08-11 02:25:00,diego.brooks@examplecorp.test,Yara Reyes,2026-06-14 16:27:00,morgan.vance@acme-fake.test,Emerson Patel,2023-05-29 15:06:00,,,,N,Diego Nguyen,Yara Garcia,100445,Delta,100301,,N,,100295,SKU-3951,,106443,Avery Okafor
100173,Job,108180,yara.ivanov@sampleco.test,Sofia Rossi,2025-12-08 14:14:00,skyler.calder@acme-fake.test,Nina Ford,2023-08-22 13:00:00,jamie.sato@demomail.test,Aisha Reyes,2023-01-06 15:57:00,,,,Y,Sofia Larsson,Reese Sato,100089,Other,100641,Resolved the outstanding question about scope.,N,,100295,TAG-1883,,104943,Skyler Haddad
100742,Job,108182,emerson.whitfield@demomail.test,Rowan Calder,2023-10-06 04:10:00,nina.dorsey@acme-fake.test,Nina Ford,2024-04-07 14:01:00,avery.dorsey@acme-fake.test,Elena Mercer,2023-09-26 13:33:00,,,,Y,Chen Larsson,Taylor Haddad,100066,Gamma,100722,,N,,,LOT-7331,,106164,Elena Sato
100195,Job,108184,arjun.ford@examplecorp.test,Reese Reyes,2024-08-16 03:39:00,taylor.garcia@sampleco.test,Omar Cohen,2023-03-20 14:29:00,avery.larsson@examplecorp.test,Diego Costa,2024-07-02 10:32:00,,,,N,Skyler Kim,Casey Brooks,100679,Beta,100516,Noted a concern to revisit at the next sync.,Y,,100262,LOT-9904,,,Quinn Mensah
100670,Job,108187,drew.calder@examplecorp.test,Omar Garcia,2025-10-31 17:16:00,chen.rossi@demomail.test,Yara Larsson,2023-07-08 05:57:00,marco.okafor@demomail.test,Taylor Ivanov,2025-07-17 10:22:00,,,,N,Jordan Calder,Morgan Brooks,100765,Gamma,100473,,Y,,100224,LOT-1401,,,Noah Larsson
100229,Job,108188,morgan.okafor@demomail.test,Jamie Haddad,2023-10-20 17:19:00,sofia.kim@demomail.test,Drew Vance,2023-10-23 05:27:00,liam.sato@examplecorp.test,Fatima Garcia,2023-04-14 01:11:00,,,,Y,Emerson Ashby,Marco Sato,100591,Delta,100400,Followed up on the open items from last week.,N,,100664,REF-7659,,106217,Casey Ashby
100585,Job,108191,sofia.blake@sampleco.test,Quinn Cohen,2024-09-02 12:21:00,noah.rossi@examplecorp.test,Jordan Nguyen,2025-04-18 10:09:00,noah.costa@examplecorp.test,Reese Costa,2025-09-15 14:27:00,,,,Y,Morgan Blake,Fatima Ashby,100073,Delta,100190,Noted a concern to revisit at the next sync.,N,,,LOT-8544,,105823,Aisha Blake
100345,Job,108194,emerson.ivanov@examplecorp.test,Rowan Whitfield,2024-04-18 05:48:00,marco.okafor@examplecorp.test,Diego Vance,2024-07-29 18:59:00,taylor.calder@examplecorp.test,Yara Calder,2023-01-20 05:43:00,,,,Y,Jamie Nguyen,Skyler Patel,100424,Gamma,100025,Reviewed performance and gathered feedback.,Y,,,REF-3493,,,Chen Haddad
100046,Job,108195,quinn.larsson@examplecorp.test,Skyler Costa,2026-06-27 20:12:00,arjun.cohen@acme-fake.test,Rowan Patel,2024-01-29 07:58:00,arjun.kim@acme-fake.test,Marco Ivanov,2024-02-01 04:29:00,,,,N,Riley Cohen,Drew Sato,100344,Gamma,100443,Scheduled a check-in for the coming month.,Y,,,REF-4794,,,Reese Okafor
100148,Job,108197,elena.garcia@demomail.test,Jordan Rossi,2023-12-21 02:21:00,taylor.nguyen@sampleco.test,Priya Mercer,2024-04-12 21:19:00,skyler.silva@examplecorp.test,Emerson Rossi,2023-08-14 05:29:00,,,,Y,Rowan Larsson,Liam Mercer,100610,Other,100094,,N,,100180,REF-2369,,,Alex Brooks
100217,Job,108200,mei.sato@acme-fake.test,Noah Sloan,2025-09-11 21:05:00,arjun.costa@demomail.test,Diego Okafor,2023-08-13 02:39:00,diego.mensah@sampleco.test,Omar Reyes,2025-04-04 06:26:00,,,,Y,Rahul Whitfield,Elena Ford,100588,Other,100153,Scheduled a check-in for the coming month.,N,,,LOT-7987,,105693,Riley Blake
100481,Job,108203,marco.sloan@acme-fake.test,Emerson Reyes,2024-09-10 00:56:00,liam.whitfield@examplecorp.test,Casey Nguyen,2024-06-10 07:59:00,quinn.ivanov@acme-fake.test,Reese Costa,2024-04-02 12:46:00,,,,N,Riley Vance,Arjun Rossi,100717,Other,100454,,Y,,,SKU-4871,,,Alex Cohen
100403,Job,108205,chen.mensah@sampleco.test,Liam Calder,2024-10-05 17:00:00,quinn.blake@examplecorp.test,Marco Haddad,2026-04-24 06:30:00,priya.dorsey@sampleco.test,Skyler Silva,2023-04-01 14:58:00,,,,Y,Fatima Mercer,Diego Blake,100056,Standard,100559,,N,,100368,LOT-4737,,,Omar Sloan
100053,Job,108206,yara.garcia@sampleco.test,Elena Nguyen,2024-05-26 16:50:00,morgan.cohen@acme-fake.test,Noah Mercer,2026-05-03 22:46:00,diego.costa@demomail.test,Noah Mercer,2026-07-05 08:46:00,,,,Y,Reese Silva,Priya Whitfield,100089,Other,100305,,Y,,,SKU-4418,,,Morgan Ashby
100686,Job,108207,skyler.ashby@examplecorp.test,Skyler Patel,2026-04-09 18:32:00,yara.vance@examplecorp.test,Priya Okafor,2024-12-24 23:05:00,riley.nguyen@sampleco.test,Morgan Ashby,2025-03-15 19:50:00,,,,N,Mei Ashby,Jamie Silva,100332,Standard,100683,,Y,,,LOT-3946,,106348,Aisha Mercer
100685,Job,108208,casey.rossi@acme-fake.test,Omar Calder,2022-11-01 20:53:00,skyler.okafor@examplecorp.test,Morgan Silva,2022-11-16 18:16:00,priya.sato@examplecorp.test,Nina Haddad,2024-10-08 09:31:00,,,,N,Diego Calder,Elena Ivanov,100243,Beta,100464,Scheduled a check-in for the coming month.,Y,,100314,REF-5850,,105979,Noah Vance
100234,Job,108211,omar.ashby@examplecorp.test,Diego Cohen,2025-06-22 00:26:00,quinn.patel@demomail.test,Taylor Calder,2023-08-06 02:03:00,noah.nguyen@sampleco.test,Marco Rossi,2025-10-31 05:49:00,,,,N,Nina Mercer,Priya Mercer,100370,Gamma,100316,,N,,,LOT-3910,,,Yara Patel
100731,Job,108212,drew.calder@examplecorp.test,Avery Kim,2024-11-27 00:37:00,rowan.dorsey@demomail.test,Quinn Blake,2026-03-07 04:32:00,fatima.ivanov@acme-fake.test,Nina Mercer,2024-10-29 22:45:00,,,,N,Reese Mensah,Arjun Sloan,100220,Delta,100487,,Y,,100686,REF-2306,,105041,Fatima Brooks
100158,Job,108215,quinn.silva@examplecorp.test,Omar Nguyen,2026-01-28 12:03:00,alex.ashby@sampleco.test,Elena Patel,2022-12-07 10:35:00,taylor.ford@sampleco.test,Chen Dorsey,2025-02-16 08:21:00,,,,N,Noah Blake,Chen Sloan,100520,Delta,100331,,N,,100661,REF-4001,,104980,Mei Sato
100405,Job,108217,omar.garcia@examplecorp.test,Jamie Rossi,2023-01-22 20:09:00,taylor.mercer@examplecorp.test,Mei Whitfield,2024-03-31 04:46:00,reese.whitfield@demomail.test,Aisha Blake,2023-12-16 00:47:00,,,,Y,Rahul Okafor,Skyler Sato,100576,Alpha,100044,,N,,,TAG-5830,,106587,Liam Rossi
100615,Job,108219,casey.sloan@examplecorp.test,Avery Garcia,2023-11-25 11:15:00,skyler.sloan@acme-fake.test,Casey Costa,2026-04-03 18:39:00,taylor.sato@examplecorp.test,Alex Rossi,2024-09-14 17:41:00,,,,Y,Mei Okafor,Quinn Brooks,100628,Alpha,100110,Resolved the outstanding question about scope.,N,,,TAG-7853,,105080,Chen Ivanov
100040,Job,108220,arjun.reyes@sampleco.test,Riley Larsson,2023-11-08 04:00:00,mei.mensah@acme-fake.test,Jordan Vance,2023-07-21 02:16:00,rahul.sloan@acme-fake.test,Taylor Whitfield,2026-02-13 18:50:00,,,,N,Nina Rossi,Reese Mensah,100744,Other,100538,,N,,,LOT-5307,,105320,Emerson Larsson
100169,Job,108222,drew.silva@examplecorp.test,Rowan Patel,2025-04-29 14:29:00,chen.whitfield@demomail.test,Jamie Larsson,2025-10-12 23:41:00,avery.kim@acme-fake.test,Marco Ashby,2024-08-11 22:56:00,,,,N,Emerson Costa,Casey Dorsey,100053,Delta,100371,,N,,,SKU-9575,,106405,Reese Garcia
100371,Job,108225,skyler.dorsey@acme-fake.test,Drew Ivanov,2024-02-02 21:11:00,aisha.haddad@sampleco.test,Omar Sloan,2024-11-22 11:01:00,jamie.rossi@sampleco.test,Rowan Blake,2024-09-15 05:43:00,,,,Y,Jamie Sato,Quinn Whitfield,100295,Gamma,100670,,Y,,,LOT-7138,,106093,Arjun Vance
100497,Job,108226,jamie.blake@sampleco.test,Aisha Kim,2024-01-23 16:17:00,priya.haddad@demomail.test,Chen Sloan,2025-06-23 05:19:00,nina.sato@examplecorp.test,Omar Whitfield,2023-04-20 16:36:00,,,,Y,Emerson Kim,Rowan Ford,100282,Delta,100216,,N,,100715,LOT-7758,,106093,Riley Whitfield
100111,Job,108227,avery.blake@demomail.test,Skyler Silva,2026-06-25 05:23:00,omar.rossi@acme-fake.test,Jordan Ashby,2024-01-30 12:16:00,diego.haddad@examplecorp.test,Omar Rossi,2023-10-21 17:00:00,,,,Y,Arjun Okafor,Liam Vance,100089,Standard,100479,Noted a concern to revisit at the next sync.,Y,,100153,TAG-8242,,,Priya Garcia
100496,Job,108228,drew.patel@examplecorp.test,Marco Okafor,2025-09-14 15:43:00,avery.reyes@demomail.test,Quinn Silva,2024-01-25 01:01:00,taylor.ford@demomail.test,Rahul Ford,2024-10-16 02:15:00,,,,Y,Chen Ford,Taylor Vance,100049,Other,100403,,Y,,,REF-2748,,,Sofia Ashby
100542,Job,108231,omar.ford@examplecorp.test,Noah Garcia,2026-01-15 18:27:00,fatima.whitfield@sampleco.test,Liam Mensah,2026-07-17 00:30:00,quinn.blake@sampleco.test,Elena Ashby,2025-03-25 14:48:00,,,,N,Nina Blake,Mei Ivanov,100122,Beta,100164,Aligned on billing and renewal terms.,Y,,,LOT-6757,,106191,Arjun Ashby
100308,Job,108232,skyler.sloan@sampleco.test,Rahul Whitfield,2022-12-01 08:15:00,riley.silva@sampleco.test,Chen Nguyen,2024-11-06 21:35:00,aisha.mensah@demomail.test,Chen Silva,2023-01-11 18:49:00,,,,Y,Morgan Sloan,Sofia Costa,100380,Delta,100702,Resolved the outstanding question about scope.,Y,,100281,SKU-6157,,105117,Drew Haddad
100340,Job,108233,sofia.sloan@examplecorp.test,Priya Brooks,2026-06-29 03:06:00,aisha.larsson@acme-fake.test,Riley Sloan,2026-04-04 17:33:00,alex.costa@demomail.test,Aisha Mensah,2022-10-13 17:44:00,,,,Y,Skyler Reyes,Drew Haddad,100245,Standard,100782,,Y,,,REF-3555,,,Diego Calder
100712,Job,108235,noah.costa@sampleco.test,Arjun Sloan,2023-12-19 11:25:00,sofia.sato@acme-fake.test,Jamie Okafor,2023-09-21 23:26:00,priya.vance@sampleco.test,Drew Larsson,2023-05-29 09:03:00,,,,Y,Avery Garcia,Reese Silva,100171,Alpha,100119,,Y,,100132,TAG-8273,,,Rowan Costa
100579,Job,108237,diego.ivanov@sampleco.test,Diego Mensah,2024-08-26 12:18:00,mei.dorsey@sampleco.test,Noah Sloan,2024-05-14 16:52:00,chen.sato@demomail.test,Jordan Kim,2024-05-19 08:39:00,,,,N,Mei Larsson,Nina Silva,100352,Standard,100420,Aligned on billing and renewal terms.,Y,,100434,TAG-2669,,105737,Elena Calder
100076,Job,108240,yara.rossi@demomail.test,Avery Kim,2024-06-06 03:08:00,liam.ford@examplecorp.test,Aisha Haddad,2023-04-12 03:37:00,diego.silva@acme-fake.test,Priya Rossi,2024-02-02 04:22:00,,,,N,Morgan Mercer,Omar Blake,100351,Gamma,100487,,Y,,,REF-2747,,106073,Mei Ivanov
100164,Job,108242,rowan.costa@demomail.test,Riley Sloan,2024-01-31 01:55:00,reese.ivanov@sampleco.test,Aisha Mercer,2023-03-16 22:18:00,rowan.patel@acme-fake.test,Rowan Ivanov,2023-01-21 21:53:00,,,,Y,Aisha Cohen,Taylor Dorsey,100208,Other,100215,,N,,,SKU-1078,,,Sofia Silva
100262,Job,108245,diego.kim@sampleco.test,Diego Reyes,2025-05-26 20:31:00,marco.dorsey@acme-fake.test,Diego Haddad,2025-04-23 01:02:00,mei.ivanov@acme-fake.test,Riley Sloan,2026-02-21 19:34:00,,,,N,Riley Blake,Aisha Dorsey,100213,Other,100535,,N,,,TAG-8924,,106467,Noah Whitfield
100186,Job,108247,rahul.ivanov@acme-fake.test,Taylor Kim,2025-08-07 19:56:00,arjun.mensah@examplecorp.test,Mei Ashby,2024-10-04 18:54:00,avery.garcia@examplecorp.test,Casey Nguyen,2022-12-07 16:04:00,,,,Y,Skyler Brooks,Arjun Reyes,100322,Other,100368,,N,,,SKU-7420,,,Aisha Ivanov
100597,Job,108248,fatima.nguyen@demomail.test,Omar Patel,2026-07-30 13:53:00,alex.nguyen@sampleco.test,Emerson Dorsey,2022-11-25 03:58:00,casey.silva@acme-fake.test,Rahul Calder,2025-01-30 03:14:00,,,,N,Elena Rossi,Emerson Okafor,100395,Alpha,100494,Discussed timeline and next steps with the account.,N,,,TAG-9193,,,Liam Mensah
100120,Job,108249,diego.ashby@acme-fake.test,Reese Haddad,2022-11-09 13:22:00,jordan.garcia@acme-fake.test,Rowan Whitfield,2025-09-29 15:19:00,taylor.dorsey@demomail.test,Alex Sato,2023-07-29 17:45:00,,,,Y,Diego Cohen,Avery Ford,100241,Standard,100080,,N,,,REF-5617,,,Alex Costa
100796,Job,108252,jordan.garcia@sampleco.test,Chen Rossi,2025-01-27 14:40:00,chen.garcia@examplecorp.test,Fatima Ford,2025-06-25 22:34:00,jordan.nguyen@acme-fake.test,Nina Silva,2023-09-05 05:47:00,,,,Y,Morgan Whitfield,Priya Blake,100309,Standard,100456,,N,,100129,SKU-9428,,,Quinn Calder
100076,Job,108255,elena.silva@acme-fake.test,Avery Blake,2025-04-06 20:06:00,diego.nguyen@sampleco.test,Riley Sloan,2026-07-26 02:40:00,sofia.calder@examplecorp.test,Fatima Larsson,2025-01-30 03:50:00,,,,Y,Riley Costa,Drew Silva,100151,Alpha,100236,,Y,,,SKU-5135,,105438,Casey Calder
100720,Job,108258,marco.sato@demomail.test,Skyler Vance,2023-10-16 10:34:00,jordan.garcia@examplecorp.test,Jamie Kim,2024-06-25 21:50:00,fatima.whitfield@demomail.test,Mei Patel,2024-08-08 10:47:00,,,,N,Casey Mercer,Diego Ashby,100800,Other,100532,,Y,,,LOT-9790,,,Morgan Vance
100333,Job,108259,jordan.haddad@demomail.test,Yara Sloan,2023-02-26 05:54:00,skyler.mercer@acme-fake.test,Elena Mensah,2024-06-15 18:24:00,omar.dorsey@examplecorp.test,Taylor Ford,2025-01-13 10:45:00,,,,Y,Yara Blake,Rowan Cohen,100408,Alpha,100749,Noted a concern to revisit at the next sync.,Y,,100117,LOT-3878,,,Mei Cohen
100182,Job,108261,jordan.calder@acme-fake.test,Drew Kim,2022-12-15 01:33:00,skyler.dorsey@examplecorp.test,Marco Vance,2023-07-20 23:23:00,yara.dorsey@sampleco.test,Alex Mercer,2024-07-12 13:10:00,,,,N,Casey Whitfield,Diego Whitfield,100172,Delta,100111,,N,,,SKU-7421,,,Emerson Vance
100559,Job,108263,riley.ford@examplecorp.test,Drew Mercer,2026-04-02 15:11:00,mei.larsson@sampleco.test,Chen Patel,2023-08-08 22:31:00,marco.mensah@sampleco.test,Rowan Brooks,2025-12-21 08:32:00,,,,Y,Taylor Sato,Emerson Mensah,100286,Delta,100628,,N,,100282,TAG-9521,,,
100800,Job,108266,emerson.reyes@sampleco.test,Diego Reyes,2026-01-03 20:02:00,reese.mensah@examplecorp.test,Drew Sloan,2023-05-24 18:53:00,taylor.sloan@acme-fake.test,Aisha Costa,2022-12-30 14:04:00,,,,Y,Diego Whitfield,Morgan Reyes,100169,Beta,100735,,N,,100328,TAG-2669,,,Morgan Mensah
100799,Job,108268,quinn.vance@examplecorp.test,Fatima Costa,2023-01-19 01:31:00,diego.ford@sampleco.test,Rowan Haddad,2024-05-14 16:59:00,taylor.haddad@acme-fake.test,Elena Patel,2023-04-24 15:35:00,,,,Y,Jamie Dorsey,Diego Ford,100044,Standard,100034,,N,,,REF-8798,,105177,Morgan Cohen
100083,Job,108270,reese.garcia@demomail.test,Morgan Sloan,2024-01-10 07:20:00,alex.sato@examplecorp.test,Arjun Ivanov,2025-06-26 05:37:00,drew.mercer@sampleco.test,Chen Vance,2026-06-13 05:06:00,,,,Y,Sofia Patel,Arjun Nguyen,100490,Other,100487,,Y,,100731,LOT-3317,,105793,Skyler Patel
100172,Job,108272,reese.haddad@demomail.test,Fatima Calder,2024-03-03 01:58:00,arjun.garcia@acme-fake.test,Drew Whitfield,2026-01-23 18:47:00,reese.calder@sampleco.test,Marco Kim,2023-11-29 16:43:00,,,,N,Skyler Garcia,Drew Ivanov,100607,Other,100239,Followed up on the open items from last week.,N,,100649,REF-4121,,106160,Riley Ivanov
100517,Job,108274,chen.costa@demomail.test,Riley Silva,2025-01-08 09:09:00,casey.dorsey@acme-fake.test,Mei Whitfield,2024-02-16 17:22:00,priya.vance@examplecorp.test,Jamie Kim,2023-07-07 02:07:00,,,,N,Skyler Okafor,Priya Whitfield,100482,Standard,100622,,Y,,100313,REF-8286,,,Morgan Ashby
100527,Job,108276,noah.silva@sampleco.test,Quinn Costa,2024-07-23 18:34:00,mei.cohen@sampleco.test,Taylor Ford,2024-05-31 05:25:00,drew.mensah@acme-fake.test,Yara Okafor,2025-07-14 02:54:00,,,,N,Drew Blake,Aisha Mensah,100386,Beta,100151,,N,,,TAG-5205,,105242,Rahul Garcia
100538,Job,108279,liam.vance@demomail.test,Liam Ivanov,2024-11-02 18:39:00,casey.mercer@demomail.test,Nina Okafor,2026-03-05 21:18:00,rowan.mercer@acme-fake.test,Rahul Mercer,2024-05-02 16:57:00,,,,Y,Omar Sloan,Taylor Mercer,100186,Standard,100192,,Y,,100429,TAG-9049,,105128,Chen Kim
100177,Job,108280,drew.rossi@sampleco.test,Emerson Sloan,2025-01-09 17:25:00,liam.dorsey@acme-fake.test,Quinn Ford,2026-02-28 08:29:00,emerson.haddad@acme-fake.test,Elena Reyes,2022-12-04 02:20:00,,,,N,Omar Ashby,Casey Ivanov,100679,Beta,100186,,N,,100185,SKU-6645,,104856,Avery Dorsey
100339,Job,108283,morgan.reyes@acme-fake.test,Riley Mensah,2024-01-09 12:37:00,quinn.kim@sampleco.test,Chen Cohen,2024-07-08 16:41:00,rowan.rossi@acme-fake.test,Sofia Mercer,2023-06-07 09:27:00,,,,Y,Noah Rossi,Avery Okafor,100539,Delta,100755,,Y,,100522,SKU-7266,,,Fatima Ivanov
100531,Job,108285,alex.larsson@sampleco.test,Riley Nguyen,2026-02-22 03:44:00,marco.cohen@examplecorp.test,Nina Costa,2025-03-21 08:13:00,morgan.okafor@sampleco.test,Drew Nguyen,2023-08-23 22:26:00,,,,N,Riley Larsson,Rahul Reyes,100642,Delta,100223,Followed up on the open items from last week.,N,,,SKU-9612,,105447,Taylor Sato
100563,Job,108286,rowan.larsson@examplecorp.test,Casey Patel,2026-07-16 07:29:00,omar.vance@examplecorp.test,Aisha Mensah,2023-01-14 17:18:00,avery.silva@sampleco.test,Avery Vance,2024-04-13 11:46:00,,,,N,Elena Reyes,Chen Silva,100692,Gamma,100029,,Y,,,SKU-8515,,,Alex Brooks
100551,Job,108289,omar.okafor@demomail.test,Arjun Mercer,2026-02-18 04:36:00,morgan.costa@examplecorp.test,Skyler Blake,2025-09-12 02:38:00,arjun.silva@sampleco.test,Taylor Mercer,2026-01-27 04:56:00,,,,N,Drew Ivanov,Arjun Sloan,100470,Beta,100316,,N,,,LOT-8867,,,Riley Sloan
100146,Job,108291,reese.vance@acme-fake.test,Arjun Silva,2025-07-27 01:04:00,diego.brooks@demomail.test,Taylor Patel,2023-06-22 23:39:00,chen.vance@acme-fake.test,Mei Calder,2023-04-24 20:35:00,,,,N,Mei Cohen,Riley Vance,100280,Alpha,100500,,N,,100522,REF-6702,,106402,Alex Whitfield
100676,Job,108292,reese.blake@examplecorp.test,Avery Larsson,2024-02-22 03:01:00,marco.mercer@sampleco.test,Chen Kim,2024-01-14 12:14:00,riley.mercer@examplecorp.test,Avery Mensah,2026-07-21 01:35:00,,,,N,Mei Nguyen,Reese Ford,100240,Alpha,100143,Aligned on billing and renewal terms.,Y,,100110,TAG-8997,,105425,Fatima Nguyen
100634,Job,108294,morgan.kim@sampleco.test,Casey Nguyen,2025-08-09 01:16:00,taylor.ivanov@sampleco.test,Drew Nguyen,2024-08-23 03:55:00,sofia.costa@examplecorp.test,Skyler Patel,2023-08-27 10:54:00,,,,Y,Drew Okafor,Avery Silva,100786,Standard,100661,Aligned on billing and renewal terms.,N,,100141,REF-7779,,106094,Quinn Brooks
100023,Job,108296,morgan.ivanov@sampleco.test,Mei Mercer,2023-11-05 05:31:00,diego.haddad@examplecorp.test,Marco Silva,2024-05-20 01:51:00,liam.sloan@demomail.test,Rowan Nguyen,2026-04-16 17:49:00,,,,Y,Sofia Brooks,Fatima Sato,100720,Beta,100420,,N,,100625,REF-3037,,106309,Drew Mercer
100343,Job,108299,avery.nguyen@acme-fake.test,Yara Cohen,2024-06-07 05:58:00,mei.silva@acme-fake.test,Priya Ford,2024-08-23 15:54:00,nina.garcia@sampleco.test,Arjun Nguyen,2025-12-24 19:56:00,,,,Y,Fatima Brooks,Rahul Ivanov,100585,Standard,100235,Reviewed performance and gathered feedback.,N,,,REF-7978,,106367,Mei Mensah
100526,Job,108302,rahul.mensah@acme-fake.test,Liam Whitfield,2023-03-10 04:24:00,arjun.ivanov@sampleco.test,Marco Patel,2025-01-25 15:55:00,aisha.dorsey@examplecorp.test,Nina Silva,2023-06-24 12:44:00,,,,N,Jamie Vance,Elena Nguyen,100765,Gamma,100034,Scheduled a check-in for the coming month.,N,,100178,REF-5180,,104880,Jordan Nguyen
100765,Job,108304,elena.silva@acme-fake.test,Elena Brooks,2024-03-12 13:41:00,marco.larsson@acme-fake.test,Nina Haddad,2026-05-29 18:15:00,avery.kim@sampleco.test,Jamie Vance,2023-04-20 13:01:00,,,,N,Marco Ford,Alex Ivanov,100377,Other,100702,,Y,,100265,SKU-3189,,105304,Drew Nguyen
100029,Job,108307,liam.haddad@sampleco.test,Avery Dorsey,2024-07-05 13:03:00,arjun.ashby@sampleco.test,Quinn Calder,2024-02-14 01:02:00,chen.ashby@demomail.test,Morgan Vance,2024-06-26 12:12:00,,,,N,Skyler Blake,Quinn Larsson,100645,Gamma,100415,Scheduled a check-in for the coming month.,N,,100089,TAG-1438,,105585,Mei Dorsey
100037,Job,108308,elena.nguyen@acme-fake.test,Aisha Calder,2025-05-19 10:39:00,jordan.costa@demomail.test,Marco Sloan,2024-06-19 06:12:00,nina.cohen@acme-fake.test,Priya Reyes,2024-05-16 17:34:00,,,,N,Chen Ivanov,Yara Ivanov,100363,Standard,100555,,N,,100146,LOT-9784,,105139,Casey Ashby
100744,Job,108309,alex.okafor@examplecorp.test,Skyler Cohen,2026-02-14 02:07:00,nina.calder@demomail.test,Noah Nguyen,2023-02-09 14:47:00,fatima.ford@sampleco.test,Arjun Nguyen,2025-11-26 03:22:00,,,,N,Quinn Costa,Sofia Okafor,100106,Other,100080,,N,,100759,REF-2981,,105934,Skyler Sato
100694,Job,108311,riley.reyes@demomail.test,Jamie Ashby,2023-01-07 21:53:00,jamie.garcia@demomail.test,Yara Patel,2025-07-04 11:31:00,arjun.haddad@demomail.test,Chen Calder,2023-02-22 13:03:00,,,,N,Sofia Sloan,Morgan Brooks,100617,Other,100598,,Y,,100579,LOT-8102,,,Reese Silva
100029,Job,108313,aisha.costa@examplecorp.test,Fatima Cohen,2023-12-18 07:09:00,aisha.nguyen@sampleco.test,Aisha Kim,2023-01-29 02:57:00,reese.kim@acme-fake.test,Sofia Blake,2024-12-18 03:13:00,,,,Y,Drew Cohen,Chen Sato,100628,Delta,100500,,Y,,100485,SKU-5238,,104917,Jordan Sloan
100120,Job,108316,mei.reyes@acme-fake.test,Rahul Whitfield,2024-08-19 16:12:00,drew.ashby@examplecorp.test,Alex Calder,2025-12-09 10:20:00,jamie.costa@examplecorp.test,Aisha Mensah,2024-10-10 12:36:00,,,,Y,Mei Mercer,Jordan Garcia,100079,Delta,100603,Noted a concern to revisit at the next sync.,Y,,100328,SKU-2819,,,Rowan Whitfield
100254,Job,108317,sofia.blake@acme-fake.test,Noah Reyes,2026-06-04 22:28:00,skyler.patel@acme-fake.test,Chen Cohen,2022-11-02 01:38:00,noah.patel@demomail.test,Arjun Okafor,2026-06-05 21:52:00,,,,N,Priya Nguyen,Jamie Okafor,100548,Other,100216,Reviewed performance and gathered feedback.,N,,100173,LOT-5994,,105722,Rowan Ivanov
100030,Job,108318,liam.reyes@acme-fake.test,Liam Ivanov,2024-11-07 23:09:00,mei.rossi@demomail.test,Rahul Dorsey,2023-01-10 11:22:00,alex.larsson@sampleco.test,Marco Kim,2023-05-01 22:35:00,,,,Y,Omar Whitfield,Reese Mercer,100029,Beta,100101,Resolved the outstanding question about scope.,N,,,TAG-5108,,105198,Reese Garcia
100574,Job,108320,drew.sloan@acme-fake.test,Quinn Calder,2023-08-23 17:11:00,chen.costa@sampleco.test,Quinn Nguyen,2023-01-19 21:33:00,diego.costa@demomail.test,Casey Ford,2025-09-07 13:02:00,,,,Y,Noah Patel,Chen Ivanov,100696,Delta,100784,Resolved the outstanding question about scope.,Y,,100734,TAG-4469,,106191,Elena Patel
100319,Job,108322,rowan.vance@demomail.test,Noah Ford,2024-08-10 17:10:00,emerson.ashby@demomail.test,Omar Mensah,2022-11-21 09:52:00,aisha.dorsey@acme-fake.test,Drew Cohen,2023-02-23 09:46:00,,,,Y,Arjun Blake,Avery Cohen,100031,Delta,100090,,N,,,SKU-6880,,,Marco Okafor
100208,Job,108325,aisha.garcia@sampleco.test,Chen Whitfield,2022-12-26 14:17:00,marco.ivanov@sampleco.test,Jamie Mensah,2024-03-01 19:57:00,jamie.costa@examplecorp.test,Avery Haddad,2023-05-11 15:40:00,,,,N,Omar Calder,Omar Nguyen,100229,Other,100120,,N,,100477,LOT-5886,,105532,Skyler Ashby
100627,Job,108328,rowan.mensah@demomail.test,Marco Blake,2023-07-02 00:47:00,alex.calder@acme-fake.test,Riley Silva,2025-02-14 16:03:00,diego.kim@examplecorp.test,Nina Ford,2024-04-25 08:03:00,,,,Y,Emerson Ivanov,Nina Sato,100473,Other,100217,Aligned on billing and renewal terms.,N,,100591,TAG-1073,,105744,Taylor Brooks
100383,Job,108330,skyler.blake@acme-fake.test,Rowan Dorsey,2025-10-20 06:42:00,sofia.sato@examplecorp.test,Alex Nguyen,2025-03-29 10:28:00,elena.ford@demomail.test,Fatima Haddad,2025-07-15 19:24:00,,,,Y,Mei Kim,Arjun Dorsey,100758,Alpha,100604,,N,,100637,TAG-3079,,,Liam Costa
100462,Job,108331,avery.larsson@acme-fake.test,Avery Dorsey,2023-09-08 15:15:00,noah.larsson@examplecorp.test,Drew Vance,2024-11-21 11:05:00,marco.mercer@sampleco.test,Noah Larsson,2023-01-12 22:47:00,,,,Y,Aisha Whitfield,Avery Ivanov,100003,Standard,100107,,N,,100340,REF-1515,,105066,Avery Sloan
100009,Job,108333,nina.vance@acme-fake.test,Taylor Kim,2022-12-27 04:27:00,avery.sato@acme-fake.test,Liam Nguyen,2024-08-28 14:50:00,nina.dorsey@sampleco.test,Diego Kim,2026-04-04 18:07:00,,,,N,Reese Brooks,Avery Patel,100386,Beta,100664,Discussed timeline and next steps with the account.,Y,,,SKU-2185,,105827,Jordan Costa
100391,Job,108335,drew.kim@examplecorp.test,Taylor Okafor,2023-07-12 02:57:00,marco.vance@sampleco.test,Rahul Kim,2024-11-20 02:24:00,morgan.cohen@sampleco.test,Nina Dorsey,2024-06-02 19:09:00,,,,Y,Arjun Haddad,Alex Brooks,100601,Beta,100177,,Y,,,SKU-4794,,106130,Omar Cohen
100673,Job,108337,noah.sloan@demomail.test,Emerson Mensah,2024-02-05 06:34:00,jamie.kim@acme-fake.test,Quinn Haddad,2025-10-18 07:07:00,fatima.cohen@demomail.test,Aisha Rossi,2023-11-22 22:16:00,,,,Y,Alex Costa,Rowan Brooks,100184,Delta,100171,Reviewed performance and gathered feedback.,N,,,REF-5380,,,Rahul Silva
100257,Job,108338,liam.silva@demomail.test,Rowan Okafor,2024-07-25 09:27:00,chen.costa@acme-fake.test,Rowan Blake,2026-07-29 20:59:00,chen.sato@examplecorp.test,Liam Patel,2023-12-30 00:56:00,,,,N,Drew Mensah,Reese Reyes,100670,Delta,100180,,N,,100426,SKU-8550,,,Noah Cohen
100426,Job,108339,morgan.blake@acme-fake.test,Casey Blake,2025-02-12 01:33:00,rowan.sato@demomail.test,Rahul Brooks,2024-05-07 00:49:00,casey.calder@examplecorp.test,Taylor Vance,2023-02-25 21:34:00,,,,N,Mei Sloan,Elena Kim,100520,Gamma,100141,Shared the updated proposal for review.,Y,,100498,TAG-3359,,106184,Sofia Haddad
100506,Job,108342,reese.haddad@demomail.test,Avery Whitfield,2024-02-10 02:25:00,quinn.sloan@sampleco.test,Chen Mercer,2025-11-05 20:52:00,mei.mercer@examplecorp.test,Mei Cohen,2025-09-17 13:27:00,,,,Y,Liam Haddad,Rowan Dorsey,100552,Delta,100224,Reviewed performance and gathered feedback.,Y,,100309,TAG-9263,,105713,Rowan Ivanov
100786,Job,108345,noah.vance@acme-fake.test,Yara Garcia,2026-02-19 02:40:00,fatima.sloan@sampleco.test,Nina Vance,2024-06-18 07:44:00,sofia.mercer@sampleco.test,Aisha Garcia,2026-04-14 12:23:00,,,,Y,Elena Silva,Riley Blake,100763,Beta,100604,,Y,,100110,LOT-5404,,,Rowan Garcia
100325,Job,108346,arjun.ashby@sampleco.test,Omar Vance,2024-03-09 05:54:00,arjun.rossi@examplecorp.test,Drew Kim,2023-08-16 15:28:00,quinn.nguyen@sampleco.test,Fatima Mercer,2025-04-07 12:28:00,,,,Y,Sofia Garcia,Yara Ford,100336,Alpha,100212,,N,,100604,LOT-1498,,105051,Mei Silva
100066,Job,108349,jamie.ashby@examplecorp.test,Liam Calder,2022-10-03 08:48:00,sofia.okafor@examplecorp.test,Morgan Whitfield,2024-03-03 01:43:00,avery.costa@examplecorp.test,Sofia Haddad,2024-01-28 10:57:00,,,,N,Yara Patel,Omar Mercer,100474,Standard,100622,,N,,100625,REF-9265,,106446,Omar Mercer
100548,Job,108352,jordan.dorsey@sampleco.test,Elena Dorsey,2023-07-09 13:01:00,nina.garcia@acme-fake.test,Skyler Haddad,2023-02-18 16:03:00,rowan.ford@acme-fake.test,Liam Silva,2023-06-10 02:32:00,,,,Y,Noah Sato,Noah Mercer,100604,Standard,100694,Discussed timeline and next steps with the account.,Y,,100457,TAG-4664,,105015,Liam Mercer
100403,Job,108355,arjun.patel@acme-fake.test,Jordan Patel,2025-10-14 15:24:00,aisha.okafor@examplecorp.test,Chen Sato,2025-08-31 06:57:00,jamie.patel@acme-fake.test,Nina Blake,2023-03-04 20:37:00,,,,Y,Rowan Blake,Jamie Sato,100041,Beta,100248,,Y,,100195,TAG-2408,,105695,Skyler Brooks
100576,Job,108357,priya.mensah@sampleco.test,Jamie Ivanov,2026-06-05 14:04:00,rahul.blake@demomail.test,Quinn Patel,2025-04-06 13:04:00,yara.whitfield@acme-fake.test,Diego Ashby,2024-01-20 17:30:00,,,,N,Jamie Ford,Rahul Garcia,100434,Alpha,100282,,N,,100457,LOT-8820,,,Arjun Garcia
100041,Job,108360,noah.larsson@acme-fake.test,Chen Larsson,2024-02-27 09:58:00,avery.haddad@demomail.test,Drew Silva,2024-10-03 17:28:00,elena.sato@examplecorp.test,Omar Larsson,2023-05-25 16:16:00,,,,N,Jordan Ashby,Liam Cohen,100177,Beta,100771,,N,,,REF-7402,,106367,Jordan Costa
100309,Job,108361,morgan.ford@examplecorp.test,Emerson Costa,2025-06-18 16:01:00,nina.rossi@acme-fake.test,Elena Rossi,2023-08-10 19:28:00,elena.nguyen@examplecorp.test,Quinn Reyes,2024-08-23 17:59:00,,,,Y,Fatima Ashby,Priya Cohen,100496,Alpha,100171,,N,,,REF-2978,,,Mei Larsson
100029,Job,108364,nina.calder@demomail.test,Avery Nguyen,2025-06-22 06:45:00,casey.mensah@acme-fake.test,Drew Silva,2023-04-24 02:43:00,liam.silva@acme-fake.test,Jamie Patel,2025-01-05 12:11:00,,,,Y,Jordan Whitfield,Taylor Dorsey,100542,Delta,100670,,N,,100185,TAG-3040,,106312,Rahul Haddad
100568,Job,108367,jordan.ford@examplecorp.test,Liam Blake,2025-06-08 16:29:00,fatima.mensah@demomail.test,Taylor Patel,2025-06-15 11:31:00,nina.kim@demomail.test,Skyler Nguyen,2023-11-29 14:44:00,,,,Y,Jordan Kim,Riley Mercer,100513,Beta,100386,,Y,,100459,TAG-3025,,,Noah Okafor
100353,Job,108370,nina.blake@sampleco.test,Sofia Haddad,2026-03-02 21:42:00,riley.larsson@examplecorp.test,Reese Rossi,2026-03-12 07:08:00,skyler.haddad@sampleco.test,Emerson Larsson,2026-07-11 19:02:00,,,,Y,Avery Silva,Riley Calder,100516,Delta,100475,,N,,100692,REF-9653,,,Diego Silva
100620,Job,108371,liam.okafor@demomail.test,Casey Vance,2025-11-14 10:41:00,noah.whitfield@demomail.test,Diego Calder,2025-06-07 23:15:00,chen.reyes@acme-fake.test,Fatima Patel,2022-10-22 21:19:00,,,,N,Yara Calder,Mei Haddad,100053,Delta,100044,,N,,100469,TAG-6157,,105226,Riley Calder
100445,Job,108374,liam.brooks@demomail.test,Taylor Haddad,2025-05-21 03:29:00,chen.larsson@examplecorp.test,Nina Ashby,2025-08-07 09:32:00,emerson.brooks@sampleco.test,Morgan Cohen,2023-02-04 09:27:00,,,,N,Skyler Mensah,Reese Sato,100005,Gamma,100053,Scheduled a check-in for the coming month.,N,,100518,SKU-2979,,,Drew Ashby
100086,Job,108377,aisha.cohen@sampleco.test,Yara Vance,2022-11-05 12:40:00,avery.blake@acme-fake.test,Sofia Silva,2024-05-07 04:18:00,mei.mensah@acme-fake.test,Drew Costa,2024-04-07 18:30:00,,,,N,Casey Sloan,Noah Garcia,100016,Gamma,100555,,N,,100429,TAG-7173,,105612,Omar Mercer
100132,Job,108380,marco.dorsey@acme-fake.test,Sofia Calder,2023-10-13 10:50:00,avery.ford@sampleco.test,Sofia Garcia,2023-12-21 00:05:00,mei.whitfield@sampleco.test,Avery Haddad,2026-04-08 14:03:00,,,,Y,Reese Sloan,Nina Ford,100192,Gamma,100771,,Y,,100058,LOT-2320,,106081,Elena Rossi
100060,Job,108381,noah.sato@sampleco.test,Taylor Costa,2025-08-09 18:01:00,rahul.sloan@sampleco.test,Arjun Mensah,2024-02-03 17:55:00,priya.garcia@acme-fake.test,Skyler Kim,2024-02-21 00:19:00,,,,Y,Arjun Kim,Marco Dorsey,100165,Other,100546,Shared the updated proposal for review.,Y,,,TAG-6311,,105029,
100676,Job,108384,alex.okafor@examplecorp.test,Taylor Costa,2025-12-27 02:22:00,omar.blake@examplecorp.test,Mei Mercer,2024-07-26 16:29:00,elena.costa@examplecorp.test,Mei Mercer,2024-05-22 07:25:00,,,,N,Aisha Brooks,Reese Whitfield,100238,Other,100290,,N,,,TAG-8610,,105304,Mei Costa
100259,Job,108386,aisha.haddad@sampleco.test,Casey Larsson,2023-03-29 15:53:00,liam.larsson@acme-fake.test,Emerson Vance,2025-08-03 07:05:00,noah.rossi@demomail.test,Yara Rossi,2023-06-14 11:56:00,,,,N,Skyler Costa,Drew Reyes,100548,Beta,100215,,Y,,,REF-9347,,,Omar Okafor
100302,Job,108389,quinn.kim@demomail.test,Skyler Costa,2023-10-03 00:30:00,diego.brooks@demomail.test,Diego Nguyen,2025-10-04 23:13:00,jamie.sato@examplecorp.test,Priya Okafor,2025-11-15 18:52:00,,,,N,Avery Costa,Sofia Sato,100518,Other,100091,,Y,,100388,TAG-3721,,,Emerson Sato
100370,Job,108392,omar.nguyen@demomail.test,Yara Ford,2023-01-21 05:18:00,taylor.larsson@demomail.test,Sofia Brooks,2024-01-30 16:33:00,priya.ivanov@demomail.test,Fatima Rossi,2026-07-27 12:04:00,,,,Y,Emerson Mercer,Morgan Ashby,100164,Gamma,100649,,N,,100009,TAG-6554,,,Casey Calder
100462,Job,108394,diego.ivanov@acme-fake.test,Skyler Larsson,2025-05-25 00:11:00,omar.ivanov@acme-fake.test,Rowan Brooks,2024-05-30 23:29:00,skyler.sloan@demomail.test,Sofia Costa,2026-02-12 05:43:00,,,,N,Noah Blake,Morgan Rossi,100712,Alpha,100015,,N,,,TAG-5377,,105423,
100792,Job,108397,sofia.nguyen@examplecorp.test,Chen Vance,2024-11-19 17:30:00,mei.vance@examplecorp.test,Arjun Cohen,2026-07-06 17:32:00,nina.haddad@demomail.test,Casey Mercer,2025-09-03 02:32:00,,,,N,Chen Rossi,Diego Nguyen,100786,Gamma,100173,,N,,,REF-1026,,105277,Rowan Silva
100652,Job,108400,yara.reyes@sampleco.test,Avery Sato,2025-11-06 02:12:00,fatima.haddad@sampleco.test,Omar Larsson,2024-10-19 16:36:00,priya.reyes@demomail.test,Skyler Dorsey,2026-04-02 21:14:00,,,,N,Jordan Sloan,Yara Ford,100527,Gamma,100389,,Y,,100206,REF-2223,,106465,Nina Mensah
100558,Job,108403,morgan.nguyen@demomail.test,Rahul Ford,2023-02-07 04:47:00,fatima.mensah@examplecorp.test,Riley Okafor,2023-12-14 22:01:00,taylor.garcia@demomail.test,Quinn Cohen,2024-11-27 13:16:00,,,,Y,Drew Nguyen,Jamie Sato,100429,Delta,100459,,N,,,LOT-1969,,,Quinn Patel
100060,Job,108405,diego.whitfield@sampleco.test,Diego Costa,2025-03-20 05:06:00,taylor.sloan@demomail.test,Omar Sloan,2024-08-06 19:36:00,riley.vance@demomail.test,Skyler Rossi,2024-05-19 10:14:00,,,,Y,Riley Larsson,Marco Sato,100016,Alpha,100676,,N,,,LOT-9500,,105905,Aisha Larsson
100587,Job,108408,alex.mercer@examplecorp.test,Jordan Larsson,2023-10-19 05:20:00,diego.reyes@demomail.test,Jamie Sato,2024-12-16 01:46:00,yara.calder@sampleco.test,Rowan Haddad,2025-07-26 14:47:00,,,,Y,Noah Okafor,Taylor Costa,100793,Alpha,100591,,N,,,LOT-7688,,,Sofia Silva
100582,Job,108410,skyler.okafor@demomail.test,Noah Brooks,2022-12-06 16:13:00,alex.calder@sampleco.test,Liam Costa,2023-08-07 05:27:00,skyler.costa@acme-fake.test,Avery Mercer,2025-01-12 08:02:00,,,,N,Mei Calder,Drew Mensah,100705,Other,100177,,Y,,,LOT-3044,,106361,Rahul Vance
100343,Job,108413,reese.blake@demomail.test,Yara Garcia,2022-11-23 20:51:00,priya.cohen@sampleco.test,Avery Haddad,2025-08-18 04:16:00,rowan.whitfield@sampleco.test,Alex Rossi,2026-05-25 07:11:00,,,,Y,Omar Mercer,Skyler Silva,100786,Alpha,100285,,N,,,TAG-6970,,105955,Quinn Sato
100696,Job,108414,morgan.patel@examplecorp.test,Yara Silva,2024-10-21 05:34:00,jordan.ivanov@sampleco.test,Sofia Dorsey,2024-01-06 08:41:00,casey.kim@examplecorp.test,Casey Brooks,2026-04-07 23:45:00,,,,N,Taylor Sato,Elena Kim,100216,Delta,100760,Resolved the outstanding question about scope.,Y,,100482,LOT-7951,,106067,Riley Blake
100554,Job,108417,rowan.ford@examplecorp.test,Casey Garcia,2023-04-16 11:20:00,elena.silva@acme-fake.test,Diego Patel,2024-07-26 21:19:00,liam.ford@acme-fake.test,Liam Okafor,2024-01-20 17:13:00,,,,Y,Casey Mercer,Avery Vance,100153,Standard,100518,,Y,,100332,TAG-4157,,,Casey Garcia
100236,Job,108418,rahul.ivanov@demomail.test,Skyler Costa,2022-12-14 15:32:00,morgan.ashby@acme-fake.test,Arjun Nguyen,2024-09-20 00:00:00,liam.silva@demomail.test,Mei Rossi,2023-08-09 04:02:00,,,,N,Marco Cohen,Quinn Silva,100487,Delta,100475,,Y,,100455,SKU-3019,,104988,Morgan Ivanov
100473,Job,108421,drew.costa@demomail.test,Jordan Costa,2025-08-02 03:42:00,yara.silva@acme-fake.test,Omar Kim,2022-10-27 10:53:00,fatima.nguyen@demomail.test,Morgan Calder,2025-04-08 18:43:00,,,,N,Reese Garcia,Reese Rossi,100486,Standard,100238,,N,,100305,TAG-1619,,,Mei Haddad
100344,Job,108424,yara.kim@sampleco.test,Morgan Costa,2024-10-25 04:52:00,nina.costa@sampleco.test,Nina Silva,2025-11-12 16:35:00,skyler.calder@demomail.test,Arjun Brooks,2023-01-25 16:58:00,,,,N,Rahul Vance,Nina Ashby,100080,Delta,100485,,N,,100037,LOT-2347,,,Drew Ivanov
100455,Job,108425,jamie.cohen@examplecorp.test,Mei Blake,2025-03-03 10:45:00,marco.haddad@examplecorp.test,Taylor Larsson,2024-08-17 12:22:00,omar.ashby@acme-fake.test,Avery Dorsey,2022-11-11 17:41:00,,,,Y,Avery Mensah,Noah Mensah,100753,Standard,100197,,Y,,,REF-1486,,,Priya Haddad
100041,Job,108426,diego.nguyen@examplecorp.test,Jamie Okafor,2026-03-21 03:00:00,priya.calder@examplecorp.test,Alex Ashby,2024-05-24 04:41:00,noah.patel@demomail.test,Jordan Vance,2026-02-17 01:39:00,,,,N,Nina Garcia,Mei Garcia,100696,Delta,100664,Followed up on the open items from last week.,Y,,100020,TAG-6788,,,Jordan Blake
100188,Job,108428,jamie.ivanov@examplecorp.test,Arjun Nguyen,2024-04-14 23:01:00,mei.brooks@demomail.test,Liam Nguyen,2023-05-26 17:10:00,noah.cohen@acme-fake.test,Alex Nguyen,2025-09-20 05:41:00,,,,Y,Noah Mensah,Yara Costa,100434,Gamma,100220,Followed up on the open items from last week.,N,,100667,SKU-2079,,,Liam Mercer
100767,Job,108429,noah.silva@acme-fake.test,Fatima Sato,2026-03-29 14:58:00,chen.nguyen@sampleco.test,Mei Calder,2023-08-15 15:58:00,elena.nguyen@sampleco.test,Aisha Sloan,2024-04-04 05:16:00,,,,N,Fatima Patel,Elena Mercer,100164,Gamma,100034,,Y,,100548,REF-3165,,105814,Aisha Brooks
100784,Job,108431,noah.reyes@acme-fake.test,Jamie Garcia,2023-07-14 06:22:00,diego.whitfield@examplecorp.test,Reese Cohen,2024-10-28 00:41:00,aisha.rossi@demomail.test,Chen Haddad,2025-07-25 16:30:00,,,,N,Jamie Whitfield,Jamie Haddad,100405,Beta,100339,Noted a concern to revisit at the next sync.,N,,,TAG-8622,,105428,Jamie Dorsey
100248,Job,108432,casey.ivanov@sampleco.test,Elena Mensah,2023-04-02 02:42:00,liam.silva@sampleco.test,Noah Rossi,2024-09-05 07:03:00,quinn.ivanov@demomail.test,Chen Cohen,2022-10-18 23:55:00,,,,N,Casey Mensah,Casey Vance,100286,,100122,,Y,,100328,TAG-5945,,,Priya Nguyen
100582,Job,108433,reese.brooks@examplecorp.test,Emerson Rossi,2025-02-10 22:46:00,rowan.nguyen@sampleco.test,Sofia Vance,2025-03-29 07:02:00,sofia.dorsey@sampleco.test,Elena Rossi,2026-03-13 22:59:00,,,,N,Aisha Silva,Reese Brooks,100749,Gamma,100664,,N,,100670,REF-3130,,,Rahul Blake
100342,Job,108435,fatima.rossi@demomail.test,Alex Costa,2022-12-27 02:24:00,elena.costa@examplecorp.test,Marco Sloan,2026-02-18 22:37:00,rahul.kim@acme-fake.test,Liam Garcia,2026-03-09 17:30:00,,,,N,Elena Garcia,Aisha Ashby,100786,Other,100345,,N,,,TAG-3170,,,Morgan Mercer
100434,Job,108437,drew.larsson@examplecorp.test,Casey Patel,2023-02-04 10:32:00,priya.ivanov@demomail.test,Taylor Sato,2023-02-08 14:46:00,alex.blake@acme-fake.test,Marco Cohen,2026-04-21 06:49:00,,,,N,Noah Mensah,Diego Sloan,100343,Alpha,100741,Scheduled a check-in for the coming month.,N,,100658,SKU-1867,,,Drew Okafor
100241,Job,108438,liam.calder@sampleco.test,Nina Haddad,2023-10-17 22:46:00,riley.vance@acme-fake.test,Marco Reyes,2024-03-10 00:00:00,sofia.sato@examplecorp.test,Diego Ashby,2025-05-26 18:05:00,,,,N,Skyler Garcia,Quinn Calder,100344,Other,100177,Noted a concern to revisit at the next sync.,Y,,,LOT-9147,,,Fatima Ivanov
100153,Job,108440,diego.patel@examplecorp.test,Riley Mercer,2024-02-04 22:34:00,priya.haddad@demomail.test,Liam Kim,2025-10-16 07:33:00,taylor.larsson@acme-fake.test,Skyler Calder,2023-07-18 01:30:00,,,,N,Fatima Kim,Marco Ivanov,100615,Beta,100454,,N,,,REF-9056,,106534,Alex Ashby
100744,Job,108441,elena.mensah@acme-fake.test,Jordan Okafor,2024-04-29 04:50:00,taylor.ford@examplecorp.test,Omar Vance,2025-03-25 10:04:00,jordan.mensah@demomail.test,Morgan Larsson,2026-03-14 08:37:00,,,,N,Rowan Whitfield,Skyler Mensah,100148,Gamma,100688,,Y,,100025,REF-1598,,,Drew Ivanov
100129,Job,108442,aisha.mercer@acme-fake.test,Elena Reyes,2023-05-04 09:02:00,aisha.cohen@examplecorp.test,Rowan Okafor,2022-11-29 09:54:00,omar.nguyen@demomail.test,Quinn Brooks,2025-01-13 04:11:00,,,,N,Casey Dorsey,Rowan Calder,100696,Gamma,100494,Reviewed performance and gathered feedback.,Y,,100195,LOT-7850,,105449,Rahul Reyes
100767,Job,108443,quinn.haddad@demomail.test,Skyler Rossi,2026-05-10 11:02:00,marco.mensah@acme-fake.test,Alex Costa,2024-06-29 20:41:00,nina.larsson@examplecorp.test,Avery Kim,2025-05-05 11:19:00,,,,N,Liam Patel,Emerson Mercer,100645,Gamma,100073,,N,,,TAG-1410,,,Alex Dorsey
100395,Job,108444,liam.kim@examplecorp.test,Reese Costa,2024-05-22 01:20:00,emerson.mercer@acme-fake.test,Drew Silva,2026-06-28 13:57:00,yara.costa@examplecorp.test,Diego Sato,2023-01-07 22:52:00,,,,N,Rowan Okafor,Reese Brooks,100437,Beta,100151,Resolved the outstanding question about scope.,N,,100686,REF-7365,,105009,Marco Dorsey
100560,Job,108446,elena.costa@sampleco.test,Reese Costa,2023-06-14 18:02:00,elena.mensah@examplecorp.test,Aisha Ford,2025-03-20 02:13:00,yara.blake@examplecorp.test,Emerson Vance,2023-01-24 23:14:00,,,,N,Morgan Whitfield,Emerson Mensah,100615,Standard,100555,,N,,,LOT-3870,,,Marco Okafor
100625,Job,108449,mei.blake@sampleco.test,Morgan Patel,2024-12-01 13:53:00,morgan.ashby@sampleco.test,Jordan Patel,2023-09-14 16:54:00,rowan.okafor@examplecorp.test,Taylor Rossi,2023-12-19 16:49:00,,,,N,Rahul Kim,Noah Silva,100527,Other,100467,Noted a concern to revisit at the next sync.,Y,,100526,REF-1048,,,Marco Calder
100447,Job,108452,yara.larsson@examplecorp.test,Omar Blake,2024-08-03 18:35:00,reese.sato@demomail.test,Avery Larsson,2023-11-12 23:30:00,priya.calder@acme-fake.test,Noah Okafor,2025-12-15 20:16:00,,,,Y,Emerson Brooks,Rahul Blake,100060,Gamma,100604,Aligned on billing and renewal terms.,Y,,100376,TAG-9281,,,Priya Nguyen
100058,Job,108455,reese.sloan@acme-fake.test,Riley Costa,2023-02-07 23:58:00,reese.larsson@acme-fake.test,Riley Sloan,2025-05-29 04:44:00,diego.ashby@acme-fake.test,Avery Reyes,2023-04-16 03:13:00,,,,Y,Mei Kim,Rowan Cohen,100224,Beta,100457,,N,,100259,LOT-6252,,106347,Reese Ashby
100351,Job,108456,aisha.whitfield@examplecorp.test,Jamie Okafor,2025-05-08 05:13:00,drew.garcia@sampleco.test,Arjun Dorsey,2025-11-03 12:44:00,liam.okafor@sampleco.test,Arjun Garcia,2025-08-03 02:49:00,,,,Y,Drew Larsson,Fatima Nguyen,100213,Delta,100046,Aligned on billing and renewal terms.,Y,,100134,LOT-3155,,,Quinn Ford
100178,Job,108457,noah.larsson@examplecorp.test,Casey Garcia,2025-04-20 10:01:00,alex.vance@examplecorp.test,Reese Patel,2024-03-09 13:03:00,aisha.garcia@examplecorp.test,Yara Garcia,2023-02-08 08:17:00,,,,Y,Yara Calder,Rahul Blake,100232,Other,100046,,Y,,100729,REF-4733,,106419,Alex Ivanov
100587,Job,108458,jamie.dorsey@demomail.test,Yara Mensah,2025-08-11 03:45:00,morgan.sato@demomail.test,Liam Ivanov,2025-10-30 16:15:00,marco.calder@examplecorp.test,Omar Sato,2025-03-06 11:11:00,,,,Y,Casey Blake,Sofia Garcia,100353,Other,100484,,Y,,100786,LOT-9403,,106391,
100393,Job,108460,marco.kim@sampleco.test,Fatima Mercer,2024-06-26 13:29:00,jamie.nguyen@demomail.test,Drew Brooks,2026-02-13 20:31:00,quinn.larsson@demomail.test,Quinn Patel,2024-06-26 10:29:00,,,,Y,Alex Nguyen,Jamie Costa,100203,Other,100686,,N,,100494,TAG-2680,,105761,Noah Nguyen
100215,Job,108463,rowan.rossi@sampleco.test,Elena Brooks,2025-10-20 01:09:00,rowan.mensah@acme-fake.test,Morgan Sloan,2024-02-08 05:22:00,emerson.ashby@examplecorp.test,Fatima Vance,2023-06-10 01:34:00,,,,Y,Yara Costa,Rowan Patel,100380,Beta,100040,,N,,100558,TAG-6095,,105609,Priya Kim
100398,Job,108465,arjun.haddad@acme-fake.test,Casey Mensah,2023-02-24 20:18:00,skyler.haddad@examplecorp.test,Aisha Mensah,2025-08-23 00:38:00,fatima.mensah@sampleco.test,Priya Mensah,2023-07-19 16:54:00,,,,N,Marco Haddad,Morgan Mensah,100452,Standard,100366,Discussed timeline and next steps with the account.,Y,,100328,REF-8184,,,Quinn Calder
100203,Job,108467,mei.nguyen@acme-fake.test,Drew Silva,2024-12-06 13:12:00,jamie.kim@acme-fake.test,Riley Reyes,2024-05-30 12:44:00,omar.haddad@sampleco.test,Riley Costa,2023-02-05 21:36:00,,,,Y,Quinn Ashby,Alex Costa,100568,Other,100646,,N,,,SKU-8545,,,Yara Silva
100265,Job,108469,aisha.garcia@acme-fake.test,Fatima Silva,2024-11-20 11:48:00,arjun.haddad@examplecorp.test,Liam Blake,2023-02-04 03:40:00,sofia.ashby@examplecorp.test,Rahul Mercer,2023-06-29 21:28:00,,,,N,Liam Ashby,Chen Larsson,100523,Delta,100099,,Y,,,SKU-2148,,,Omar Rossi
100506,Job,108471,morgan.mercer@sampleco.test,Aisha Reyes,2022-12-15 19:04:00,drew.mensah@sampleco.test,Emerson Patel,2024-09-09 11:00:00,chen.reyes@acme-fake.test,Sofia Reyes,2022-11-21 08:50:00,,,,N,Skyler Kim,Sofia Dorsey,100171,Standard,100632,,N,,,REF-7674,,105006,Quinn Ashby
100336,Job,108473,fatima.nguyen@examplecorp.test,Skyler Vance,2024-07-31 06:15:00,aisha.whitfield@acme-fake.test,Morgan Costa,2026-06-10 14:00:00,drew.sloan@demomail.test,Avery Mercer,2025-05-02 00:03:00,,,,N,Taylor Kim,Sofia Nguyen,100759,Standard,100455,,N,,100076,SKU-7546,,106465,Avery Okafor
100393,Job,108475,elena.sloan@acme-fake.test,Quinn Ford,2026-03-13 17:35:00,nina.reyes@acme-fake.test,Aisha Kim,2023-04-05 18:14:00,priya.calder@acme-fake.test,Yara Nguyen,2023-10-18 06:29:00,,,,Y,Diego Kim,Chen Vance,100009,Standard,100744,,N,,,TAG-3310,,105084,Avery Costa
100380,Job,108476,drew.ivanov@acme-fake.test,Omar Dorsey,2023-12-01 23:22:00,reese.ashby@acme-fake.test,Aisha Calder,2022-12-23 07:43:00,rowan.kim@demomail.test,Marco Ivanov,2024-09-02 07:00:00,,,,N,Noah Mensah,Chen Rossi,100625,Delta,100679,Resolved the outstanding question about scope.,N,,100322,TAG-7021,,,Priya Ford
100290,Job,108479,priya.nguyen@sampleco.test,Arjun Brooks,2024-08-19 14:35:00,rahul.garcia@examplecorp.test,Aisha Haddad,2024-02-02 03:59:00,elena.ashby@examplecorp.test,Priya Whitfield,2025-01-09 21:48:00,,,,N,Mei Sato,Priya Whitfield,100217,Standard,100490,,Y,,100014,REF-9457,,105492,Noah Haddad
100780,Job,108482,skyler.haddad@sampleco.test,Fatima Cohen,2025-08-17 22:42:00,diego.sloan@acme-fake.test,Sofia Vance,2025-12-26 02:57:00,noah.mercer@examplecorp.test,Liam Sato,2025-04-17 21:49:00,,,,Y,Mei Sloan,Skyler Brooks,100782,Beta,100235,Followed up on the open items from last week.,Y,,100786,SKU-4476,,,Aisha Brooks
100063,Job,108483,rowan.rossi@acme-fake.test,Diego Sloan,2025-11-03 23:33:00,liam.costa@acme-fake.test,Emerson Blake,2023-01-14 20:51:00,fatima.ford@examplecorp.test,Nina Sloan,2025-01-28 12:49:00,,,,N,Liam Ivanov,Marco Patel,100474,,100634,,N,,100208,REF-7162,,105206,Nina Nguyen
100094,Job,108485,alex.larsson@sampleco.test,Riley Dorsey,2026-05-26 16:15:00,liam.kim@sampleco.test,Priya Garcia,2024-11-30 16:28:00,riley.haddad@examplecorp.test,Marco Calder,2026-05-24 16:55:00,,,,Y,Fatima Costa,Emerson Whitfield,100101,Beta,100750,,Y,,100449,REF-5719,,105342,Skyler Patel
100546,Job,108486,elena.ford@demomail.test,Noah Silva,2024-10-10 06:49:00,priya.kim@examplecorp.test,Elena Kim,2023-01-06 16:07:00,skyler.nguyen@sampleco.test,Taylor Whitfield,2025-01-10 05:24:00,,,,Y,Jordan Patel,Liam Garcia,100456,Beta,100322,,Y,,100242,LOT-9410,,106177,Liam Okafor
100462,Job,108489,marco.sloan@sampleco.test,Jordan Mercer,2025-04-06 15:27:00,riley.mensah@examplecorp.test,Alex Mercer,2023-03-07 15:08:00,priya.kim@acme-fake.test,Omar Ford,2025-01-11 01:08:00,,,,N,Priya Ashby,Jordan Dorsey,100418,Standard,100522,,N,,,SKU-6901,,106184,Riley Haddad
100029,Job,108492,casey.blake@acme-fake.test,Priya Blake,2024-11-12 04:02:00,yara.okafor@sampleco.test,Rahul Haddad,2025-12-08 12:22:00,skyler.kim@sampleco.test,Omar Ivanov,2024-08-31 10:48:00,,,,N,Reese Larsson,Liam Costa,100234,Other,100487,,N,,,LOT-8505,,,Elena Garcia
100083,Job,108493,sofia.nguyen@demomail.test,Morgan Silva,2024-02-17 00:03:00,emerson.whitfield@examplecorp.test,Elena Ford,2022-11-14 03:08:00,diego.whitfield@demomail.test,Avery Ford,2024-06-25 16:32:00,,,,Y,Morgan Reyes,Aisha Haddad,100729,Gamma,100333,,N,,100749,LOT-4756,,105268,Casey Patel
100240,Job,108494,priya.mensah@demomail.test,Reese Dorsey,2024-12-19 23:24:00,casey.ivanov@demomail.test,Jamie Sato,2024-08-24 04:21:00,taylor.vance@demomail.test,Casey Mensah,2025-08-17 20:34:00,,,,Y,Aisha Okafor,Riley Haddad,100356,Gamma,100314,Scheduled a check-in for the coming month.,N,,100322,SKU-2255,,105700,Omar Sato
100543,Job,108496,morgan.mercer@sampleco.test,Arjun Sato,2025-08-30 21:21:00,alex.silva@examplecorp.test,Chen Costa,2024-10-31 15:58:00,noah.reyes@examplecorp.test,Jordan Okafor,2023-07-12 21:24:00,,,,N,Aisha Dorsey,Morgan Sloan,100548,Gamma,100676,Followed up on the open items from last week.,N,,,TAG-3596,,106613,Marco Sato
100726,Job,108499,chen.blake@demomail.test,Chen Ivanov,2023-07-21 18:07:00,drew.patel@demomail.test,Riley Mercer,2024-09-02 16:51:00,casey.rossi@demomail.test,Fatima Silva,2025-12-05 04:42:00,,,,N,Noah Cohen,Liam Patel,100014,Delta,100617,,Y,,100786,SKU-9353,,,Yara Sato
100066,Job,108500,riley.ashby@sampleco.test,Morgan Ford,2024-06-11 01:14:00,riley.vance@acme-fake.test,Aisha Silva,2024-12-23 22:48:00,chen.reyes@demomail.test,Omar Kim,2025-11-02 01:58:00,,,,N,Drew Calder,Nina Okafor,100777,Other,100363,,N,,,REF-3766,,106145,Elena Patel
100216,Job,108503,chen.nguyen@sampleco.test,Elena Dorsey,2025-06-27 18:54:00,sofia.ford@acme-fake.test,Noah Ashby,2023-07-19 04:13:00,casey.vance@demomail.test,Aisha Vance,2024-11-03 17:34:00,,,,N,Rowan Garcia,Sofia Patel,100286,Delta,100601,,Y,,,REF-4794,,106192,Marco Vance
100262,Job,108506,omar.okafor@sampleco.test,Avery Brooks,2023-02-25 23:44:00,jamie.ashby@sampleco.test,Morgan Rossi,2024-10-09 00:03:00,reese.dorsey@demomail.test,Reese Larsson,2022-12-13 18:02:00,,,,N,Emerson Brooks,Alex Mensah,100051,Other,100763,Shared the updated proposal for review.,Y,,100325,TAG-4375,,106535,Chen Nguyen
100803,Job,108509,liam.ford@acme-fake.test,Chen Costa,2023-08-26 09:20:00,arjun.mercer@sampleco.test,Quinn Sato,2026-03-21 01:23:00,omar.okafor@demomail.test,Jamie Calder,2022-11-02 14:51:00,,,,Y,Skyler Rossi,Chen Calder,100189,Standard,100459,,Y,,,REF-3918,,,Riley Mercer
100031,Job,108512,avery.rossi@acme-fake.test,Rahul Sloan,2024-01-17 20:04:00,omar.okafor@acme-fake.test,Rowan Larsson,2024-02-23 05:50:00,chen.reyes@demomail.test,Skyler Costa,2026-07-14 03:52:00,,,,Y,Quinn Mercer,Casey Brooks,100616,Beta,100178,,Y,,100051,SKU-9778,,105591,Diego Ivanov
100158,Job,108513,rowan.whitfield@acme-fake.test,Chen Blake,2023-03-01 02:58:00,arjun.garcia@sampleco.test,Elena Dorsey,2023-01-31 12:01:00,mei.reyes@demomail.test,Reese Reyes,2024-10-06 18:54:00,,,,Y,Rowan Nguyen,Noah Sloan,100518,Standard,100301,,Y,,100641,LOT-3870,,105852,Priya Calder
100215,Job,108515,drew.cohen@examplecorp.test,Skyler Ashby,2023-03-09 20:06:00,rowan.nguyen@demomail.test,Priya Blake,2024-06-11 18:13:00,rahul.nguyen@sampleco.test,Mei Calder,2024-10-09 05:05:00,,,,N,Jordan Haddad,Morgan Okafor,100217,Standard,100486,,Y,,,SKU-6253,,105887,Drew Patel
100749,Job,108516,sofia.nguyen@examplecorp.test,Morgan Dorsey,2024-07-08 07:44:00,liam.vance@demomail.test,Emerson Blake,2026-01-15 20:28:00,riley.rossi@demomail.test,Noah Brooks,2026-07-02 18:41:00,,,,N,Riley Ford,Drew Okafor,100134,Other,100568,Reviewed performance and gathered feedback.,Y,,,SKU-6588,,106569,Omar Whitfield
100654,Job,108518,marco.haddad@sampleco.test,Fatima Calder,2024-04-03 14:54:00,arjun.patel@demomail.test,Rowan Sato,2024-07-29 23:54:00,mei.mercer@examplecorp.test,Diego Sato,2024-07-19 05:35:00,,,,Y,Priya Larsson,Nina Reyes,100798,Other,100129,Reviewed performance and gathered feedback.,N,,100772,REF-2157,,,Reese Vance
100746,Job,108519,emerson.dorsey@examplecorp.test,Fatima Sato,2025-09-11 07:59:00,avery.ivanov@sampleco.test,Riley Mensah,2025-11-05 05:03:00,nina.cohen@acme-fake.test,Reese Ashby,2026-02-24 11:26:00,,,,N,Rowan Okafor,Liam Mercer,100551,Delta,100310,Aligned on billing and renewal terms.,Y,,100437,LOT-3356,,,Casey Haddad
100628,Job,108522,nina.mensah@demomail.test,Quinn Nguyen,2026-07-01 21:07:00,arjun.sloan@sampleco.test,Casey Reyes,2026-05-28 17:43:00,reese.nguyen@acme-fake.test,Omar Blake,2025-09-30 19:10:00,,,,N,Aisha Ivanov,Jamie Ford,100251,Alpha,100487,,Y,,100627,LOT-2607,,106369,Quinn Dorsey
100799,Job,108524,casey.okafor@sampleco.test,Arjun Okafor,2023-09-13 07:49:00,avery.patel@sampleco.test,Morgan Kim,2026-04-05 22:00:00,fatima.ashby@acme-fake.test,Fatima Garcia,2023-06-10 23:57:00,,,,N,Jordan Ashby,Mei Dorsey,100262,Delta,100496,,Y,,100146,SKU-6368,,105963,Jamie Larsson
100424,Job,108525,arjun.mercer@acme-fake.test,Chen Ashby,2024-11-07 10:36:00,arjun.calder@sampleco.test,Liam Sato,2023-09-27 21:03:00,reese.costa@sampleco.test,Avery Patel,2025-10-26 10:15:00,,,,Y,Emerson Kim,Noah Nguyen,100360,Gamma,100457,,Y,,,REF-7196,,105713,Reese Brooks
100197,Job,108526,liam.garcia@demomail.test,Jamie Sato,2025-12-05 05:37:00,reese.costa@acme-fake.test,Emerson Larsson,2025-08-27 07:49:00,elena.silva@acme-fake.test,Rowan Brooks,2026-04-02 12:38:00,,,,N,Mei Costa,Liam Ivanov,100398,Other,100126,Scheduled a check-in for the coming month.,Y,,,SKU-9339,,,Arjun Mercer
100516,Job,108527,riley.okafor@acme-fake.test,Yara Garcia,2023-01-08 14:30:00,elena.patel@acme-fake.test,Alex Sloan,2025-05-11 06:37:00,drew.whitfield@sampleco.test,Morgan Silva,2023-12-01 20:46:00,,,,Y,Rowan Kim,Fatima Mensah,100171,Beta,100176,,N,,100383,LOT-8442,,,Diego Sloan
100351,Job,108528,liam.ford@acme-fake.test,Arjun Haddad,2025-08-21 14:22:00,taylor.calder@acme-fake.test,Liam Ashby,2026-06-20 08:23:00,skyler.ivanov@examplecorp.test,Sofia Sloan,2024-10-22 21:41:00,,,,N,Reese Costa,Yara Vance,100063,Delta,100734,,N,,100792,SKU-2617,,,Chen Costa
100393,Job,108531,rahul.nguyen@examplecorp.test,Priya Kim,2024-12-26 08:36:00,liam.ashby@sampleco.test,Avery Mercer,2023-03-12 19:16:00,sofia.calder@sampleco.test,Rahul Ashby,2022-10-24 18:03:00,,,,N,Riley Ashby,Jordan Nguyen,100281,Other,100037,,N,,,SKU-1706,,105078,Aisha Sato
100780,Job,108534,noah.larsson@acme-fake.test,Chen Larsson,2024-03-18 16:17:00,diego.rossi@examplecorp.test,Morgan Nguyen,2024-08-10 22:25:00,taylor.blake@sampleco.test,Yara Nguyen,2025-06-06 10:04:00,,,,Y,Avery Ivanov,Drew Silva,100559,Gamma,100339,,Y,,100479,SKU-8575,,106566,Avery Ivanov
100759,Job,108536,aisha.garcia@sampleco.test,Jamie Dorsey,2026-05-22 16:19:00,avery.kim@examplecorp.test,Noah Silva,2025-05-26 22:56:00,mei.ashby@acme-fake.test,Avery Brooks,2025-12-04 02:28:00,,,,N,Liam Ashby,Nina Garcia,100302,Beta,100141,,N,,100063,TAG-7395,,106520,Liam Mensah
100117,Job,108538,quinn.cohen@sampleco.test,Aisha Dorsey,2023-04-24 09:48:00,jamie.haddad@acme-fake.test,Rowan Patel,2026-01-18 07:16:00,quinn.patel@sampleco.test,Emerson Costa,2023-01-20 23:52:00,,,,N,Liam Costa,Skyler Ivanov,100726,Other,100113,,Y,,100744,REF-6326,,105391,Quinn Whitfield
100146,Job,108541,alex.ford@acme-fake.test,Taylor Haddad,2025-11-26 08:23:00,aisha.larsson@demomail.test,Yara Nguyen,2025-02-03 12:52:00,arjun.dorsey@demomail.test,Morgan Ashby,2023-01-09 01:18:00,,,,N,Fatima Costa,Liam Nguyen,100767,Beta,100267,,N,,100717,SKU-1342,,105089,Omar Okafor
100041,Job,108543,priya.larsson@acme-fake.test,Nina Reyes,2025-08-13 10:31:00,liam.calder@acme-fake.test,Elena Kim,2023-01-05 03:12:00,noah.patel@demomail.test,Riley Blake,2023-09-30 20:02:00,,,,N,Aisha Ivanov,Liam Nguyen,100758,Beta,100243,Noted a concern to revisit at the next sync.,N,Beta,100475,LOT-3341,,104997,Fatima Garcia
100738,Job,108545,rahul.cohen@examplecorp.test,Taylor Patel,2023-05-09 00:29:00,elena.calder@acme-fake.test,Chen Reyes,2023-01-16 16:32:00,omar.calder@demomail.test,Reese Dorsey,2023-10-01 11:51:00,,,,Y,Riley Okafor,Reese Calder,100568,Other,100474,,Y,,100376,SKU-2409,,,Reese Kim
100432,Job,108548,riley.costa@acme-fake.test,Drew Sloan,2024-03-15 11:33:00,emerson.garcia@sampleco.test,Arjun Mercer,2023-03-08 06:05:00,omar.ashby@sampleco.test,Emerson Ford,2023-11-17 20:53:00,,,,Y,Nina Ivanov,Emerson Reyes,100652,Alpha,100543,,Y,,100771,SKU-9061,,,Rowan Patel
100344,Job,108549,taylor.vance@demomail.test,Marco Reyes,2024-12-19 18:42:00,omar.silva@demomail.test,Skyler Rossi,2026-01-20 19:20:00,liam.mercer@sampleco.test,Liam Vance,2024-03-19 09:43:00,,,,Y,Mei Rossi,Aisha Cohen,100487,Standard,100735,Scheduled a check-in for the coming month.,Y,,,LOT-8670,,,Elena Brooks
100793,Job,108550,rahul.sato@examplecorp.test,Noah Vance,2024-07-23 18:31:00,yara.costa@examplecorp.test,Elena Ashby,2023-11-08 03:36:00,mei.patel@sampleco.test,Marco Blake,2023-12-24 14:26:00,,,,N,Alex Vance,Aisha Brooks,100464,Standard,100026,,Y,,,TAG-9499,,106323,Jamie Sato
100477,Job,108551,jordan.garcia@sampleco.test,Morgan Costa,2025-03-17 04:24:00,nina.ashby@acme-fake.test,Marco Sloan,2026-07-25 19:30:00,rahul.mercer@demomail.test,Noah Cohen,2025-02-23 17:46:00,,,,N,Taylor Cohen,Emerson Ford,100535,Alpha,100117,,N,,100551,LOT-2046,,,Yara Cohen
100530,Job,108553,fatima.mercer@acme-fake.test,Elena Rossi,2025-10-24 18:18:00,rahul.costa@sampleco.test,Noah Sato,2025-07-07 09:39:00,priya.sloan@sampleco.test,Sofia Brooks,2024-01-10 06:06:00,,,,Y,Arjun Patel,Diego Patel,100345,Standard,100616,Scheduled a check-in for the coming month.,N,,100398,TAG-4129,,106382,Riley Sato
100803,Job,108554,jordan.rossi@demomail.test,Fatima Silva,2026-06-17 08:45:00,rowan.sato@examplecorp.test,Sofia Costa,2023-12-12 04:32:00,liam.okafor@examplecorp.test,Fatima Larsson,2022-10-11 11:24:00,,,,N,Jordan Mercer,Drew Garcia,100301,Gamma,100627,,Y,,100156,LOT-4915,,,Omar Silva
100051,Job,108555,marco.ivanov@sampleco.test,Priya Brooks,2025-11-15 11:14:00,mei.rossi@sampleco.test,Alex Ivanov,2024-06-19 01:37:00,sofia.whitfield@demomail.test,Drew Ashby,2023-06-11 18:52:00,,,,Y,Alex Rossi,Marco Brooks,100793,Beta,100574,Noted a concern to revisit at the next sync.,N,,100177,LOT-9319,,106102,Aisha Larsson
100008,Job,108558,avery.dorsey@demomail.test,Chen Okafor,2026-04-09 19:08:00,elena.patel@examplecorp.test,Taylor Silva,2026-07-07 14:10:00,diego.okafor@sampleco.test,Reese Kim,2024-10-13 16:35:00,,,,Y,Yara Larsson,Jamie Haddad,100352,Beta,100563,,N,,100172,REF-3086,,106595,Elena Haddad
100008,Job,108560,skyler.silva@examplecorp.test,Chen Dorsey,2023-06-26 16:52:00,mei.ivanov@examplecorp.test,Fatima Sloan,2025-01-15 01:31:00,fatima.ashby@demomail.test,Avery Rossi,2023-05-06 07:07:00,,,,N,Jordan Mensah,Marco Brooks,100770,Standard,100532,Resolved the outstanding question about scope.,N,,,SKU-3353,,,Marco Ashby
100229,Job,108563,alex.rossi@examplecorp.test,Sofia Larsson,2026-07-28 02:52:00,omar.patel@sampleco.test,Skyler Ivanov,2023-07-16 01:37:00,marco.kim@sampleco.test,Taylor Mercer,2025-09-27 04:07:00,,,,Y,Alex Sato,Emerson Reyes,100676,Alpha,100518,,Y,,100426,REF-4799,,105784,Diego Okafor
100627,Job,108565,priya.larsson@sampleco.test,Arjun Calder,2023-04-02 03:30:00,taylor.ashby@sampleco.test,Chen Sato,2025-07-14 13:00:00,chen.ivanov@demomail.test,Alex Ford,2022-10-26 07:18:00,,,,N,Sofia Larsson,Fatima Blake,100690,Alpha,100209,,N,,,SKU-1262,,105600,Omar Calder
100046,Job,108566,taylor.nguyen@sampleco.test,Morgan Dorsey,2026-05-05 16:22:00,casey.ford@examplecorp.test,Aisha Mensah,2024-02-01 15:16:00,riley.nguyen@acme-fake.test,Noah Calder,2022-12-02 09:45:00,,,,N,Chen Brooks,Avery Dorsey,100171,Gamma,100613,,Y,,,LOT-3956,,105214,Rowan Sato
100139,Job,108567,casey.cohen@sampleco.test,Jordan Reyes,2026-06-08 15:35:00,nina.garcia@acme-fake.test,Reese Larsson,2023-10-24 04:17:00,aisha.reyes@demomail.test,Reese Ford,2025-11-27 01:11:00,,,,Y,Riley Blake,Diego Ford,100257,Other,100535,Noted a concern to revisit at the next sync.,Y,,100459,REF-7883,,105051,Alex Silva
100240,Job,108570,skyler.brooks@examplecorp.test,Reese Cohen,2024-03-15 23:46:00,nina.nguyen@examplecorp.test,Emerson Dorsey,2024-09-02 16:23:00,reese.mercer@demomail.test,Morgan Blake,2026-01-14 18:45:00,,,,N,Nina Cohen,Morgan Rossi,100709,Delta,100200,Reviewed performance and gathered feedback.,Y,,,SKU-8914,,,Nina Ivanov
100239,Job,108571,priya.sato@examplecorp.test,Quinn Nguyen,2022-12-19 02:29:00,sofia.vance@examplecorp.test,Alex Rossi,2026-07-24 12:57:00,arjun.mensah@examplecorp.test,Yara Vance,2023-06-01 16:24:00,,,,N,Emerson Garcia,Omar Brooks,100702,Beta,100652,,Y,,100370,LOT-5227,,105287,Avery Patel
100585,Job,108572,omar.cohen@demomail.test,Reese Silva,2022-11-09 08:08:00,taylor.sato@sampleco.test,Taylor Blake,2023-06-26 09:35:00,jordan.sloan@examplecorp.test,Riley Whitfield,2024-08-01 12:52:00,,,,N,Yara Ashby,Casey Sloan,100302,Standard,100090,,Y,,,SKU-3963,,106247,Noah Cohen
100313,Job,108575,marco.kim@examplecorp.test,Chen Sloan,2026-05-16 17:57:00,chen.larsson@examplecorp.test,Casey Ivanov,2026-02-12 17:35:00,jordan.ivanov@examplecorp.test,Aisha Blake,2023-06-24 09:25:00,,,,Y,Yara Sloan,Diego Larsson,100759,Alpha,100526,Discussed timeline and next steps with the account.,Y,,,LOT-6357,,105627,Taylor Cohen
100012,Job,108578,arjun.patel@acme-fake.test,Marco Mensah,2024-06-24 13:22:00,nina.larsson@sampleco.test,Morgan Ashby,2023-09-23 00:21:00,casey.okafor@acme-fake.test,Morgan Larsson,2025-04-18 23:24:00,,,,Y,Jordan Garcia,Jordan Larsson,100709,Gamma,100012,Aligned on billing and renewal terms.,Y,,,TAG-5109,,106415,Alex Sloan
100345,Job,108580,noah.garcia@examplecorp.test,Reese Patel,2023-12-14 08:18:00,alex.silva@acme-fake.test,Sofia Larsson,2026-02-02 04:05:00,mei.blake@acme-fake.test,Jamie Costa,2025-11-28 22:31:00,,,,N,Sofia Whitfield,Mei Rossi,100343,Other,100496,Noted a concern to revisit at the next sync.,N,,100370,TAG-8465,,105151,Morgan Sloan
100613,Job,108581,avery.whitfield@demomail.test,Diego Kim,2023-01-16 07:26:00,mei.rossi@sampleco.test,Elena Brooks,2024-09-14 22:50:00,omar.ashby@examplecorp.test,Liam Sloan,2023-09-19 07:19:00,,,,N,Rahul Cohen,Alex Haddad,100216,Standard,100417,Resolved the outstanding question about scope.,N,,100334,LOT-1488,,104977,Morgan Ivanov
100758,Job,108584,morgan.vance@sampleco.test,Quinn Okafor,2025-05-09 04:20:00,alex.dorsey@acme-fake.test,Chen Ford,2024-09-01 11:26:00,drew.vance@demomail.test,Riley Calder,2023-02-19 01:44:00,,,,Y,Fatima Blake,Liam Whitfield,100073,Gamma,100511,,Y,,,TAG-7035,,104874,Noah Reyes
100593,Job,108586,diego.vance@sampleco.test,Omar Nguyen,2023-05-28 07:22:00,diego.rossi@sampleco.test,Arjun Nguyen,2024-02-23 06:47:00,riley.silva@acme-fake.test,Aisha Sato,2024-09-14 12:38:00,,,,N,Riley Cohen,Diego Patel,100741,Other,100523,,Y,,100758,REF-2618,,105274,Omar Mensah
100735,Job,108587,alex.whitfield@demomail.test,Liam Ashby,2026-03-31 11:49:00,fatima.reyes@demomail.test,Jamie Vance,2025-11-05 09:13:00,avery.costa@demomail.test,Noah Ivanov,2024-07-03 17:51:00,,,,Y,Priya Ashby,Mei Sato,100552,Standard,100229,,N,,100477,REF-3425,,106572,Nina Cohen
100090,Job,108590,morgan.nguyen@demomail.test,Casey Okafor,2024-10-19 07:18:00,noah.ford@demomail.test,Drew Haddad,2026-01-13 01:24:00,jordan.mensah@acme-fake.test,Rahul Kim,2023-09-02 02:39:00,,,,Y,Reese Larsson,Mei Vance,100343,Delta,100742,,N,,,LOT-8677,,105979,Arjun Dorsey
100366,Job,108593,avery.costa@acme-fake.test,Mei Costa,2026-04-05 15:13:00,marco.sloan@examplecorp.test,Avery Ford,2023-08-13 17:35:00,reese.mercer@sampleco.test,Marco Sato,2025-08-16 10:18:00,,,,Y,Yara Whitfield,Noah Mensah,100459,Beta,100242,,N,,100620,TAG-1836,,,Mei Reyes
100091,Job,108595,quinn.sloan@acme-fake.test,Fatima Haddad,2025-12-13 09:29:00,aisha.nguyen@demomail.test,Noah Silva,2025-08-17 23:24:00,noah.calder@examplecorp.test,Skyler Patel,2022-12-16 07:39:00,,,,Y,Rowan Nguyen,Morgan Cohen,100672,Standard,100176,Aligned on billing and renewal terms.,N,,,LOT-1263,,105906,Mei Mensah
100477,Job,108596,noah.vance@acme-fake.test,Jordan Rossi,2026-01-19 18:45:00,taylor.ford@acme-fake.test,Omar Blake,2025-06-14 05:33:00,aisha.brooks@demomail.test,Marco Larsson,2023-05-09 02:28:00,,,,Y,Diego Okafor,Casey Haddad,100449,Beta,100555,Aligned on billing and renewal terms.,N,,100685,SKU-4240,,106321,Avery Rossi
100440,Job,108597,marco.garcia@sampleco.test,Reese Reyes,2026-05-01 19:11:00,mei.larsson@acme-fake.test,Omar Mensah,2025-03-13 16:44:00,jordan.sato@acme-fake.test,Avery Ivanov,2024-04-02 00:17:00,,,,Y,Aisha Silva,Priya Costa,100066,Gamma,100005,,N,,,REF-3759,,,Fatima Sato
100622,Job,108599,riley.kim@demomail.test,Rowan Ford,2025-01-27 18:18:00,omar.sloan@acme-fake.test,Marco Ford,2026-04-18 08:25:00,elena.whitfield@sampleco.test,Elena Mensah,2024-07-06 21:51:00,,,,Y,Casey Silva,Marco Cohen,100758,Delta,100486,Resolved the outstanding question about scope.,Y,,,REF-4490,,,Drew Cohen
100479,Job,108600,drew.larsson@examplecorp.test,Quinn Okafor,2026-02-16 21:24:00,diego.ford@demomail.test,Marco Ford,2025-10-11 04:31:00,emerson.haddad@demomail.test,Nina Costa,2026-01-01 10:16:00,,,,N,Avery Patel,Marco Okafor,100034,Alpha,100516,,Y,,100485,REF-8957,,,Drew Vance
100498,Job,108602,yara.patel@sampleco.test,Priya Ford,2023-04-21 02:46:00,priya.larsson@demomail.test,Arjun Larsson,2024-05-18 18:07:00,marco.dorsey@acme-fake.test,Arjun Mensah,2023-01-18 13:48:00,,,,Y,Mei Nguyen,Jamie Rossi,100351,Beta,100146,Followed up on the open items from last week.,Y,,100498,TAG-7752,,105606,Omar Calder
100143,Job,108605,arjun.dorsey@demomail.test,Nina Okafor,2026-04-09 10:04:00,sofia.mercer@acme-fake.test,Taylor Mercer,2022-12-06 03:12:00,chen.mercer@examplecorp.test,Liam Patel,2025-12-23 14:55:00,,,,Y,Casey Ashby,Emerson Ford,100200,Beta,100585,,N,,,TAG-6718,,,Omar Patel
100383,Job,108606,yara.patel@demomail.test,Aisha Patel,2024-11-04 05:44:00,priya.ashby@sampleco.test,Mei Brooks,2026-04-25 20:53:00,rahul.okafor@acme-fake.test,Riley Whitfield,2026-07-25 13:30:00,,,,Y,Alex Mercer,Jordan Costa,100582,Standard,100631,,Y,,100741,REF-6770,,105159,Riley Rossi
100492,Job,108607,riley.reyes@examplecorp.test,Yara Whitfield,2025-05-18 11:03:00,casey.nguyen@acme-fake.test,Rahul Blake,2023-04-13 04:36:00,noah.nguyen@examplecorp.test,Mei Haddad,2025-06-04 05:18:00,,,,Y,Sofia Ashby,Elena Calder,100224,Gamma,100206,,Y,,,REF-1165,,,Avery Larsson
100613,Job,108610,morgan.mensah@examplecorp.test,Drew Dorsey,2025-09-12 07:16:00,mei.whitfield@sampleco.test,Taylor Brooks,2025-08-16 08:58:00,drew.patel@examplecorp.test,Marco Rossi,2023-08-04 01:19:00,,,,Y,Rowan Mercer,Casey Silva,100220,Gamma,100267,Reviewed performance and gathered feedback.,N,,,TAG-7600,,105909,Jamie Costa
