Active,Content,Date,Event Name,Event Name & Date,Location,Reminder Date,Strategic Channel,Summary,Entity_Type_ID,Entity_Type_Name,Entity_ID,Owned_by_SAM,Owned_by_Display_Name,Own_Datetime,Created_by_SAM,Created_by_Display_Name,Created_Datetime,Modified_by_Sam,Modified_by_Display_Name,Modified_Datetime,Assigned_to_Sam,Assigned_to_Display_Name,Assign_Datetime,Is_Active,STRATEGIC_CHANNEL_EXD_OBJECT_ID,Own_Datetime Date,Own_Datetime Year,Own_Datetime Month,Own_Datetime Quarter,Own_Datetime YearMonth,Own_Datetime YearQuarter,Own_Datetime DateRange,Own_Datetime WeekNumber,Own_Datetime Week,Own_Datetime MonthSince,Own_Datetime WeekSince,Own_Datetime DaySince,Own_Datetime MonthsSinceCat,Modified_Datetime Date,Modified_Datetime Year,Modified_Datetime Month,Modified_Datetime Quarter,Modified_Datetime YearMonth,Modified_Datetime YearQuarter,Modified_Datetime DateRange,Modified_Datetime WeekNumber,Modified_Datetime Week,Modified_Datetime MonthSince,Modified_Datetime WeekSince,Modified_Datetime DaySince,Modified_Datetime MonthsSinceCat,Assign_Datetime Date,Assign_Datetime Year,Assign_Datetime Month,Assign_Datetime Quarter,Assign_Datetime YearMonth,Assign_Datetime YearQuarter,Assign_Datetime DateRange,Assign_Datetime WeekNumber,Assign_Datetime Week,Assign_Datetime MonthSince,Assign_Datetime WeekSince,Assign_Datetime DaySince,Assign_Datetime MonthsSinceCat,DATE_OF_EVENT Date,DATE_OF_EVENT Year,DATE_OF_EVENT Month,DATE_OF_EVENT Quarter,DATE_OF_EVENT YearMonth,DATE_OF_EVENT YearQuarter,DATE_OF_EVENT DateRange,DATE_OF_EVENT WeekNumber,DATE_OF_EVENT Week,DATE_OF_EVENT MonthSince,DATE_OF_EVENT WeekSince,DATE_OF_EVENT DaySince,DATE_OF_EVENT MonthsSinceCat,REMINDER_DATE Date,REMINDER_DATE Year,REMINDER_DATE Month,REMINDER_DATE Quarter,REMINDER_DATE YearMonth,REMINDER_DATE YearQuarter,REMINDER_DATE DateRange,REMINDER_DATE WeekNumber,REMINDER_DATE Week,REMINDER_DATE MonthSince,REMINDER_DATE WeekSince,REMINDER_DATE DaySince,REMINDER_DATE MonthsSinceCat,ENTITY_URL
N,,TAG-7760,Northwind Expo,Brightpath Roundtable - 2022-11-18,SKU-4901,LOT-1813,,Noted a concern to revisit at the next sync.,100654,Marketing Event,101780,sofia.sato@sampleco.test,Morgan Sloan,2023-06-06 22:30:00,sofia.okafor@examplecorp.test,Reese Kim,2026-07-01 09:19:00,arjun.brooks@demomail.test,Quinn Costa,2024-01-15 06:23:00,rahul.nguyen@acme-fake.test,,2023-05-31 23:24:00,Y,100188,2022-12-22 23:27:00,2861,8256,Alpha,Beta,Delta,REF-9106,3804,2802,7215,3502,6906,Other,2025-12-01 15:52:00,1038,5933,Gamma,Other,Alpha,Alpha,6763,229,5844,5925,3070,Delta,2025-10-04 20:20:00,,,,,,,,,,,,,2025-06-27,5535,8725,Alpha,LOT-1013,TAG-3277,REF-4415,9108,493,1406,9832,7886,Alpha,2026-07-07,,,,,,,,,,,,,Shared the updated proposal for review.
Y,,SKU-7444,Horizon Expo,Evergreen Expo - 2022-12-04,LOT-5656,,,Shared the updated proposal for review.,100208,Marketing Event,101783,noah.garcia@acme-fake.test,Casey Kim,2023-04-01 08:28:00,riley.mensah@sampleco.test,Fatima Whitfield,2024-03-21 03:55:00,jamie.ivanov@demomail.test,Emerson Patel,2023-07-21 09:50:00,chen.vance@demomail.test,,2024-03-09 04:07:00,N,100189,2026-05-12 07:17:00,5445,254,Alpha,Other,Gamma,LOT-2744,6379,517,2627,7730,1748,Gamma,2023-12-21 23:08:00,9404,5308,Delta,Beta,Gamma,Gamma,1525,9387,8473,595,3909,Other,2025-04-01 04:49:00,,,,,,,,,,,,,2022-11-07,9062,2066,Alpha,LOT-3833,SKU-7982,LOT-7502,9013,7307,8659,7267,2178,Beta,2023-02-09,,,,,,REF-3490,,,294,6082,,,Aligned on billing and renewal terms.
N,,SKU-2306,Pioneer Webinar,Everest Expo - 2023-01-10,SKU-6416,,,,100486,Marketing Event,101785,quinn.mercer@examplecorp.test,Morgan Silva,2024-12-01 15:08:00,mei.vance@examplecorp.test,Morgan Mensah,2024-12-24 00:27:00,morgan.reyes@demomail.test,Rowan Nguyen,2023-05-01 00:06:00,quinn.ford@demomail.test,,2026-05-06 13:59:00,N,100563,2026-03-15 22:48:00,9644,8150,Other,Delta,Alpha,TAG-3706,6492,6147,8623,4243,3226,Delta,2024-09-02 04:17:00,9860,8341,Delta,Beta,Other,Gamma,4817,3694,9301,3019,7162,Gamma,2024-08-26 04:17:00,,,,,,,,,,,,,2025-08-05,6303,396,Beta,TAG-9864,TAG-6084,,8349,9214,6254,5218,8172,,2024-01-10,8051,,Standard,,Standard,,,5446,1357,,,,Reviewed performance and gathered feedback.
Y,,TAG-7126,Summit Summit,Northwind Webinar - 2026-02-17,REF-8733,,,Reviewed performance and gathered feedback.,100280,Marketing Event,101786,rowan.ford@examplecorp.test,Jamie Vance,2025-11-21 02:59:00,elena.blake@acme-fake.test,Chen Mensah,2024-09-04 10:22:00,yara.nguyen@examplecorp.test,Casey Cohen,2024-08-03 19:55:00,noah.ashby@demomail.test,,2026-01-20 11:11:00,N,100582,2025-02-10 11:08:00,5646,1371,Other,Standard,Standard,SKU-5096,6971,7632,6248,9030,9525,Delta,2025-11-24 03:52:00,2378,4120,Other,Standard,Gamma,Gamma,4498,2324,2641,1464,6896,Beta,2023-06-27 17:41:00,,,,,,,,,,,8575,,2026-02-11,6825,8021,Gamma,REF-8454,REF-8203,TAG-8334,749,7789,8834,1410,2281,Other,2025-09-29,8568,,Beta,,,,,,,,,,Noted a concern to revisit at the next sync.
N,,SKU-3312,Copper Roundtable,Redwood Expo - 2023-03-18,LOT-8753,REF-2879,,Discussed timeline and next steps with the account.,100417,Marketing Event,101788,arjun.nguyen@acme-fake.test,Jordan Garcia,2023-01-22 16:05:00,morgan.dorsey@sampleco.test,Drew Larsson,2025-12-14 03:40:00,riley.nguyen@demomail.test,Marco Patel,2023-05-10 13:09:00,elena.costa@examplecorp.test,,2023-03-11 18:22:00,Y,100646,2024-02-06 05:25:00,9756,3112,Other,Delta,Alpha,REF-1149,1595,2817,5204,4293,5737,Other,2026-05-06 19:32:00,8480,1870,Alpha,Delta,Standard,Delta,2335,786,5487,3676,7962,Beta,2024-05-11 14:06:00,,,,,,,,,,,,,2022-11-05,8264,4402,Delta,REF-8060,SKU-5835,LOT-4874,7233,6549,7250,3493,4650,Other,2024-08-13,,3108,,Gamma,,,,,,,,,Discussed timeline and next steps with the account.
N,,LOT-7263,Blue Ridge Roundtable,Meridian Webinar - 2026-07-19,TAG-8126,SKU-2333,,Noted a concern to revisit at the next sync.,100497,Marketing Event,101790,jamie.mensah@demomail.test,Arjun Sloan,2023-09-30 13:47:00,diego.patel@examplecorp.test,Mei Blake,2026-02-16 21:52:00,alex.whitfield@sampleco.test,Chen Sloan,2022-11-16 14:00:00,avery.mercer@acme-fake.test,,2025-03-12 23:23:00,N,,2023-06-14 08:02:00,6362,8673,Other,Other,Other,TAG-5429,5723,4350,9597,2255,5957,Alpha,2024-05-09 23:40:00,122,5724,Beta,Gamma,Gamma,Beta,4220,1016,4525,7683,9332,Beta,2025-12-29 11:58:00,,,,,,,,,,,,,2025-12-28,2303,2170,Beta,TAG-7300,TAG-3575,SKU-8176,7002,24,6788,8783,7807,Alpha,2025-01-11,,,Alpha,,,,,,2121,9694,,,Reviewed performance and gathered feedback.
Y,,SKU-2499,Falcon Summit,Beacon Summit - 2026-04-14,LOT-7682,,Beta,,100539,Marketing Event,101793,reese.larsson@demomail.test,Sofia Ivanov,2023-11-06 10:11:00,alex.sato@demomail.test,Skyler Reyes,2025-03-30 12:53:00,elena.calder@sampleco.test,Rowan Vance,2025-11-24 05:50:00,jamie.cohen@examplecorp.test,,2025-02-22 13:12:00,Y,100654,2023-06-17 10:55:00,6513,2007,Other,Standard,Alpha,REF-3650,9681,4506,7319,3806,119,Delta,2026-01-18 15:01:00,7585,9600,Alpha,Gamma,Alpha,Gamma,419,1479,3428,1207,6500,Alpha,2024-01-23 23:42:00,,,,,,,,,,,,,2023-12-09,6430,7089,Standard,SKU-1491,SKU-8761,LOT-8325,633,8936,6750,4054,1003,Standard,2026-03-25,,9058,,Beta,,,,,,9362,,,Scheduled a check-in for the coming month.
Y,Discussed timeline and next steps with the account.,LOT-2120,Atlas Summit,Beacon Expo - 2026-05-01,TAG-3273,,,Discussed timeline and next steps with the account.,100780,Marketing Event,101795,noah.silva@examplecorp.test,Nina Blake,2023-11-01 10:02:00,omar.costa@examplecorp.test,Priya Ivanov,2024-11-27 00:44:00,casey.haddad@demomail.test,Rahul Calder,2025-10-03 12:03:00,avery.kim@sampleco.test,,2024-03-24 18:05:00,N,100008,2023-10-22 23:36:00,2676,5297,Beta,Other,Standard,LOT-1403,509,278,7789,7298,6405,Other,2024-07-24 17:52:00,43,8962,Delta,Other,Gamma,Gamma,2818,7685,2912,1,4887,Alpha,2024-11-08 09:14:00,,,,,,,,,,,,,2025-08-24,6235,7593,Gamma,,REF-5622,SKU-5279,8948,4726,815,8,1243,Standard,2026-04-11,3293,,,,,,,7162,,,,,Noted a concern to revisit at the next sync.
Y,,REF-6567,Summit Roundtable,Harbor Webinar - 2024-12-30,REF-8285,,,Scheduled a check-in for the coming month.,100080,Marketing Event,101796,aisha.reyes@acme-fake.test,Casey Cohen,2024-04-18 13:12:00,drew.garcia@demomail.test,Jamie Okafor,2025-08-10 08:44:00,fatima.vance@demomail.test,Yara Whitfield,2023-01-28 19:10:00,elena.silva@sampleco.test,,2025-10-08 16:11:00,Y,100063,2024-04-30 18:11:00,6235,9730,Gamma,Delta,Standard,TAG-6684,8602,3954,5489,5918,6096,Delta,2024-03-22 02:35:00,2918,6248,Gamma,Delta,Delta,Beta,9304,8278,631,22,2073,Standard,2026-04-06 15:33:00,,,,,,,,,,,,,2025-06-27,772,1505,Beta,LOT-2584,LOT-9897,TAG-4258,7331,283,5684,1929,3813,Beta,2023-12-24,,,,,Other,SKU-4226,,,,,,Alpha,Noted a concern to revisit at the next sync.
Y,,LOT-6858,Pioneer Summit,Blue Ridge Roundtable - 2024-02-17,TAG-8653,,,Shared the updated proposal for review.,100447,Marketing Event,101797,reese.mensah@acme-fake.test,Alex Rossi,2026-06-27 13:03:00,mei.ivanov@acme-fake.test,Sofia Dorsey,2024-01-09 04:44:00,alex.mercer@demomail.test,Morgan Cohen,2023-02-10 07:08:00,aisha.ashby@demomail.test,,2022-11-14 05:31:00,N,100616,2025-06-10 03:23:00,4705,9049,Delta,Beta,Other,REF-6643,4190,4257,9647,7712,3209,Gamma,2024-02-09 03:28:00,5648,1773,Gamma,Gamma,Other,Standard,7704,4854,2763,2512,4773,Beta,2024-07-08 03:34:00,,,,,,,,,,,3464,,2024-08-22,2036,3273,Delta,TAG-1502,LOT-1545,REF-5941,9309,7735,1982,2865,7997,Alpha,2025-09-05,2252,,,,Gamma,,,7200,4957,5038,5145,Standard,Reviewed performance and gathered feedback.
Y,Followed up on the open items from last week.,SKU-9712,Falcon Summit,Cobalt Roundtable - 2026-03-03,REF-8806,,,Shared the updated proposal for review.,100452,Marketing Event,101800,rowan.mercer@sampleco.test,Aisha Patel,2024-03-09 02:09:00,omar.nguyen@acme-fake.test,Elena Larsson,2025-08-12 17:24:00,alex.brooks@examplecorp.test,Liam Whitfield,2024-01-29 20:29:00,chen.costa@examplecorp.test,,2026-03-22 20:55:00,N,,2024-09-05 19:52:00,8741,7625,Delta,Beta,Other,REF-2540,5025,9522,9138,7567,5356,Gamma,2024-03-25 18:25:00,8762,3517,Alpha,Gamma,Alpha,Standard,8371,7441,5797,4341,5918,Delta,2026-04-27 16:34:00,,,,,,,,,,,,,2022-11-30,9512,2116,Gamma,REF-7947,SKU-8107,LOT-1135,8001,989,891,8455,4594,Standard,2026-04-12,,7519,,,,,,,,,9865,,Scheduled a check-in for the coming month.
Y,,REF-8503,Everest Webinar,Redwood Expo - 2023-09-21,SKU-7553,,,,100715,Marketing Event,101803,rahul.brooks@acme-fake.test,Aisha Silva,2025-08-26 19:30:00,casey.dorsey@demomail.test,Reese Ford,2023-02-19 03:43:00,nina.reyes@sampleco.test,Diego Costa,2024-08-22 19:38:00,drew.ashby@acme-fake.test,,2026-03-13 15:12:00,N,,2023-03-13 17:04:00,6329,3364,Standard,Gamma,Standard,REF-1123,4710,5094,7364,4308,3940,Delta,2024-10-23 03:45:00,6648,2947,Gamma,Delta,Other,Standard,6795,907,7935,2934,1167,Other,2024-12-27 19:44:00,,,,,,,,,,,,,2023-09-14,2861,2598,Beta,LOT-4787,LOT-9339,SKU-2671,2576,3260,2855,9202,6844,Alpha,2024-10-21,,,,Other,Delta,SKU-2280,,7996,8186,,,,Followed up on the open items from last week.
N,,SKU-6588,Granite Summit,Meridian Expo - 2024-05-06,TAG-6641,SKU-3867,,Aligned on billing and renewal terms.,100255,Marketing Event,101804,liam.cohen@examplecorp.test,Reese Dorsey,2026-07-15 02:24:00,taylor.vance@acme-fake.test,Priya Mensah,2024-07-18 11:38:00,casey.silva@sampleco.test,Rowan Haddad,2023-01-12 11:43:00,elena.mercer@acme-fake.test,,2025-02-03 21:27:00,N,100169,2024-09-30 22:40:00,5280,7004,Other,Alpha,Standard,LOT-5161,8613,9026,1357,9968,6549,Beta,2024-08-03 11:21:00,1089,9931,Standard,Other,Delta,Gamma,7531,5983,6638,9363,6117,Beta,2023-06-19 18:24:00,,,Beta,,,,,,,,,,2025-10-30,5449,311,Gamma,LOT-2954,LOT-8507,LOT-8518,4959,1777,8196,7383,9005,Beta,2026-03-16,4487,4529,Alpha,Delta,,,,,,,,,Resolved the outstanding question about scope.
Y,,LOT-5379,Cobalt Roundtable,Summit Roundtable - 2024-10-09,REF-7758,TAG-8752,,,100579,Marketing Event,101805,mei.ashby@acme-fake.test,Skyler Ashby,2025-05-31 02:13:00,sofia.ivanov@acme-fake.test,Diego Mercer,2022-12-29 02:23:00,elena.ashby@acme-fake.test,Avery Rossi,2024-06-01 03:24:00,arjun.sloan@sampleco.test,,2025-09-12 22:11:00,N,100285,2025-03-15 23:38:00,2246,4668,Alpha,Beta,Other,REF-5935,3044,3174,7627,2819,114,Delta,2025-07-31 14:06:00,6529,7529,Delta,Alpha,Beta,Delta,3210,9049,7936,616,7901,Other,2025-03-06 08:43:00,,,,,,,,,,,,,2023-03-02,9456,6687,,TAG-2739,LOT-5206,LOT-8260,8013,6406,6438,4302,279,Standard,2023-12-27,7878,,,,Other,,,5699,,,,,Reviewed performance and gathered feedback.
Y,,REF-6412,Keystone Expo,Granite Summit - 2024-05-23,REF-4089,,,Shared the updated proposal for review.,100395,Marketing Event,101808,elena.costa@sampleco.test,Arjun Sato,2025-03-30 00:11:00,aisha.silva@demomail.test,Reese Sato,2024-01-29 01:23:00,skyler.vance@acme-fake.test,Rowan Vance,2022-10-16 21:42:00,avery.patel@examplecorp.test,,2024-02-27 10:14:00,N,,2022-10-17 13:45:00,871,6664,Other,Beta,Other,LOT-5973,3979,7659,9717,1010,8749,Standard,2023-04-08 11:58:00,4091,3898,Standard,Gamma,Beta,Standard,693,8033,9698,7398,3915,Standard,2024-08-12 03:43:00,,,,,,,,,,,,,2023-06-03,9399,2198,Standard,LOT-4471,LOT-4986,LOT-5798,499,801,4142,5763,8734,Standard,2025-07-17,6079,,Alpha,,,,,,,5020,,,Followed up on the open items from last week.
Y,,REF-4694,Vertex Expo,Copper Expo - 2024-05-03,TAG-3843,,,Resolved the outstanding question about scope.,100123,Marketing Event,101811,reese.silva@acme-fake.test,Sofia Costa,2023-09-06 18:20:00,skyler.ivanov@demomail.test,Aisha Ashby,2022-12-27 09:06:00,casey.reyes@acme-fake.test,Fatima Mercer,2023-06-09 13:18:00,taylor.mercer@examplecorp.test,,2023-02-05 12:59:00,N,,2023-08-30 01:57:00,6171,7817,Other,Beta,Other,SKU-2392,3913,3969,6680,1707,5476,Gamma,2023-11-03 05:07:00,4317,5196,Gamma,Delta,Alpha,Standard,4343,61,6162,2828,9654,Beta,2026-06-22 20:47:00,,,,,,,,,,,,,2022-12-02,4441,6427,Gamma,REF-7164,REF-2252,LOT-5836,1509,1047,1142,2681,1575,Beta,2022-12-03,,,,,Alpha,,677,3098,6656,7913,,Delta,Resolved the outstanding question about scope.
N,,TAG-7488,Keystone Summit,Summit Roundtable - 2026-05-04,SKU-9047,,,,100272,Marketing Event,101814,jordan.ford@acme-fake.test,Morgan Sato,2025-08-27 17:48:00,elena.blake@examplecorp.test,Fatima Reyes,2026-04-13 22:23:00,skyler.cohen@examplecorp.test,Liam Whitfield,2026-06-23 00:33:00,reese.nguyen@demomail.test,,2022-11-07 02:18:00,Y,,2025-12-07 23:49:00,7897,2128,Delta,Delta,Standard,TAG-6961,5641,3940,9802,2932,881,Beta,2025-04-01 01:50:00,3202,4748,Beta,Alpha,Gamma,Gamma,4350,1262,857,8738,805,Beta,2025-07-11 22:02:00,,,,,,,,,,,,,2026-05-25,4583,2195,Delta,REF-5225,LOT-1817,REF-7371,8241,5365,6448,3876,1833,Other,2025-09-14,,,,,,REF-2388,,,9590,,,Gamma,Followed up on the open items from last week.
N,,LOT-5738,Blue Ridge Summit,Northwind Expo - 2025-12-04,TAG-8071,,,Scheduled a check-in for the coming month.,100692,Marketing Event,101816,aisha.ivanov@acme-fake.test,Jamie Haddad,2024-11-25 16:11:00,drew.mercer@acme-fake.test,Riley Silva,2024-08-11 00:02:00,taylor.ford@sampleco.test,Aisha Blake,2025-01-16 01:11:00,sofia.kim@demomail.test,,2023-04-23 11:46:00,N,100060,2024-02-18 11:31:00,5815,7899,Other,Alpha,Other,LOT-1385,5820,3007,9375,4662,2008,Alpha,2025-07-03 21:26:00,3013,9947,Standard,Standard,Standard,Alpha,2411,5056,8476,1775,4499,Other,2023-11-10 05:26:00,,,,,,,,,,,,,2024-09-05,7990,8092,Gamma,REF-3060,REF-7274,SKU-3289,4843,6288,7866,1023,1267,Alpha,2025-02-22,,,,Beta,,,,,4305,,,,Reviewed performance and gathered feedback.
N,,TAG-1198,Vertex Roundtable,Granite Webinar - 2026-02-17,REF-1788,,,Followed up on the open items from last week.,100585,Marketing Event,101818,aisha.ashby@sampleco.test,Mei Costa,2024-07-10 03:25:00,aisha.cohen@examplecorp.test,Casey Whitfield,2023-10-19 00:27:00,avery.calder@sampleco.test,Sofia Sloan,2023-08-12 03:53:00,riley.nguyen@demomail.test,,2023-10-29 05:31:00,Y,100113,2026-07-25 16:28:00,6725,4524,Beta,Delta,Beta,SKU-1598,1585,1856,8913,6586,941,Gamma,2023-02-18 10:37:00,2928,96,Alpha,Standard,Gamma,Delta,8572,2441,2,6374,217,Delta,2024-03-30 02:53:00,,,,,,,,,,,,,2023-04-11,4714,4308,Delta,REF-4161,REF-6428,REF-2041,7303,4598,4488,3579,4347,,2024-10-25,566,,,,,,4570,7192,3141,,7653,Alpha,Reviewed performance and gathered feedback.
N,,LOT-4353,Horizon Summit,Everest Roundtable - 2025-07-20,SKU-1766,,,,100479,Marketing Event,101821,sofia.okafor@acme-fake.test,Taylor Calder,2025-01-03 10:27:00,rahul.blake@sampleco.test,Reese Vance,2024-06-18 09:51:00,emerson.cohen@examplecorp.test,Rowan Brooks,2023-11-20 06:29:00,marco.blake@examplecorp.test,,2025-06-15 20:40:00,Y,100426,2023-07-24 17:49:00,1734,8876,Gamma,Other,Other,REF-9261,8988,3483,7317,7586,9851,Beta,2026-03-14 04:04:00,3009,7361,Gamma,Beta,Delta,Beta,542,6131,4712,2018,4163,Delta,2023-06-08 17:35:00,,,,,,,,,,,,,2025-02-20,7779,8929,Standard,REF-5296,TAG-7435,LOT-8698,5088,1111,1648,1303,9073,Alpha,2024-12-23,5304,,,,,,,7365,,,,,Noted a concern to revisit at the next sync.
Y,,TAG-2641,Summit Expo,Granite Roundtable - 2024-11-04,TAG-2433,TAG-7484,,,100696,Marketing Event,101822,fatima.cohen@acme-fake.test,Reese Blake,2023-10-16 16:09:00,alex.vance@acme-fake.test,Noah Mensah,2026-01-11 18:02:00,emerson.reyes@acme-fake.test,Avery Dorsey,2025-02-11 10:18:00,aisha.cohen@acme-fake.test,,2024-03-29 05:46:00,N,100275,2024-03-03 11:26:00,145,9245,Other,Delta,Beta,LOT-8998,595,5539,2120,7723,6897,Beta,2024-03-12 03:25:00,4777,5772,Delta,Beta,Beta,Other,2559,250,5696,3034,7390,Standard,2025-04-24 03:18:00,,,,,,,,,,,,,2024-04-19,4145,3531,Delta,SKU-1663,REF-9992,TAG-3428,4948,2550,5254,6603,6010,Beta,2025-11-11,,,,,,,,7480,,,,Alpha,Reviewed performance and gathered feedback.
Y,,TAG-2037,Redwood Roundtable,Horizon Roundtable - 2026-01-03,SKU-2611,TAG-8616,,Followed up on the open items from last week.,100585,Marketing Event,101825,rahul.vance@acme-fake.test,Nina Mensah,2024-11-15 03:50:00,aisha.haddad@sampleco.test,Quinn Calder,2024-10-31 00:00:00,priya.whitfield@acme-fake.test,Avery Mensah,2023-01-21 03:33:00,riley.whitfield@sampleco.test,,2025-03-10 16:00:00,Y,,2026-07-29 10:00:00,9944,5138,Delta,Gamma,Gamma,SKU-4024,2867,5325,4750,127,137,Alpha,2024-05-24 01:38:00,9349,8195,Beta,Gamma,Gamma,Other,623,6851,3256,6631,3716,Alpha,2024-09-06 12:35:00,,,,,,,,,,,,,2024-01-27,6071,2836,Other,LOT-5037,REF-7331,SKU-4938,7372,5933,5349,,1789,Delta,2024-12-07,,1774,,Beta,,,,,6065,,,,Aligned on billing and renewal terms.
N,Noted a concern to revisit at the next sync.,LOT-9474,Beacon Summit,Evergreen Summit - 2023-05-25,REF-9067,LOT-1959,Standard,Shared the updated proposal for review.,100173,Marketing Event,101826,elena.rossi@acme-fake.test,Drew Dorsey,2023-08-09 11:36:00,sofia.dorsey@demomail.test,Fatima Whitfield,2022-12-03 08:27:00,quinn.vance@acme-fake.test,Liam Rossi,2022-11-29 12:25:00,fatima.vance@sampleco.test,,2024-07-01 17:41:00,Y,100468,2025-01-18 10:52:00,5472,5431,Delta,Delta,Beta,TAG-3661,7512,1872,9289,455,2670,Alpha,2023-08-22 08:24:00,6850,3815,Other,Delta,Gamma,Other,9161,3554,2139,3958,1297,Delta,2025-03-19 06:51:00,,,,,,,,,,,,,2022-11-23,1447,1443,Gamma,TAG-2285,SKU-1753,SKU-6840,7563,7601,117,4997,2000,Gamma,2026-06-23,,815,Gamma,,,,,,,3161,5359,,Reviewed performance and gathered feedback.
N,,SKU-9953,Granite Summit,Delta Roundtable - 2022-11-22,SKU-8461,REF-3635,Beta,,100610,Marketing Event,101827,noah.garcia@acme-fake.test,Avery Whitfield,2024-06-29 17:05:00,jordan.silva@sampleco.test,Taylor Sloan,2025-06-30 23:38:00,arjun.sloan@sampleco.test,Taylor Blake,2023-10-06 19:35:00,noah.dorsey@acme-fake.test,,2023-08-25 11:18:00,N,,2023-04-13 20:02:00,1911,382,Delta,Standard,Gamma,REF-9845,8644,1467,3681,8206,8002,Alpha,2022-10-25 16:47:00,6908,4064,Beta,Standard,Delta,Other,7015,2135,9316,4532,6844,Standard,2023-09-20 07:35:00,,,,,,,7170,,,,,,2023-06-30,1543,115,Alpha,,LOT-1229,REF-9016,9481,2450,6767,9618,,Alpha,2025-02-14,,3560,Alpha,,,,,7538,,,6234,,Reviewed performance and gathered feedback.
N,,,Granite Summit,Meridian Expo - 2025-06-05,SKU-7149,SKU-7413,,Shared the updated proposal for review.,100800,Marketing Event,101830,sofia.silva@acme-fake.test,Rowan Ford,2023-01-28 12:39:00,diego.costa@demomail.test,Noah Blake,2023-06-24 22:53:00,avery.garcia@examplecorp.test,Sofia Rossi,2026-06-10 22:11:00,aisha.brooks@demomail.test,,2023-10-26 22:14:00,Y,100254,2023-07-25 10:30:00,9031,8258,Other,Gamma,Gamma,REF-4907,9965,6906,7389,7866,8860,Alpha,2023-09-04 07:02:00,4588,5522,Alpha,Standard,Delta,Other,6882,9760,2698,2859,7615,Delta,2024-06-26 13:58:00,,,,,,,,,,,,,2024-09-07,6984,4210,Beta,REF-7295,TAG-7305,SKU-7905,5221,8777,2649,5510,6859,Gamma,2025-07-20,,,Alpha,,,,,,,,,Beta,Noted a concern to revisit at the next sync.
Y,,REF-8582,Meridian Summit,Summit Roundtable - 2025-02-12,LOT-8781,SKU-6787,,,100316,Marketing Event,101832,diego.reyes@examplecorp.test,Priya Ford,2026-06-03 14:50:00,aisha.sato@sampleco.test,Rowan Costa,2023-05-26 21:29:00,riley.reyes@examplecorp.test,Emerson Vance,2023-10-12 04:37:00,casey.cohen@acme-fake.test,,2025-06-15 09:06:00,N,100243,2026-02-19 07:38:00,1583,2203,Other,Alpha,Standard,SKU-6608,3213,5623,4674,4057,4790,Standard,2025-02-04 17:27:00,2050,4489,Alpha,Delta,Other,Beta,2776,5742,9608,8459,2509,Alpha,2024-07-28 01:57:00,,,,,,,,,,,,,2022-11-06,4344,2143,Gamma,LOT-3526,SKU-9814,REF-8896,4404,5529,2535,411,3888,Standard,2022-11-19,,,,,,REF-8753,,,,,6446,,Aligned on billing and renewal terms.
Y,,TAG-8512,Lakeside Webinar,Keystone Webinar - 2024-10-15,LOT-9035,REF-5636,,,100788,Marketing Event,101834,elena.okafor@acme-fake.test,Jordan Sloan,2026-02-21 18:31:00,mei.cohen@examplecorp.test,Alex Ford,2026-01-25 18:07:00,taylor.sloan@sampleco.test,Elena Whitfield,2023-02-16 06:19:00,morgan.vance@examplecorp.test,,2024-01-20 16:47:00,Y,100709,2024-12-17 18:13:00,6554,7783,Alpha,Delta,Delta,LOT-5502,2939,4544,4795,6051,6859,Gamma,2023-02-24 18:20:00,6923,1515,Delta,Alpha,Other,Alpha,4781,6427,2110,5352,1043,Standard,2024-10-07 20:26:00,,,,,,,,,,,,,2026-01-28,3436,6948,Other,TAG-4946,REF-2248,SKU-8867,2178,4819,5663,9297,2491,Alpha,2025-12-23,9079,,,,Gamma,,,,,,,,Scheduled a check-in for the coming month.
N,,TAG-4423,Evergreen Webinar,Redwood Webinar - 2025-03-26,REF-4184,,,,100579,Marketing Event,101836,liam.sato@demomail.test,Chen Rossi,2024-01-07 13:57:00,marco.kim@acme-fake.test,Aisha Patel,2023-09-26 02:28:00,diego.reyes@examplecorp.test,Morgan Silva,2024-03-27 00:03:00,liam.sloan@examplecorp.test,,2025-01-07 11:01:00,N,100440,2024-02-14 00:04:00,846,3660,Gamma,Beta,Other,SKU-5168,8325,8810,2492,4308,8203,Delta,2024-10-19 02:30:00,8156,1279,Delta,Gamma,Other,Beta,1695,6100,2269,815,1990,Standard,2024-02-28 00:50:00,,,,,,,,,,,,,2025-10-24,8923,5250,Other,REF-4726,SKU-5867,REF-7634,1637,8759,4828,4474,5173,Gamma,2023-09-16,,9306,,Standard,,TAG-6879,,7762,,,,,Aligned on billing and renewal terms.
Y,,SKU-9866,Vertex Summit,Vertex Expo - 2025-03-10,TAG-7533,,,Noted a concern to revisit at the next sync.,100206,Marketing Event,101837,reese.okafor@acme-fake.test,Elena Ford,2024-08-01 10:00:00,reese.calder@demomail.test,Sofia Blake,2025-04-25 15:26:00,noah.reyes@demomail.test,Mei Mensah,2024-06-11 22:29:00,quinn.ford@sampleco.test,,2026-04-19 08:10:00,Y,,2026-02-16 09:42:00,5281,6078,Gamma,Standard,Alpha,REF-1050,3052,7679,8799,5853,6856,Delta,2024-03-06 10:30:00,9340,5388,Other,Gamma,Other,Standard,2787,1421,267,8107,2460,Standard,2023-07-14 00:11:00,,,,,,Gamma,,,,,,,2024-02-08,1559,1938,Alpha,REF-4000,SKU-3807,LOT-5103,4775,7549,5980,3548,3084,Delta,2023-12-30,,,Gamma,,Gamma,LOT-7496,5556,4115,,7208,,,Shared the updated proposal for review.
N,,SKU-4176,Delta Roundtable,Keystone Summit - 2023-04-26,SKU-6034,SKU-7060,,,100738,Marketing Event,101838,avery.ashby@demomail.test,Alex Sloan,2025-12-20 12:15:00,quinn.kim@examplecorp.test,Marco Sato,2023-01-05 11:30:00,jordan.sato@sampleco.test,Avery Reyes,2025-05-28 06:28:00,rowan.ivanov@demomail.test,,2023-05-18 13:16:00,Y,,2026-04-08 20:23:00,2649,9827,Other,Gamma,Delta,SKU-4461,6156,9271,4904,5843,235,Beta,2022-12-27 03:48:00,9856,5016,Other,Gamma,Alpha,Delta,4403,7136,5611,4502,7896,Gamma,2022-12-13 23:15:00,,,,,,,,,,,,,2025-02-20,1917,5186,Alpha,LOT-5842,,LOT-6935,2051,9301,6938,,1958,Gamma,2024-04-20,,,,,,,,1430,,,,,Discussed timeline and next steps with the account.
N,,LOT-1545,Delta Summit,Cardinal Expo - 2022-10-19,LOT-9521,,,,100426,Marketing Event,101839,yara.haddad@sampleco.test,Quinn Patel,2022-10-09 15:37:00,rahul.larsson@acme-fake.test,Omar Ford,2024-03-20 09:08:00,jamie.nguyen@acme-fake.test,Marco Patel,2024-05-27 03:03:00,fatima.nguyen@examplecorp.test,,2022-12-31 07:03:00,Y,100447,2025-02-03 17:45:00,504,5870,Alpha,Other,Gamma,SKU-8397,3610,9971,7854,2159,3022,Other,2023-02-15 20:34:00,8864,484,Standard,Gamma,Delta,Beta,9060,1536,5044,4890,2457,Standard,2025-04-15 15:44:00,,,,,,,,,,,,,2024-12-09,9544,596,,TAG-5925,TAG-2058,SKU-2686,5625,5434,8038,3771,6606,Other,2023-06-18,,7151,Standard,Standard,Beta,,8904,,,4892,,Alpha,Noted a concern to revisit at the next sync.
N,,REF-3873,Lakeside Expo,Copper Webinar - 2023-03-08,REF-6823,SKU-8140,,,100473,Marketing Event,101841,avery.dorsey@examplecorp.test,Arjun Sato,2023-07-21 08:51:00,casey.larsson@acme-fake.test,Aisha Patel,2024-07-22 20:24:00,avery.silva@acme-fake.test,Nina Larsson,2024-12-25 07:54:00,casey.silva@sampleco.test,,2025-09-13 20:48:00,Y,,2023-02-05 11:15:00,7293,3215,Delta,Beta,Delta,SKU-6760,3097,5988,9198,9469,4576,Other,2024-04-21 23:15:00,4071,9688,Gamma,Beta,Delta,Alpha,6616,1434,2945,5390,8302,Other,2024-01-09 21:53:00,,,,,,,,,,,,,2025-05-19,7268,5559,Alpha,SKU-4267,REF-5597,LOT-3945,4878,5846,3445,3319,7644,Other,2026-04-19,,,Other,Gamma,,,,,,7396,,Delta,Discussed timeline and next steps with the account.
N,,LOT-4724,Harbor Webinar,Cardinal Webinar - 2026-01-14,REF-9655,SKU-1308,Other,,100073,Marketing Event,101843,drew.nguyen@sampleco.test,Omar Dorsey,2025-08-26 00:46:00,yara.brooks@demomail.test,Drew Silva,2025-12-23 22:19:00,quinn.ivanov@demomail.test,Liam Sato,2024-01-13 23:14:00,arjun.brooks@demomail.test,,2022-12-16 04:51:00,Y,,2025-10-28 12:52:00,2524,8689,Standard,Delta,Gamma,TAG-6669,7289,9947,382,2051,248,Other,2025-07-09 12:43:00,9798,6325,Beta,Alpha,Delta,Beta,9305,3560,2228,394,8066,Alpha,2024-12-27 03:23:00,,,,,,,,,,,,,2023-07-02,4043,6669,Gamma,REF-4099,REF-4274,TAG-1329,180,8781,8335,503,7931,Other,2023-06-04,3783,,,,,,,,,,,,Resolved the outstanding question about scope.
N,,SKU-9340,Pioneer Roundtable,Delta Summit - 2024-06-29,SKU-8760,,Standard,,100429,Marketing Event,101846,aisha.cohen@examplecorp.test,Fatima Vance,2022-11-29 16:36:00,avery.ford@sampleco.test,Chen Dorsey,2025-08-20 22:29:00,nina.vance@examplecorp.test,Elena Okafor,2024-09-30 21:55:00,sofia.reyes@examplecorp.test,,2025-04-29 14:47:00,N,,2024-12-17 23:36:00,6209,1323,Alpha,Other,Other,TAG-2034,1132,3303,7125,9567,6436,Beta,2026-06-04 15:18:00,8336,3109,Other,Alpha,Alpha,Delta,3037,2667,6264,784,6215,Gamma,2025-11-30 21:23:00,,,,,,,,,,,,,2026-07-14,720,4795,Alpha,REF-4191,SKU-4190,LOT-1746,8352,2844,2471,1942,9177,Beta,2025-04-26,7456,,Beta,,,,3902,,,2507,,,Resolved the outstanding question about scope.
N,,LOT-5096,Cardinal Expo,Copper Expo - 2026-01-27,LOT-7723,,,,100652,Marketing Event,101849,taylor.kim@examplecorp.test,Riley Brooks,2024-05-22 11:40:00,taylor.dorsey@demomail.test,Fatima Rossi,2025-05-29 13:29:00,nina.nguyen@acme-fake.test,Omar Mensah,2025-10-24 15:48:00,alex.rossi@sampleco.test,,2022-10-23 18:58:00,Y,,2024-08-26 16:32:00,9384,8676,Alpha,Gamma,Other,REF-4557,775,28,5549,7619,9195,Alpha,2024-08-15 13:15:00,7027,2900,Gamma,Beta,Gamma,Other,3828,8776,4811,4514,4780,Gamma,2023-11-27 07:10:00,,,,,,,,,,,,,2023-02-21,4039,7848,Beta,SKU-3982,SKU-3427,LOT-2541,,7728,3530,5283,5213,Beta,2023-05-05,7816,,Other,Delta,,,,,,,4472,,Noted a concern to revisit at the next sync.
Y,,TAG-5733,Cardinal Webinar,Granite Expo - 2025-02-03,REF-9500,,,Aligned on billing and renewal terms.,100070,Marketing Event,101850,liam.ivanov@sampleco.test,Jamie Ashby,2024-03-21 11:34:00,noah.dorsey@sampleco.test,Liam Costa,2024-01-13 11:23:00,diego.reyes@demomail.test,Reese Cohen,2023-12-05 11:12:00,mei.blake@sampleco.test,,2024-06-23 12:08:00,N,100063,2026-03-23 22:24:00,451,3223,Beta,Gamma,Beta,LOT-4945,2544,9938,7534,4396,8028,Alpha,2022-10-17 20:08:00,4980,4309,Beta,Gamma,Standard,Other,9547,1179,1039,5679,7149,Alpha,2023-11-17 08:00:00,,,,,,,,,,,,,2022-12-25,4291,77,Standard,SKU-5127,TAG-8102,LOT-4702,7422,3949,249,9088,,Standard,2022-12-14,,,,,,,,2979,,,,Delta,Followed up on the open items from last week.
Y,,TAG-8112,Copper Summit,Cobalt Expo - 2025-12-11,LOT-3585,,,,100328,Marketing Event,101851,drew.mensah@sampleco.test,Taylor Kim,2023-11-27 18:36:00,marco.larsson@demomail.test,Quinn Mercer,2024-01-02 19:35:00,emerson.blake@examplecorp.test,Quinn Reyes,2023-04-16 20:45:00,rahul.blake@sampleco.test,,2025-12-10 02:22:00,Y,,2023-06-03 16:55:00,7940,5694,Gamma,Beta,Delta,LOT-3936,1015,371,7510,1986,4873,Other,2026-03-18 08:47:00,6264,7459,Beta,Gamma,Other,Beta,1811,8229,3850,707,2389,Standard,2024-12-26 02:50:00,,,,,,,,,,,,,2023-03-26,9187,7319,Alpha,SKU-1963,TAG-1036,TAG-8474,4537,7100,9827,5307,3483,Standard,2023-02-27,7491,,,,,,,,,,,Gamma,Scheduled a check-in for the coming month.
Y,,LOT-6525,Lakeside Summit,Keystone Roundtable - 2022-11-10,TAG-9055,,,,100110,Marketing Event,101854,chen.mercer@acme-fake.test,Reese Garcia,2024-11-19 03:01:00,avery.ivanov@demomail.test,Nina Ashby,2023-08-17 16:10:00,avery.dorsey@acme-fake.test,Rowan Patel,2025-05-05 06:52:00,casey.ford@examplecorp.test,,2025-01-21 14:50:00,N,100625,2024-04-19 06:36:00,2499,5569,Gamma,Delta,Beta,TAG-7304,7959,7756,2614,1308,5875,Delta,2023-02-21 09:18:00,387,5478,Delta,Beta,Alpha,Standard,3718,3988,5122,4842,6943,Delta,2023-02-07 00:01:00,,,,,,,,,,,,,2024-04-21,9253,9146,Beta,REF-4479,TAG-1910,TAG-8802,3438,5109,6121,130,36,Gamma,2023-07-14,,,,,Beta,,,3843,,,,Other,Noted a concern to revisit at the next sync.
N,,SKU-4500,Cobalt Summit,Lakeside Expo - 2024-11-17,SKU-7385,,,,100298,Marketing Event,101857,chen.brooks@sampleco.test,Chen Haddad,2023-10-31 12:11:00,casey.haddad@sampleco.test,Avery Haddad,2025-05-28 14:55:00,priya.ashby@demomail.test,Skyler Silva,2025-06-03 10:46:00,yara.mensah@examplecorp.test,,2023-07-03 01:11:00,Y,100366,2024-11-25 15:07:00,1168,8785,Delta,Gamma,Other,LOT-7141,7655,4135,6995,242,5898,Gamma,2023-03-25 08:39:00,4973,8700,Other,Delta,Beta,Standard,2391,6918,8539,7938,7757,Delta,2024-05-13 22:42:00,,,,,,,,,,,,,2023-10-20,4901,9020,Delta,TAG-2904,LOT-2169,SKU-3077,1628,3184,6426,1470,7545,Standard,2025-05-20,,,,,,,,,,,,,Resolved the outstanding question about scope.
Y,,TAG-2050,Falcon Roundtable,Brightpath Expo - 2026-03-08,LOT-9861,TAG-5360,,,100530,Marketing Event,101859,marco.mercer@demomail.test,Morgan Costa,2022-10-22 09:52:00,drew.costa@sampleco.test,Casey Ashby,2024-10-24 23:19:00,rahul.brooks@examplecorp.test,Fatima Ford,2026-03-28 02:48:00,morgan.vance@demomail.test,,2024-02-08 09:20:00,Y,100169,2023-01-07 13:31:00,322,3109,Beta,Beta,Standard,TAG-2876,5223,1980,6595,2293,2581,Standard,2025-05-26 22:07:00,1466,3269,Standard,Gamma,Alpha,Alpha,6160,1259,6041,4975,2865,Delta,2022-10-18 17:13:00,,,,,,,,,,,,,2024-10-10,6798,4405,Alpha,LOT-2163,TAG-6481,SKU-5688,9653,8011,4794,3392,1013,Gamma,2025-05-29,,,Gamma,,,,,,,,,,Aligned on billing and renewal terms.
Y,Reviewed performance and gathered feedback.,SKU-3565,Silverline Summit,Lakeside Roundtable - 2026-06-25,LOT-3848,,,Shared the updated proposal for review.,100555,Marketing Event,101862,drew.patel@acme-fake.test,Nina Ivanov,2025-02-15 09:06:00,marco.mercer@demomail.test,Morgan Nguyen,2023-04-16 18:42:00,morgan.haddad@sampleco.test,Jamie Whitfield,2025-01-15 12:28:00,drew.rossi@demomail.test,,2023-01-12 04:55:00,Y,100195,2025-12-13 16:04:00,8730,3091,Standard,Alpha,Standard,SKU-1771,6946,3245,5280,9782,4005,Beta,2024-12-21 23:05:00,5118,3835,Delta,Delta,Delta,Beta,2187,2077,8940,5321,9064,Delta,2023-08-04 13:46:00,,,,,,Gamma,,,,,,,2022-10-04,4315,7136,Delta,REF-5304,TAG-1510,REF-8762,7208,6863,8477,435,,Delta,2023-09-01,878,,,Alpha,,,,,1031,,,,Discussed timeline and next steps with the account.
N,,SKU-6482,Redwood Expo,Blue Ridge Roundtable - 2023-08-03,LOT-6284,SKU-2008,,Aligned on billing and renewal terms.,100468,Marketing Event,101863,nina.kim@examplecorp.test,Jamie Haddad,2024-07-03 13:42:00,drew.patel@acme-fake.test,Jordan Calder,2024-04-01 07:50:00,rowan.sloan@examplecorp.test,Emerson Mercer,2022-10-26 02:05:00,noah.vance@sampleco.test,,2022-12-18 08:29:00,Y,,2024-09-20 03:49:00,7151,1062,Other,Alpha,Gamma,REF-6156,5361,499,2496,482,801,Gamma,2022-12-19 14:47:00,6052,8933,Gamma,Beta,Alpha,Beta,4176,8895,1583,1490,3237,Alpha,2025-12-04 03:14:00,,,,,,,,,,,,,2023-07-30,1071,8726,Alpha,REF-4736,TAG-5131,TAG-5908,2747,232,4050,1510,3425,Standard,2023-10-19,,670,,,,,,2000,,9639,,,Resolved the outstanding question about scope.
Y,,LOT-8296,Pioneer Webinar,Atlas Webinar - 2024-06-06,TAG-8511,LOT-9790,,,100723,Marketing Event,101866,avery.rossi@demomail.test,Emerson Brooks,2024-06-02 10:02:00,diego.sato@sampleco.test,Avery Silva,2023-06-15 10:55:00,taylor.blake@sampleco.test,Diego Rossi,2025-05-23 21:23:00,fatima.sato@sampleco.test,,2024-02-10 01:14:00,N,,2023-07-15 17:10:00,7830,6956,Gamma,Gamma,Gamma,REF-6178,8219,3550,6875,8002,9048,Other,2024-10-13 00:38:00,4028,6442,Beta,Alpha,Beta,Beta,5106,7687,2284,4383,3766,Delta,2023-12-01 08:43:00,,,,,,,,,,,,,2026-04-28,9223,5050,Beta,REF-6632,TAG-3708,REF-9463,400,1060,6397,7182,7559,Standard,2025-09-12,,5697,,,Alpha,SKU-3434,,1422,,5351,,,Noted a concern to revisit at the next sync.
Y,,SKU-1538,Summit Expo,Horizon Expo - 2022-11-24,SKU-4839,TAG-6866,,Resolved the outstanding question about scope.,100588,Marketing Event,101867,jordan.reyes@demomail.test,Taylor Silva,2025-09-27 00:51:00,liam.cohen@acme-fake.test,Omar Cohen,2026-06-13 01:58:00,riley.larsson@examplecorp.test,Nina Rossi,2022-12-03 21:21:00,avery.ford@examplecorp.test,,2024-07-27 17:53:00,N,,2023-06-20 12:49:00,7470,3587,Other,Beta,Gamma,TAG-5603,2911,1280,6823,3800,1914,Alpha,2023-07-03 19:01:00,8886,1805,Other,Other,Gamma,Alpha,2223,7301,1205,7244,9116,Gamma,2022-11-23 01:36:00,,,,,,,,,,,,,2025-11-10,5881,5546,Alpha,SKU-7882,REF-9084,LOT-5718,8537,1899,5206,595,5278,Gamma,2025-10-23,,9723,,Delta,,,668,,,4906,,,Resolved the outstanding question about scope.
Y,,TAG-6621,Summit Expo,Evergreen Summit - 2022-10-31,SKU-6411,LOT-7101,,,100042,Marketing Event,101869,reese.reyes@sampleco.test,Mei Mensah,2026-01-05 04:19:00,chen.mensah@acme-fake.test,Taylor Ivanov,2026-05-05 06:34:00,sofia.ivanov@acme-fake.test,Liam Ford,2023-12-14 19:22:00,elena.whitfield@examplecorp.test,,2025-09-25 06:53:00,Y,100543,2023-07-29 01:28:00,606,1076,Gamma,Other,Other,TAG-8079,6356,7080,782,9727,782,Standard,2024-08-09 10:26:00,2847,6464,Alpha,Beta,Gamma,Standard,9589,9110,9916,9689,612,Beta,2023-02-17 04:03:00,,,,,,,,,,,,,2026-03-02,5696,3547,Gamma,TAG-8207,SKU-7111,SKU-6200,9328,667,6044,3249,4214,Alpha,2023-12-21,,,,,,,,,,1158,,,Discussed timeline and next steps with the account.
Y,,REF-8120,Redwood Expo,Redwood Roundtable - 2026-01-10,REF-6121,LOT-4234,,,100749,Marketing Event,101870,reese.ivanov@examplecorp.test,Rahul Ashby,2026-06-29 23:28:00,marco.nguyen@examplecorp.test,Jordan Nguyen,2024-03-12 14:22:00,diego.sloan@examplecorp.test,Skyler Larsson,2024-03-02 20:39:00,yara.okafor@sampleco.test,,2023-07-06 08:57:00,Y,,2025-12-15 11:56:00,4118,6999,Other,Other,Other,LOT-8884,9256,7045,8232,3233,5,Beta,2025-07-02 09:55:00,213,8186,Alpha,Alpha,Alpha,Alpha,1791,9047,1452,5112,4956,Gamma,2026-02-28 12:17:00,,,,,,,,2651,,,,,2026-01-25,3133,7376,Standard,TAG-7921,LOT-1482,LOT-1897,8364,328,378,4090,2758,Beta,2023-11-30,401,,Gamma,Beta,Alpha,REF-5936,9654,,,,,,Reviewed performance and gathered feedback.
Y,,TAG-5239,Summit Summit,Blue Ridge Roundtable - 2023-09-26,LOT-9945,,,Reviewed performance and gathered feedback.,100793,Marketing Event,101871,taylor.vance@sampleco.test,Arjun Garcia,2023-03-09 18:02:00,diego.sloan@demomail.test,Diego Okafor,2026-02-22 22:31:00,drew.okafor@examplecorp.test,Rowan Larsson,2022-10-18 09:32:00,nina.rossi@sampleco.test,,2024-04-15 03:32:00,N,100758,2025-02-20 02:23:00,1685,4718,Other,Gamma,Delta,REF-1628,910,5799,3693,7062,2981,Other,2023-08-18 03:26:00,2352,2562,Gamma,Standard,Gamma,Beta,3241,629,4818,9862,5430,Alpha,2022-10-06 01:07:00,,,,,,,,,,,,,2025-09-13,5768,2244,Other,,TAG-9804,SKU-8060,7273,9153,1078,7846,2804,Standard,2025-04-27,,,,,,,,,2831,,,Beta,Aligned on billing and renewal terms.
Y,,LOT-5834,Copper Expo,Falcon Roundtable - 2026-03-10,REF-2449,REF-2660,,Followed up on the open items from last week.,100030,Marketing Event,101873,yara.ivanov@demomail.test,Fatima Larsson,2023-08-01 08:09:00,drew.whitfield@examplecorp.test,Rowan Patel,2024-11-17 01:13:00,mei.brooks@sampleco.test,Sofia Okafor,2025-09-08 03:38:00,omar.okafor@demomail.test,,2022-12-01 12:16:00,Y,,2023-03-24 02:10:00,1338,242,Standard,Delta,Delta,TAG-3451,6696,7600,8855,7820,4225,Alpha,2023-02-11 23:15:00,4822,8899,Gamma,Other,Delta,Beta,1333,6990,2772,132,1104,Standard,2025-11-18 04:31:00,,,,,,,,,,,,,2026-02-21,2086,3270,Other,LOT-5849,LOT-9589,REF-2412,8404,8222,512,2302,1738,Other,2023-08-20,8331,,,,Delta,LOT-7032,7591,9715,2841,,,,Followed up on the open items from last week.
Y,,TAG-4348,Delta Expo,Blue Ridge Roundtable - 2023-10-01,SKU-6354,,,Followed up on the open items from last week.,100356,Marketing Event,101876,avery.cohen@acme-fake.test,Riley Dorsey,2025-08-07 07:09:00,casey.brooks@acme-fake.test,Skyler Vance,2025-08-09 06:03:00,elena.whitfield@demomail.test,Fatima Sato,2024-10-29 17:16:00,liam.nguyen@sampleco.test,,2023-01-22 03:27:00,N,100569,2023-07-07 11:22:00,4893,1304,Standard,Alpha,Delta,LOT-3794,3655,3312,9638,7364,3086,Beta,2026-04-13 15:39:00,6676,5093,Gamma,Delta,Delta,Standard,3087,777,9663,7138,561,Standard,2024-01-20 22:02:00,,,,,,,,,,,,,2024-02-03,7177,8240,Gamma,SKU-5843,SKU-2598,SKU-6714,1318,1432,5666,2959,9752,Other,2025-08-19,,4074,Other,,,,,,,,,,Resolved the outstanding question about scope.
N,Aligned on billing and renewal terms.,SKU-9105,Ironwood Webinar,Beacon Expo - 2026-04-06,TAG-1132,,,,100389,Marketing Event,101879,elena.rossi@demomail.test,Noah Ivanov,2025-06-03 14:49:00,rowan.mensah@sampleco.test,Jamie Costa,2022-10-26 01:34:00,quinn.dorsey@demomail.test,Chen Whitfield,2024-02-18 12:58:00,avery.rossi@sampleco.test,,2026-03-24 06:30:00,N,,2025-02-02 07:53:00,5168,8942,Gamma,Gamma,Standard,REF-7844,503,8954,3412,8279,1287,Gamma,2023-04-07 00:01:00,8473,9375,Alpha,Other,Standard,Gamma,3349,7575,202,9228,6323,Beta,2025-07-01 03:58:00,,,,,,,,,,,,,2025-01-21,5276,6544,Standard,,SKU-6925,LOT-9275,590,7969,8057,3165,620,Other,2023-06-22,,8096,,,,,,,,,,,Scheduled a check-in for the coming month.
