Active,Additional Notes,Company Name,Contact Name,Email ID,Potential Bot Activity,Score,Survey Result,SurveyDateTime,Assign_Datetime,Assigned_to_Display_Name,Assigned_to_Sam,COMPANY_NAME_EXD_OBJECT_ID,Created_by_Display_Name,Created_by_SAM,Created_Datetime,Entity_ID,Entity_Type_ID,Entity_Type_Name,Is_Active,Modified_by_Display_Name,Modified_by_Sam,Modified_Datetime,Own_Datetime,Owned_by_Display_Name,Owned_by_SAM,Assign_Datetime Date,Assign_Datetime Year,Assign_Datetime Month,Assign_Datetime Quarter,Assign_Datetime YearMonth,Assign_Datetime YearQuarter,Assign_Datetime DateRange,Assign_Datetime WeekNumber,Assign_Datetime Week,Assign_Datetime MonthSince,Assign_Datetime WeekSince,Assign_Datetime DaySince,Assign_Datetime MonthsSinceCat,Modified_Datetime Date,Modified_Datetime Year,Modified_Datetime Month,Modified_Datetime Quarter,Modified_Datetime YearMonth,Modified_Datetime YearQuarter,Modified_Datetime DateRange,Modified_Datetime WeekNumber,Modified_Datetime Week,Modified_Datetime MonthSince,Modified_Datetime WeekSince,Modified_Datetime DaySince,Modified_Datetime MonthsSinceCat,Own_Datetime Date,Own_Datetime Year,Own_Datetime Month,Own_Datetime Quarter,Own_Datetime YearMonth,Own_Datetime YearQuarter,Own_Datetime DateRange,Own_Datetime WeekNumber,Own_Datetime Week,Own_Datetime MonthSince,Own_Datetime WeekSince,Own_Datetime DaySince,Own_Datetime MonthsSinceCat,SURVEYDATETIME Date,SURVEYDATETIME Year,SURVEYDATETIME Month,SURVEYDATETIME Quarter,SURVEYDATETIME YearMonth,SURVEYDATETIME YearQuarter,SURVEYDATETIME DateRange,SURVEYDATETIME WeekNumber,SURVEYDATETIME Week,SURVEYDATETIME MonthSince,SURVEYDATETIME WeekSince,SURVEYDATETIME DaySince,SURVEYDATETIME MonthsSinceCat,ENTITY_URL
N,,Falcon Media Co,Quinn Cohen,chen.brooks@examplecorp.test,,1,elena.larsson@examplecorp.test,REF-5725,,,,100627,Riley Calder,chen.vance@acme-fake.test,2025-11-30 02:41:00,126237,100091,NPS Result,N,Priya Okafor,mei.vance@demomail.test,2025-08-14 06:53:00,2026-03-09 10:10:00,Emerson Kim,arjun.cohen@sampleco.test,,,,,,,,,,,,,,2024-04-04 03:25:00,4400,256,Other,Standard,Alpha,Alpha,4156,7287,3827,7592,5544,Standard,2025-06-25 09:43:00,6858,1892,Alpha,Alpha,Standard,Beta,3056,7720,3176,3607,1375,Beta,2026-03-17 03:53:00,7844,4518,Beta,Beta,Beta,Delta,4127,4750,5626,3535,5286,Gamma,Discussed timeline and next steps with the account.
Y,Shared the updated proposal for review.,Pioneer Retail Inc,Emerson Patel,casey.blake@examplecorp.test,,5,noah.dorsey@examplecorp.test,SKU-4415,,,,100176,Omar Haddad,rahul.kim@acme-fake.test,2022-11-19 08:44:00,126239,100452,NPS Result,N,Fatima Mercer,yara.ivanov@acme-fake.test,2024-09-08 13:33:00,2026-07-08 21:34:00,Emerson Cohen,emerson.ford@demomail.test,,,,,,,,,,,,,,2024-03-03 05:23:00,2051,862,Delta,Other,Standard,Beta,4902,3868,3996,1329,2145,Other,2023-12-02 13:24:00,9780,6446,Delta,Other,Standard,Gamma,5562,4898,1122,5133,9089,Delta,2026-04-25 02:13:00,1452,835,Gamma,Alpha,Beta,Standard,7729,1942,5942,303,538,Gamma,Noted a concern to revisit at the next sync.
N,,Pioneer Retail Corp,Noah Reyes,omar.costa@demomail.test,,9,jordan.vance@acme-fake.test,TAG-7544,,,,100227,Liam Whitfield,avery.haddad@acme-fake.test,2023-04-04 07:03:00,126242,100325,NPS Result,N,Avery Ford,liam.blake@examplecorp.test,2024-12-09 16:16:00,2024-02-07 21:56:00,Priya Ashby,nina.calder@acme-fake.test,,,,,,,,,,,,,,2024-09-12 10:56:00,2217,4889,Other,Gamma,Delta,Other,7789,3871,9624,4222,2200,Beta,2022-11-12 19:10:00,654,2724,Gamma,Delta,Gamma,Beta,4218,4281,598,5203,4407,Standard,2023-03-28 01:37:00,3095,8005,Beta,Alpha,Gamma,Other,1611,5186,2927,3940,7720,Beta,Reviewed performance and gathered feedback.
N,,Silverline Capital LLC,Skyler Mensah,aisha.brooks@examplecorp.test,,4,jordan.rossi@sampleco.test,REF-7957,,,,100782,Taylor Sloan,elena.nguyen@examplecorp.test,2025-06-21 00:21:00,126244,100692,NPS Result,Y,Reese Blake,avery.larsson@sampleco.test,2022-10-13 19:38:00,2026-06-13 12:15:00,Skyler Silva,omar.cohen@demomail.test,,,,,,,,,,,,,,2023-05-24 03:54:00,5265,5726,Alpha,Delta,Other,Gamma,9096,2386,7173,6338,1354,Delta,2023-08-06 01:19:00,3259,6285,Gamma,Beta,Other,Standard,847,7491,1767,3825,5569,Standard,2025-12-26 03:34:00,7135,682,Beta,Gamma,Standard,Other,8681,4269,2964,488,540,Gamma,Discussed timeline and next steps with the account.
Y,Followed up on the open items from last week.,Cobalt Health Group,Aisha Sloan,riley.patel@acme-fake.test,,10,chen.calder@demomail.test,LOT-7602,,,,100712,Alex Nguyen,yara.sato@acme-fake.test,2025-07-10 20:32:00,126247,100628,NPS Result,N,Rowan Dorsey,aisha.sloan@acme-fake.test,2024-03-14 02:15:00,2025-03-03 22:09:00,Skyler Costa,liam.nguyen@demomail.test,,,,,,,,,,,,,,2025-02-15 12:39:00,6331,8500,Gamma,Standard,Delta,Gamma,7168,1428,3348,7896,2782,Delta,2025-03-30 16:43:00,1344,5180,Gamma,Other,Standard,Other,6280,1896,509,1542,1476,Standard,2024-04-26 00:50:00,5515,147,Beta,Alpha,Delta,Delta,4021,7815,9268,5941,6665,Other,Resolved the outstanding question about scope.
N,Noted a concern to revisit at the next sync.,Vertex Partners Co,Marco Brooks,quinn.mensah@demomail.test,,5,taylor.okafor@demomail.test,SKU-2389,,,,100060,Diego Whitfield,liam.costa@demomail.test,2025-08-04 12:16:00,126250,100200,NPS Result,Y,Jordan Cohen,quinn.reyes@demomail.test,2024-11-05 22:34:00,2024-07-21 00:21:00,Avery Ford,alex.ford@demomail.test,,,,,,,,,,,,,,2023-03-21 01:48:00,9482,5990,Gamma,Other,Other,Delta,5244,3200,2265,7025,8621,Gamma,2022-12-31 04:10:00,4337,6065,Beta,Standard,Standard,Beta,5312,6984,7796,6745,2254,Beta,2025-04-27 02:25:00,3814,8034,Beta,Other,Other,Other,9899,1228,6905,2037,7869,Gamma,Noted a concern to revisit at the next sync.
Y,,Ironwood Manufacturing Inc,Emerson Larsson,liam.costa@acme-fake.test,,10,noah.ivanov@examplecorp.test,REF-9505,,,,100641,Taylor Vance,emerson.silva@examplecorp.test,2023-08-25 15:57:00,126253,100143,NPS Result,Y,Aisha Okafor,quinn.garcia@sampleco.test,2025-03-09 22:18:00,2023-11-27 05:34:00,Drew Ashby,priya.vance@examplecorp.test,,,,,,,,,,,,,,2025-01-22 22:16:00,2530,9020,Delta,Gamma,Beta,Beta,4858,1927,1593,6041,1238,Other,2023-10-10 17:57:00,6928,6196,Other,Other,Gamma,Delta,3142,6361,8918,466,2355,Standard,2024-05-17 10:25:00,3506,5814,Other,Other,Standard,Beta,3152,6746,6209,5097,7871,Delta,Followed up on the open items from last week.
Y,,Granite Robotics LLC,Morgan Ford,rowan.haddad@examplecorp.test,,3,elena.okafor@acme-fake.test,LOT-6798,,,,100259,Noah Ford,fatima.costa@examplecorp.test,2024-04-20 09:37:00,126256,100604,NPS Result,N,Reese Cohen,noah.ford@examplecorp.test,2025-08-11 01:31:00,2023-07-22 11:31:00,Arjun Calder,rowan.sloan@examplecorp.test,,,,,,,,,,,,,,2024-10-05 19:50:00,884,6845,Delta,Delta,Alpha,Other,5281,8603,6704,1949,9580,Alpha,2024-06-18 07:10:00,9436,4370,Other,Delta,Beta,Other,8113,826,3639,9711,1064,Other,2024-07-02 05:44:00,9943,1576,Alpha,Beta,Gamma,Other,5360,2957,4237,7936,9655,Other,Noted a concern to revisit at the next sync.
Y,,Silverline Group LLC,Liam Ivanov,quinn.sato@sampleco.test,,1,elena.sloan@demomail.test,SKU-4714,,,,100456,Jamie Costa,avery.haddad@demomail.test,2025-12-21 12:35:00,126259,100192,NPS Result,N,Marco Larsson,aisha.haddad@examplecorp.test,2026-01-10 10:42:00,2024-07-05 22:08:00,Taylor Vance,casey.dorsey@acme-fake.test,,,,,,,,,,,,,,2025-01-05 20:42:00,1592,3302,Other,Other,Delta,Standard,915,8212,658,786,8518,Beta,2023-11-05 22:52:00,6169,4387,Other,Alpha,Other,Alpha,9331,6559,1293,3302,7496,Delta,2023-02-12 22:33:00,4237,723,Beta,Delta,Other,Beta,1747,8564,9063,3337,8161,Beta,Noted a concern to revisit at the next sync.
N,Reviewed performance and gathered feedback.,Summit Solutions LLP,Priya Blake,elena.patel@sampleco.test,,3,chen.calder@acme-fake.test,TAG-4088,,,,100649,Casey Ford,omar.mensah@demomail.test,2026-01-23 01:09:00,126261,100099,NPS Result,Y,Alex Whitfield,noah.sloan@sampleco.test,2025-09-05 18:26:00,2025-10-05 18:16:00,Aisha Brooks,jordan.ashby@sampleco.test,,,,,,,,,,,,,,2023-12-17 13:44:00,6856,5573,Delta,Gamma,Other,Alpha,599,4386,7719,1385,7778,Gamma,2023-01-13 10:19:00,8612,4924,Standard,Gamma,Other,Delta,3749,668,6529,2553,8860,Other,2024-02-27 08:26:00,1787,2307,Standard,Beta,Beta,Delta,3261,4085,440,2179,926,Delta,Resolved the outstanding question about scope.
N,Followed up on the open items from last week.,Everest Partners Ltd,Rowan Blake,emerson.costa@demomail.test,,7,drew.patel@sampleco.test,LOT-9639,,,,100758,Drew Silva,avery.blake@demomail.test,2023-08-31 10:02:00,126262,100190,NPS Result,N,Jamie Whitfield,elena.blake@demomail.test,2024-12-03 16:16:00,2025-06-09 07:26:00,Chen Mensah,chen.calder@acme-fake.test,,,,,,,,,,,,,,2025-01-02 15:28:00,9651,5096,Other,Other,Beta,Alpha,6479,3502,1451,7055,8474,Delta,2024-07-27 08:24:00,2702,3702,Other,Other,Alpha,Beta,5921,6125,8920,3735,9444,Delta,2025-10-27 05:32:00,3819,5405,Gamma,Alpha,Delta,Delta,7874,5700,8258,5243,7350,Delta,Shared the updated proposal for review.
N,,Brightpath Systems Corp,Priya Whitfield,priya.ivanov@acme-fake.test,,8,emerson.ashby@acme-fake.test,LOT-6806,,,,100516,Jamie Vance,liam.okafor@demomail.test,2023-09-16 15:51:00,126265,100603,NPS Result,Y,Aisha Rossi,sofia.calder@examplecorp.test,2024-05-09 08:39:00,2025-04-04 10:03:00,Noah Brooks,morgan.costa@demomail.test,,,,,,,,,,,,,,2024-03-11 05:41:00,9385,8646,Delta,Gamma,Beta,Beta,3242,2143,7940,3674,5751,Standard,2026-07-31 11:51:00,397,9740,Standard,Alpha,Beta,Beta,2564,4554,6587,7876,7424,Gamma,2024-11-28 06:21:00,9019,8383,Gamma,Gamma,Gamma,Alpha,7881,2942,7398,2292,7079,Standard,Resolved the outstanding question about scope.
N,Reviewed performance and gathered feedback.,Beacon Group Corp,Chen Kim,jordan.nguyen@acme-fake.test,,8,jordan.mensah@sampleco.test,LOT-6131,,,,100029,Diego Ford,emerson.dorsey@sampleco.test,2024-05-24 18:25:00,126266,100089,NPS Result,N,Liam Vance,taylor.ford@acme-fake.test,2025-02-10 22:15:00,2024-05-31 22:05:00,Drew Costa,liam.reyes@acme-fake.test,,,,,,,,,,,,,,2025-09-10 03:30:00,1305,7045,Other,Gamma,Other,Alpha,6048,3333,5067,6454,7231,Alpha,2026-04-23 16:19:00,3901,5977,Delta,Standard,Beta,Beta,7708,8052,1005,4128,3020,Standard,2023-07-03 16:26:00,5775,1992,Alpha,Beta,Gamma,Standard,8500,4392,6140,7339,7581,Beta,Followed up on the open items from last week.
Y,,Silverline Media Group,Noah Patel,omar.rossi@acme-fake.test,Y,3,yara.okafor@sampleco.test,TAG-5852,,,,100424,Skyler Costa,jordan.rossi@demomail.test,2023-04-07 16:35:00,126269,100558,NPS Result,Y,Nina Haddad,chen.larsson@sampleco.test,2024-06-23 10:56:00,2024-09-23 12:26:00,Reese Blake,sofia.vance@demomail.test,,,,,,,,,,,,,,2023-08-03 17:48:00,5321,3417,Gamma,Alpha,Delta,Standard,5230,2367,8964,3752,7229,Standard,2024-07-17 17:56:00,5371,602,Beta,Alpha,Alpha,Beta,8845,721,1210,6261,1137,Delta,2023-10-17 23:38:00,3043,8943,Alpha,Delta,Alpha,Beta,950,5737,1938,240,2040,Beta,Aligned on billing and renewal terms.
Y,,Granite Energy,Avery Blake,diego.whitfield@sampleco.test,,5,jamie.vance@demomail.test,TAG-4823,,,,100522,Priya Sloan,riley.ashby@acme-fake.test,2024-01-02 23:24:00,126271,100223,NPS Result,N,Jamie Sato,riley.sato@acme-fake.test,2025-05-17 03:01:00,2025-04-26 01:16:00,Emerson Ford,fatima.larsson@sampleco.test,,,,,,,,,,,,,,2022-10-30 06:56:00,7445,3130,Standard,Gamma,Alpha,Delta,756,9079,52,9460,7760,Delta,2025-08-23 01:35:00,259,2981,Other,Alpha,Beta,Other,1530,1642,2174,2495,2224,Delta,2025-02-27 02:21:00,799,1515,Other,Standard,Alpha,Gamma,1186,4481,2652,6825,6443,Alpha,Noted a concern to revisit at the next sync.
N,,Cobalt Logistics Co,Rowan Kim,emerson.ford@sampleco.test,,6,morgan.silva@acme-fake.test,REF-5434,,,,100552,Casey Patel,alex.okafor@acme-fake.test,2023-07-07 01:46:00,126273,100169,NPS Result,Y,Yara Costa,alex.blake@demomail.test,2024-03-09 02:01:00,2025-04-03 12:56:00,Rahul Silva,jordan.rossi@sampleco.test,,,,,,,,,,,,,,2023-10-08 07:39:00,8680,7580,Standard,Delta,Standard,Alpha,6431,2216,6438,5938,6095,Alpha,2025-12-14 15:43:00,1118,885,Gamma,Alpha,Standard,Other,7203,7783,3873,8512,1918,Delta,2023-06-11 08:44:00,3434,7338,Alpha,Delta,Alpha,Gamma,2596,9145,4873,1336,5379,Other,Aligned on billing and renewal terms.
Y,,Ironwood Textiles Co,Emerson Rossi,jamie.sloan@examplecorp.test,,8,riley.kim@sampleco.test,REF-7885,,,,100596,Alex Cohen,emerson.patel@acme-fake.test,2025-01-13 22:20:00,126274,100500,NPS Result,N,Yara Ivanov,noah.ford@acme-fake.test,2026-06-10 08:19:00,2023-03-12 01:54:00,Mei Sloan,morgan.haddad@sampleco.test,,,,,,,,,,,,,,2022-12-11 23:57:00,1824,8184,Gamma,Gamma,Standard,Standard,8624,368,9382,203,5063,Delta,2023-04-18 07:58:00,9327,2636,Other,Standard,Alpha,Alpha,1483,2693,3418,2433,8388,Other,2024-06-28 23:34:00,3667,8502,Standard,Delta,Alpha,Gamma,1377,2255,4566,1881,4489,Alpha,Discussed timeline and next steps with the account.
Y,,Vertex Ventures Group,Aisha Patel,skyler.calder@examplecorp.test,,8,sofia.kim@sampleco.test,TAG-2260,,,,100684,Jamie Cohen,rahul.larsson@examplecorp.test,2023-09-22 05:42:00,126276,100456,NPS Result,N,Jordan Silva,morgan.costa@demomail.test,2025-03-24 21:38:00,2024-03-16 02:39:00,Noah Ford,quinn.blake@examplecorp.test,,,,,,,,,,,,,,2023-05-10 20:12:00,7801,7785,Delta,Standard,Gamma,Beta,4962,1921,3014,1189,4198,Standard,2024-06-11 06:53:00,6090,9353,Delta,Other,Delta,Other,7298,7894,8492,3401,7227,Beta,2025-09-06 00:39:00,5587,5866,Standard,Alpha,Gamma,Alpha,8528,1986,8329,7495,9846,Gamma,Aligned on billing and renewal terms.
Y,,Brightpath Group Inc,Yara Calder,marco.rossi@sampleco.test,,4,diego.mercer@sampleco.test,TAG-1055,,,,100527,Taylor Brooks,alex.silva@acme-fake.test,2022-10-19 13:57:00,126278,100128,NPS Result,Y,Riley Okafor,reese.calder@examplecorp.test,2023-08-29 03:30:00,2024-09-08 20:16:00,Jordan Okafor,marco.dorsey@demomail.test,,,,,,,,,,,,,,2025-10-05 18:30:00,1510,6530,Other,Gamma,Gamma,Beta,8254,2618,920,6309,7771,Gamma,2024-02-12 15:23:00,6545,2853,Delta,Beta,Standard,Other,254,4612,6087,9125,4359,Alpha,2023-09-30 20:40:00,5967,7389,Alpha,Gamma,Standard,Alpha,9236,7135,5215,5665,100,Standard,Scheduled a check-in for the coming month.
N,,Silverline Dynamics Corp,Marco Silva,skyler.reyes@acme-fake.test,,5,marco.sloan@examplecorp.test,SKU-7637,,,,100597,Sofia Ivanov,rahul.ashby@examplecorp.test,2024-10-13 02:46:00,126279,100788,NPS Result,Y,Taylor Silva,alex.whitfield@examplecorp.test,2023-01-23 03:26:00,2025-10-23 20:39:00,Taylor Haddad,morgan.ivanov@demomail.test,,,,,,,,,,,,,,2025-10-25 02:29:00,5349,7870,Other,Gamma,Alpha,Standard,3308,6414,2881,5126,8883,Alpha,2025-04-29 10:34:00,7762,6665,Other,Gamma,Alpha,Delta,6356,1794,1344,6433,4387,Gamma,2025-08-07 03:52:00,5265,9218,Alpha,Gamma,Gamma,Beta,9056,6028,5041,8184,6905,Delta,Scheduled a check-in for the coming month.
Y,,Blue Ridge Systems Ltd,Aisha Reyes,noah.patel@acme-fake.test,,4,arjun.haddad@acme-fake.test,SKU-4118,,,,100418,Yara Okafor,avery.cohen@sampleco.test,2025-12-22 16:52:00,126280,100696,NPS Result,Y,Noah Nguyen,emerson.ford@demomail.test,2022-11-01 09:09:00,2022-12-20 21:10:00,Alex Okafor,jamie.nguyen@acme-fake.test,,,,,,,,,,,,,,2024-02-18 12:03:00,5079,4750,Standard,Other,Delta,Other,2708,9149,2096,6406,8768,Delta,2024-02-24 15:50:00,5687,7432,Beta,Gamma,Delta,Gamma,2074,7998,2530,6592,3900,Alpha,2023-10-13 18:39:00,9203,1744,Alpha,Delta,Gamma,Beta,9304,8967,5071,6211,4258,Gamma,Discussed timeline and next steps with the account.
Y,Aligned on billing and renewal terms.,Delta Networks LLP,Omar Rossi,casey.sloan@examplecorp.test,,1,aisha.sloan@sampleco.test,SKU-6050,,,,100331,Reese Nguyen,diego.ford@demomail.test,2025-11-06 02:23:00,126282,100091,NPS Result,Y,Jamie Ashby,jamie.garcia@sampleco.test,2024-07-09 16:36:00,2024-02-15 03:40:00,Jordan Blake,nina.haddad@acme-fake.test,,,,,,,,,,,,,,2022-12-04 07:03:00,2527,350,Delta,Delta,Standard,Gamma,9612,8033,7497,6203,2968,Alpha,2026-07-28 02:46:00,455,5981,Delta,Delta,Beta,Gamma,4951,9763,1702,287,4840,Beta,2023-09-08 16:01:00,1138,5466,Beta,Beta,Beta,Gamma,2826,5709,1018,2782,945,Alpha,Discussed timeline and next steps with the account.
N,Shared the updated proposal for review.,Pioneer Group LLC,Sofia Ford,priya.blake@demomail.test,,6,diego.mensah@examplecorp.test,SKU-4731,,,,100559,Yara Haddad,omar.silva@acme-fake.test,2023-12-04 09:43:00,126283,100656,NPS Result,N,Nina Sloan,omar.blake@examplecorp.test,2024-10-17 06:40:00,2023-09-16 10:55:00,Elena Ivanov,aisha.kim@acme-fake.test,,,,,,,,,,,,,,2025-08-29 23:34:00,6571,3401,Standard,Alpha,Delta,Delta,2710,4576,3850,1233,4386,Beta,2024-06-08 18:17:00,7972,6854,Other,Gamma,Beta,Other,7248,3820,1668,8757,6094,Alpha,2025-09-07 02:41:00,9040,2422,Standard,Gamma,Standard,Beta,5759,362,145,1319,2439,Standard,Resolved the outstanding question about scope.
N,Noted a concern to revisit at the next sync.,Everest Group Corp,Drew Sato,morgan.cohen@demomail.test,,8,morgan.reyes@acme-fake.test,TAG-6580,,,,100400,Taylor Blake,emerson.cohen@demomail.test,2026-05-03 12:54:00,126286,100591,NPS Result,N,Emerson Calder,taylor.haddad@acme-fake.test,2024-09-23 14:14:00,2023-10-25 10:14:00,Casey Vance,chen.garcia@demomail.test,,,,,,,,,,,,,,2026-07-22 09:18:00,4547,2566,Other,Gamma,Standard,Alpha,6228,263,1350,7689,4282,Standard,2026-07-01 06:09:00,4845,6779,Alpha,Delta,Beta,Beta,7033,1856,3728,509,1831,Alpha,2023-10-02 10:36:00,5066,9633,Gamma,Beta,Delta,Gamma,7010,7467,5807,7546,25,Gamma,Scheduled a check-in for the coming month.
N,Followed up on the open items from last week.,Falcon Analytics Corp,Diego Dorsey,arjun.kim@demomail.test,,8,mei.patel@acme-fake.test,SKU-3156,,,,100314,Nina Calder,chen.mensah@demomail.test,2025-05-17 10:30:00,126288,100420,NPS Result,Y,Morgan Sato,fatima.dorsey@examplecorp.test,2024-09-12 23:26:00,2023-12-10 08:38:00,Avery Ivanov,avery.mercer@demomail.test,,,,,,,,,,,,,,2022-10-14 02:42:00,9310,2241,Delta,Delta,Delta,Delta,5005,3378,4396,6155,3348,Alpha,2023-08-11 02:38:00,6777,3096,Beta,Alpha,Other,Alpha,7687,216,2133,9238,5822,Beta,2023-12-26 17:06:00,8958,5791,Alpha,Delta,Standard,Delta,5895,2340,7053,9614,5184,Standard,Resolved the outstanding question about scope.
N,,Everest Textiles Inc,Yara Mensah,rahul.dorsey@sampleco.test,,2,casey.brooks@sampleco.test,TAG-1408,,,,100523,Aisha Kim,diego.blake@demomail.test,2026-01-26 21:56:00,126291,100128,NPS Result,N,Reese Larsson,taylor.ashby@examplecorp.test,2023-10-25 14:30:00,2024-06-19 19:05:00,Yara Haddad,chen.sato@acme-fake.test,,,,,,,,,,,,,,2024-03-27 07:06:00,4734,632,Other,Alpha,Beta,Standard,4092,9392,9775,505,5386,Beta,2023-08-01 06:21:00,9435,3836,Gamma,Delta,Alpha,Beta,5172,2706,6464,2243,2297,Standard,2023-04-13 22:17:00,93,2347,Delta,Alpha,Gamma,Standard,3267,6728,6942,2841,3196,Beta,Resolved the outstanding question about scope.
N,,Pioneer Group,Yara Mercer,skyler.ashby@acme-fake.test,,0,elena.silva@examplecorp.test,REF-4674,,,,100424,Avery Mensah,arjun.dorsey@examplecorp.test,2025-04-30 19:16:00,126294,100723,NPS Result,N,Omar Silva,chen.sato@sampleco.test,2026-05-14 06:46:00,2023-09-25 01:09:00,Sofia Okafor,fatima.blake@acme-fake.test,,,,,,,,,,,,,,2025-10-24 20:11:00,6732,5570,Delta,Alpha,Gamma,Standard,4113,7000,4612,9320,1866,Other,2026-07-24 19:36:00,8155,6214,Beta,Alpha,Other,Gamma,392,1345,1035,6331,1983,Beta,2026-02-21 00:51:00,2403,1133,Delta,Standard,Other,Beta,7422,4849,5768,1957,3155,Delta,Noted a concern to revisit at the next sync.
N,,Horizon Logistics Inc,Aisha Haddad,skyler.haddad@demomail.test,,2,mei.ivanov@examplecorp.test,TAG-2907,,,,100520,Rahul Rossi,diego.rossi@acme-fake.test,2025-10-28 17:39:00,126297,100750,NPS Result,Y,Aisha Cohen,omar.rossi@sampleco.test,2023-06-30 04:50:00,2024-08-23 22:25:00,Morgan Brooks,skyler.ashby@acme-fake.test,,,,,,,,,,,,,,2025-10-20 15:01:00,8473,791,Other,Other,Gamma,Gamma,4628,3884,6018,853,2405,Gamma,2026-07-30 19:50:00,4040,8192,Alpha,Gamma,Beta,Other,860,8095,2813,5689,2957,Alpha,2023-04-07 19:27:00,3561,4018,Delta,Alpha,Other,Delta,4239,9099,2278,4165,9322,Alpha,Reviewed performance and gathered feedback.
Y,,Cardinal Industries,Noah Patel,emerson.larsson@examplecorp.test,,5,morgan.kim@examplecorp.test,LOT-1034,,,,100058,Nina Haddad,quinn.mensah@acme-fake.test,2024-12-12 05:14:00,126299,100676,NPS Result,Y,Rowan Ashby,quinn.mensah@acme-fake.test,2024-07-25 03:42:00,2026-05-16 06:31:00,Arjun Garcia,priya.blake@acme-fake.test,,,,,,,,,,,,,,2025-06-10 23:05:00,8036,3811,Alpha,Standard,Alpha,Beta,7352,6924,8054,2662,3972,Standard,2023-02-13 10:56:00,3397,9101,Standard,Delta,Gamma,Standard,865,8038,252,5476,8026,Delta,2025-07-04 20:34:00,5735,6956,Gamma,Alpha,Alpha,Other,8930,2267,506,9395,1457,Beta,Scheduled a check-in for the coming month.
Y,,Cobalt Labs,Noah Ivanov,morgan.rossi@demomail.test,,1,taylor.calder@examplecorp.test,LOT-7779,,,,100620,Chen Larsson,aisha.ivanov@sampleco.test,2022-11-24 08:53:00,126302,100348,NPS Result,N,Arjun Rossi,fatima.mensah@demomail.test,2025-10-10 09:41:00,2024-12-20 07:58:00,Liam Okafor,drew.rossi@acme-fake.test,,,,,,,,,,,,,,2023-02-01 10:47:00,5436,8250,Standard,Gamma,Beta,Beta,216,4082,1191,2673,8573,Delta,2026-07-08 19:26:00,8158,5877,Beta,Alpha,Standard,Gamma,9081,1124,8942,8214,3643,Other,2026-04-19 08:04:00,1561,9051,Alpha,Alpha,Alpha,Beta,3468,1502,3987,4843,7532,Other,Aligned on billing and renewal terms.
Y,,Ironwood Textiles LLP,Reese Cohen,liam.dorsey@sampleco.test,,0,casey.sato@demomail.test,REF-3995,,,,100585,Rahul Ashby,omar.haddad@examplecorp.test,2025-02-01 23:20:00,126305,100146,NPS Result,Y,Elena Larsson,drew.garcia@examplecorp.test,2024-02-11 17:34:00,2024-07-14 06:32:00,Nina Reyes,jordan.cohen@acme-fake.test,,,,,,,,,,,,,,2023-02-05 03:03:00,2663,6024,Alpha,Delta,Delta,Alpha,9208,445,4137,4313,923,Other,2025-08-08 13:07:00,1189,1705,Beta,Other,Gamma,Alpha,2361,9577,1563,7075,689,Standard,2026-05-03 09:22:00,188,8643,Delta,Delta,Alpha,Other,5915,6718,2861,6655,7926,Gamma,Reviewed performance and gathered feedback.
N,,Lakeside Industries LLC,Mei Vance,quinn.dorsey@sampleco.test,,5,marco.ivanov@acme-fake.test,SKU-5731,,,,100542,Diego Ashby,drew.dorsey@sampleco.test,2024-04-28 20:46:00,126306,100265,NPS Result,N,Riley Dorsey,nina.nguyen@sampleco.test,2023-11-17 05:11:00,2025-12-25 19:02:00,Skyler Larsson,casey.garcia@examplecorp.test,,,,,,,,,,,,,,2023-11-21 05:31:00,226,971,Gamma,Alpha,Beta,Beta,6420,5706,9939,674,4506,Gamma,2023-10-09 16:40:00,7665,9145,Standard,Gamma,Beta,Delta,1487,4027,2075,9580,3317,Standard,2023-06-20 19:12:00,3284,706,Standard,Alpha,Other,Alpha,4180,3255,3392,9635,2438,Beta,Reviewed performance and gathered feedback.
N,,Falcon Logistics LLC,Sofia Ivanov,priya.cohen@acme-fake.test,,8,taylor.whitfield@acme-fake.test,SKU-5599,,,,100309,Jordan Garcia,noah.vance@examplecorp.test,2024-07-02 15:24:00,126309,100132,NPS Result,Y,Casey Costa,yara.larsson@demomail.test,2026-06-08 20:38:00,2022-12-10 09:42:00,Chen Brooks,arjun.sato@demomail.test,,,,,,,,,,,,,,2022-11-08 19:09:00,7310,5367,Standard,Delta,Gamma,Standard,8553,1820,3549,5233,4891,Alpha,2024-03-11 12:59:00,7960,3587,Alpha,Delta,Gamma,Standard,6185,2486,1821,5963,2909,Standard,2026-01-26 23:43:00,6211,2466,Delta,Standard,Gamma,Standard,8665,3792,7053,7699,6340,Gamma,Reviewed performance and gathered feedback.
N,,Keystone Robotics LLP,Arjun Mercer,yara.larsson@examplecorp.test,,2,liam.nguyen@sampleco.test,SKU-1559,,,,100462,Alex Mercer,noah.whitfield@demomail.test,2023-12-31 09:41:00,126311,100413,NPS Result,Y,Casey Haddad,drew.vance@acme-fake.test,2024-09-29 15:03:00,2023-03-24 06:06:00,Elena Kim,skyler.rossi@sampleco.test,,,,,,,,,,,,,,2024-11-08 07:10:00,4803,8908,Alpha,Alpha,Delta,Gamma,1963,2550,3032,4415,4624,Other,2023-11-27 12:17:00,4203,7902,Other,Beta,Gamma,Delta,3590,4321,7722,1192,4135,Delta,2025-02-24 17:57:00,8541,7458,Alpha,Beta,Delta,Other,8816,2589,8996,3526,5627,Alpha,Aligned on billing and renewal terms.
Y,,Brightpath Retail Co,Fatima Mensah,drew.patel@acme-fake.test,,3,alex.ashby@acme-fake.test,REF-1907,,,,100560,Reese Vance,avery.silva@demomail.test,2022-10-14 12:13:00,126314,100530,NPS Result,N,Aisha Ashby,alex.costa@acme-fake.test,2023-07-21 21:42:00,2025-11-28 10:25:00,Yara Ford,liam.ford@acme-fake.test,,,,,,,,,,,,,,2023-04-13 21:50:00,4504,1422,Other,Standard,Delta,Beta,1851,2576,1576,3977,7069,Alpha,2025-01-24 09:50:00,3212,6450,Other,Beta,Standard,Alpha,8122,6516,4788,6859,1003,Standard,2023-04-20 09:53:00,8338,5497,Beta,Beta,Standard,Other,364,4859,9391,8285,8186,Delta,Scheduled a check-in for the coming month.
N,,Silverline Systems Co,Sofia Vance,yara.garcia@sampleco.test,,7,mei.reyes@sampleco.test,SKU-9018,,,,100613,Fatima Ford,quinn.ashby@sampleco.test,2024-11-02 11:01:00,126317,100119,NPS Result,N,Sofia Ivanov,noah.brooks@acme-fake.test,2022-12-06 07:00:00,2023-01-31 23:11:00,Jamie Rossi,elena.ashby@sampleco.test,,,,,,,,,,,,,,2024-10-22 20:28:00,7293,1188,Other,Beta,Delta,Standard,278,2593,8387,2135,1052,Beta,2025-02-23 01:50:00,7388,1346,Other,Beta,Alpha,Gamma,1901,6482,3912,15,98,Beta,2024-04-05 22:51:00,8128,9118,Delta,Alpha,Beta,Alpha,9806,4763,4406,4110,3208,Other,Noted a concern to revisit at the next sync.
N,,Redwood Logistics Group,Nina Reyes,avery.ford@demomail.test,,0,jordan.reyes@examplecorp.test,LOT-4430,,,,100331,Chen Costa,riley.reyes@examplecorp.test,2023-02-10 05:34:00,126318,100302,NPS Result,N,Sofia Calder,taylor.mensah@acme-fake.test,2025-05-07 07:31:00,2024-07-31 12:32:00,Yara Larsson,fatima.rossi@sampleco.test,,,,,,,,,,,,,,2026-03-12 12:08:00,2277,9154,Delta,Beta,Delta,Standard,8197,6988,7153,6082,8783,Other,2026-07-09 04:36:00,7708,601,Standard,Other,Alpha,Alpha,8666,5294,1040,277,3265,Other,2023-01-30 13:39:00,2498,9686,Other,Standard,Alpha,Delta,5874,8271,301,5979,3719,Beta,Reviewed performance and gathered feedback.
N,,Blue Ridge Textiles,Yara Reyes,drew.sloan@acme-fake.test,,9,fatima.kim@demomail.test,TAG-8789,,,,100336,Rahul Costa,emerson.ashby@demomail.test,2023-11-23 05:57:00,126320,100277,NPS Result,N,Mei Okafor,diego.whitfield@examplecorp.test,2026-07-31 15:32:00,2026-07-05 02:22:00,Avery Kim,arjun.okafor@acme-fake.test,,,,,,,,,,,,,,2026-01-06 20:39:00,901,2655,Other,Standard,Beta,Other,933,5991,6786,2208,1237,Other,2024-03-25 17:48:00,3171,5400,Beta,Alpha,Gamma,Alpha,1286,806,8230,8977,8728,Beta,2025-04-18 22:33:00,2763,8428,Alpha,Beta,Other,Alpha,3666,690,9795,8053,2643,Gamma,Scheduled a check-in for the coming month.
Y,,Silverline Partners Ltd,Reese Brooks,riley.calder@demomail.test,Y,10,jordan.blake@examplecorp.test,LOT-9728,,,,100672,Quinn Reyes,fatima.nguyen@demomail.test,2025-09-10 10:39:00,126323,100374,NPS Result,N,Rowan Kim,yara.okafor@sampleco.test,2024-02-15 10:22:00,2023-10-22 07:54:00,Quinn Haddad,liam.silva@acme-fake.test,,,,,,,,,,,,,,2025-10-26 10:56:00,9901,3288,Standard,Delta,Beta,Gamma,395,7084,5757,9237,6198,Gamma,2023-03-08 18:37:00,9432,647,Other,Other,Standard,Delta,8527,3081,8751,3350,8559,Alpha,2023-02-20 05:49:00,6734,8908,Delta,Gamma,Other,Alpha,7524,548,6460,9934,693,Gamma,Discussed timeline and next steps with the account.
N,,Everest Financial Inc,Arjun Costa,jamie.mensah@sampleco.test,,2,emerson.whitfield@examplecorp.test,TAG-8440,,,,100099,Morgan Blake,jamie.reyes@examplecorp.test,2026-04-19 09:42:00,126325,100176,NPS Result,N,Chen Ivanov,fatima.rossi@demomail.test,2023-04-02 14:20:00,2026-04-05 01:51:00,Noah Ford,skyler.cohen@acme-fake.test,,,,,,,,,,,,,,2025-05-22 00:18:00,3181,4632,Standard,Gamma,Other,Gamma,9570,2420,8253,4495,8562,Standard,2023-06-25 17:23:00,8839,8531,Gamma,Alpha,Beta,Other,3681,7499,4045,3861,2199,Other,2023-09-22 21:06:00,7558,1422,Alpha,Other,Delta,Other,9112,3632,8408,4402,9267,Other,Aligned on billing and renewal terms.
N,,Horizon Financial Ltd,Taylor Cohen,jordan.garcia@sampleco.test,,4,riley.sloan@demomail.test,LOT-8550,,,,100516,Mei Cohen,noah.haddad@examplecorp.test,2024-09-28 18:45:00,126327,100573,NPS Result,Y,Elena Rossi,sofia.garcia@examplecorp.test,2023-09-02 19:43:00,2025-06-23 00:38:00,Casey Nguyen,reese.costa@demomail.test,,,,,,,,,,,,,,2025-12-18 18:45:00,693,9847,Delta,Other,Alpha,Gamma,4772,4436,2068,3340,7007,Delta,2026-02-10 20:48:00,3144,5594,Gamma,Beta,Gamma,Delta,3029,9473,530,5631,9043,Delta,2025-11-16 02:44:00,9203,446,Alpha,Delta,Gamma,Beta,3437,2913,8338,9903,6572,Delta,Reviewed performance and gathered feedback.
Y,,Harbor Health LLP,Fatima Sloan,chen.sato@acme-fake.test,N,1,marco.blake@demomail.test,TAG-1548,,,,100418,Priya Okafor,nina.whitfield@examplecorp.test,2023-10-23 14:06:00,126328,100588,NPS Result,N,Elena Whitfield,chen.mensah@acme-fake.test,2024-03-10 18:10:00,2026-07-19 10:50:00,Fatima Ivanov,nina.ashby@demomail.test,,,,,,,,,,,,,,2022-12-29 19:09:00,462,1049,Other,Standard,Gamma,Standard,4182,1275,8591,2386,6363,Beta,2025-03-05 08:53:00,352,8726,Delta,Gamma,Beta,Beta,7869,7720,9891,3712,7366,Alpha,2025-03-04 19:06:00,4081,5274,Gamma,Other,Standard,Gamma,1624,163,8710,7463,4740,Alpha,Scheduled a check-in for the coming month.
N,,Northwind Holdings Ltd,Noah Nguyen,jamie.silva@acme-fake.test,,10,mei.rossi@demomail.test,REF-6169,,,,100452,Quinn Mensah,alex.dorsey@acme-fake.test,2023-04-30 11:16:00,126329,100742,NPS Result,Y,Elena Calder,emerson.calder@demomail.test,2025-09-13 23:33:00,2024-07-31 13:57:00,Omar Rossi,jamie.reyes@sampleco.test,,,,,,,,,,,,,,2025-06-05 20:22:00,7603,2042,Beta,Other,Other,Gamma,8729,4208,9346,1210,3594,Gamma,2024-08-27 19:05:00,5159,9998,Delta,Delta,Standard,Alpha,2445,723,4120,4757,7479,Beta,2023-05-25 06:23:00,4605,8593,Beta,Beta,Delta,Alpha,9504,4434,5432,2125,7812,Other,Followed up on the open items from last week.
Y,,Ironwood Industries,Riley Silva,alex.ashby@demomail.test,,9,diego.ashby@sampleco.test,REF-1012,,,,100020,Jamie Okafor,skyler.ashby@sampleco.test,2024-03-24 07:49:00,126331,100684,NPS Result,Y,Omar Larsson,rahul.kim@sampleco.test,2026-06-27 14:20:00,2025-12-18 12:09:00,Sofia Garcia,drew.mercer@acme-fake.test,,,,,,,,,,,,,,2026-02-26 01:09:00,4717,5810,Alpha,Delta,Delta,Standard,9737,2500,1216,7004,2967,Standard,2023-11-02 17:37:00,7593,7263,Alpha,Beta,Alpha,Other,6915,5508,8879,9962,4123,Standard,2024-05-13 21:37:00,5480,5110,Other,Alpha,Other,Standard,4630,8829,5055,1982,6289,Alpha,Resolved the outstanding question about scope.
N,Discussed timeline and next steps with the account.,Vertex Analytics LLP,Chen Garcia,priya.sato@demomail.test,,4,quinn.mensah@sampleco.test,TAG-2910,,,,100786,Diego Mensah,avery.dorsey@acme-fake.test,2024-12-07 06:49:00,126332,100447,NPS Result,Y,Liam Mensah,riley.nguyen@demomail.test,2025-01-09 05:41:00,2023-07-24 23:19:00,Liam Blake,casey.larsson@demomail.test,,,,,,,,,,,,,,2023-02-07 15:45:00,5654,139,Delta,Alpha,Beta,Standard,6409,3749,7676,7311,2412,Standard,2022-12-24 02:59:00,7423,6138,Other,Standard,Gamma,Delta,2555,8057,6942,9948,944,Alpha,2025-07-03 05:50:00,2761,646,Gamma,Gamma,Alpha,Gamma,5801,367,8968,472,2929,Alpha,Scheduled a check-in for the coming month.
N,,Pioneer Solutions Corp,Diego Dorsey,fatima.garcia@examplecorp.test,,10,sofia.larsson@sampleco.test,TAG-6331,,,,100552,Emerson Garcia,skyler.larsson@sampleco.test,2024-03-20 03:21:00,126334,100415,NPS Result,N,Jordan Okafor,liam.okafor@examplecorp.test,2025-07-29 18:13:00,2026-01-13 04:40:00,Liam Calder,elena.cohen@examplecorp.test,,,,,,,,,,,,,,2025-07-27 10:54:00,7590,2762,Gamma,Gamma,Delta,Alpha,5187,6244,1274,9007,758,Delta,2025-03-25 05:16:00,4630,2466,Beta,Other,Delta,Alpha,8534,8575,6316,1539,8430,Delta,2025-05-10 15:26:00,1387,2203,Other,Beta,Gamma,Other,5656,9346,5658,3709,5439,Gamma,Noted a concern to revisit at the next sync.
Y,Scheduled a check-in for the coming month.,Redwood Holdings,Rowan Reyes,nina.sato@examplecorp.test,,1,fatima.dorsey@demomail.test,TAG-5824,,,,100343,Emerson Cohen,elena.haddad@acme-fake.test,2022-10-03 13:45:00,126335,100429,NPS Result,N,Liam Dorsey,emerson.kim@demomail.test,2025-09-01 00:27:00,2024-12-24 07:25:00,Rahul Rossi,arjun.reyes@acme-fake.test,,,,,,,,,,,,,,2024-09-11 03:53:00,4969,4461,Delta,Alpha,Gamma,Other,4152,9309,9099,7328,9291,Gamma,2025-05-22 05:34:00,7237,7123,Other,Alpha,Other,Alpha,9876,6913,5280,2422,1973,Delta,2024-11-22 17:35:00,3369,3570,Alpha,Gamma,Delta,Alpha,1208,756,175,1258,1862,Beta,Resolved the outstanding question about scope.
Y,,Beacon Solutions Inc,Riley Reyes,fatima.reyes@examplecorp.test,,5,jamie.ford@demomail.test,LOT-5366,,,,100585,Alex Blake,riley.silva@examplecorp.test,2023-04-29 20:00:00,126336,100708,NPS Result,N,Sofia Mensah,aisha.whitfield@sampleco.test,2023-02-24 02:16:00,2023-06-10 14:30:00,Yara Calder,fatima.larsson@demomail.test,,,,,,,,,,,,,,2025-05-23 09:13:00,3317,1763,Standard,Alpha,Gamma,Other,6864,2237,8392,3425,8390,Delta,2024-09-28 02:53:00,9792,4025,Delta,Beta,Beta,Standard,1672,8420,3203,1820,4002,Other,2025-04-22 16:34:00,4605,6979,Beta,Beta,Alpha,Gamma,5674,5639,7701,9838,5555,Other,Discussed timeline and next steps with the account.
N,,Meridian Robotics Co,Riley Mercer,jordan.silva@examplecorp.test,,3,fatima.garcia@demomail.test,LOT-5008,,,,100259,Skyler Okafor,yara.reyes@examplecorp.test,2022-11-02 03:08:00,126338,100083,NPS Result,Y,Elena Ashby,mei.okafor@examplecorp.test,2026-05-28 15:13:00,2024-11-08 18:17:00,Quinn Brooks,riley.rossi@acme-fake.test,,,,,,,,,,,,,,2025-04-05 08:44:00,7627,9722,Gamma,Delta,Alpha,Delta,2532,9538,9055,5233,1260,Standard,2024-05-06 17:47:00,7781,1139,Standard,Alpha,Delta,Beta,2207,6469,7863,9166,1564,Gamma,2023-09-17 18:18:00,7560,1179,Alpha,Gamma,Delta,Alpha,8176,5977,8171,7614,2026,Standard,Resolved the outstanding question about scope.
Y,,Ironwood Solutions LLP,Jordan Cohen,priya.larsson@demomail.test,,9,liam.mercer@demomail.test,LOT-3699,,,,100158,Quinn Ivanov,mei.ashby@acme-fake.test,2023-12-09 08:56:00,126339,100777,NPS Result,N,Riley Brooks,reese.sato@sampleco.test,2023-07-01 13:30:00,2023-09-15 23:04:00,Skyler Ford,avery.nguyen@examplecorp.test,,,,,,,,,,,,,,2025-08-05 16:06:00,5662,6087,Other,Other,Alpha,Alpha,3963,795,7524,5648,1183,Alpha,2023-05-02 11:36:00,240,7547,Other,Other,Other,Delta,9559,4033,8936,2055,2952,Gamma,2024-12-20 01:44:00,5260,2252,Other,Alpha,Standard,Gamma,8890,7973,3449,5936,2331,Delta,Discussed timeline and next steps with the account.
N,,Lakeside Systems Corp,Arjun Ivanov,mei.sloan@demomail.test,,6,avery.vance@sampleco.test,REF-2582,,,,100484,Nina Silva,skyler.haddad@examplecorp.test,2025-03-11 02:45:00,126342,100517,NPS Result,N,Noah Okafor,priya.ashby@acme-fake.test,2025-10-17 11:42:00,2025-09-20 10:07:00,Noah Rossi,priya.ivanov@examplecorp.test,,,,,,,,,,,,,,2024-03-16 18:32:00,4152,6728,Delta,Alpha,Gamma,Other,9464,3989,5399,6736,605,Beta,2023-01-30 16:56:00,5044,7720,Other,Beta,Delta,Beta,5281,1411,8138,7348,3586,Alpha,2025-10-07 08:09:00,3874,9157,Delta,Other,Other,Other,2962,7289,84,2926,5623,Gamma,Aligned on billing and renewal terms.
N,Reviewed performance and gathered feedback.,Ironwood Energy LLP,Rowan Ford,mei.nguyen@examplecorp.test,,8,liam.ivanov@demomail.test,REF-6946,,,,100298,Omar Garcia,jamie.ivanov@examplecorp.test,2026-01-17 16:32:00,126345,100302,NPS Result,N,Yara Sloan,rowan.blake@sampleco.test,2024-03-23 18:33:00,2023-09-21 22:54:00,Jamie Okafor,sofia.rossi@examplecorp.test,,,,,,,,,,,,,,2023-07-02 08:27:00,9641,3704,Alpha,Delta,Beta,Beta,7214,1449,6937,4041,7129,Standard,2023-02-23 06:56:00,959,7067,Other,Beta,Beta,Other,6470,5933,6863,3571,9310,Beta,2025-10-14 18:55:00,9612,5284,Beta,Beta,Beta,Standard,1826,2795,8790,133,5135,Standard,Aligned on billing and renewal terms.
Y,,Keystone Systems Inc,Taylor Brooks,marco.cohen@sampleco.test,,6,alex.dorsey@acme-fake.test,REF-5802,,,,100123,Drew Mensah,chen.ivanov@demomail.test,2024-10-05 05:36:00,126347,100215,NPS Result,N,Skyler Ivanov,jamie.ford@examplecorp.test,2025-11-11 20:36:00,2022-12-27 20:53:00,Chen Brooks,morgan.larsson@acme-fake.test,,,,,,,,,,,,,,2026-03-30 15:36:00,6950,4292,Delta,Standard,Alpha,Gamma,5293,8084,2929,6039,554,Standard,2023-02-19 04:33:00,3967,3157,Delta,Other,Other,Standard,8578,3406,824,4123,7902,Gamma,2026-01-23 18:12:00,8144,9006,Gamma,Gamma,Standard,Delta,6618,5409,8278,744,3463,Alpha,Resolved the outstanding question about scope.
N,,Everest Logistics LLC,Morgan Patel,priya.kim@examplecorp.test,,10,jordan.cohen@sampleco.test,SKU-2610,,,,100245,Jamie Garcia,fatima.blake@sampleco.test,2023-12-11 23:01:00,126350,100352,NPS Result,N,Arjun Sato,liam.blake@sampleco.test,2024-08-17 22:57:00,2023-09-03 01:23:00,Morgan Sloan,quinn.brooks@sampleco.test,,,,,,,,,,,,,,2026-02-12 13:31:00,5843,8712,Delta,Gamma,Standard,Gamma,8177,3739,5556,1157,2343,Alpha,2024-02-09 15:45:00,751,6394,Standard,Other,Standard,Delta,5259,67,3519,2987,418,Beta,2024-06-07 02:59:00,9089,6026,Other,Beta,Other,Gamma,7555,7912,2606,7495,2983,Alpha,Shared the updated proposal for review.
