Entity_Type_ID,Entity_Type_Name,Entity_ID,Owned_by_SAM,Owned_by_Display_Name,Own_Datetime,Created_by_SAM,Created_by_Display_Name,Created_Datetime,Modified_by_Sam,Modified_by_Display_Name,Modified_Datetime,Assigned_to_Sam,Assigned_to_Display_Name,Assign_Datetime,Is_Active,POSITION_NAME,JOB_NAME,JOB_NAME_EXD_OBJECT_ID,CUSTOMER_NAME,CUSTOMER_NAME_EXD_OBJECT_ID,CUSTOMER_DEPARTMENT,CUSTOMER_DEPARTMENT_EXD_OBJECT_ID,POSITION_STATUS,HIRING_AUTHORITY,RELAY_DEPARTMENT,RELAY_DEPARTMENT_EXD_OBJECT_ID,BACKFILL_REQUIRED,HIRING_AUTHORITY_EXD_OBJECT_ID,CELL_PHONE_NUMBER,EMAIL_ADDRESS,TITLE,POSITION_NAME_1
100625,Position,108613,arjun.nguyen@acme-fake.test,Skyler Mensah,2023-12-25 15:41:00,liam.haddad@sampleco.test,Yara Patel,2023-11-16 08:10:00,drew.nguyen@examplecorp.test,Alex Mercer,2025-07-31 01:33:00,,,,N,Jordan Vance,Noah Sloan,100343,Chen Dorsey,100520,Other,100538,Y,,,100672,N,,Delta,,,Arjun Mercer
100667,Position,108615,aisha.ford@demomail.test,Reese Garcia,2023-06-09 20:27:00,sofia.ford@acme-fake.test,Diego Calder,2025-12-04 07:41:00,quinn.dorsey@sampleco.test,Sofia Sloan,2023-05-10 07:38:00,,,,Y,Arjun Blake,Rahul Ivanov,100552,Taylor Larsson,100473,Alpha,100673,N,,,,Y,100104,Beta,,,Arjun Kim
100030,Position,108618,alex.okafor@examplecorp.test,Marco Sato,2026-02-19 07:33:00,rahul.silva@examplecorp.test,Casey Blake,2024-06-04 18:04:00,diego.ivanov@examplecorp.test,Marco Sato,2023-12-23 06:19:00,,,,Y,Emerson Mercer,Skyler Okafor,100242,Omar Garcia,100212,Other,100014,N,,,,N,,Beta,,,Rowan Rossi
100267,Position,108619,drew.vance@sampleco.test,Mei Sato,2025-01-31 14:40:00,taylor.nguyen@examplecorp.test,Fatima Garcia,2024-12-15 13:33:00,skyler.blake@acme-fake.test,Priya Garcia,2024-08-12 12:15:00,,,,Y,Taylor Sato,Sofia Calder,100386,Nina Costa,100345,Standard,100395,Y,,,,,100243,Standard,,,Taylor Patel
100186,Position,108620,rowan.brooks@demomail.test,Diego Ivanov,2024-04-05 17:31:00,morgan.mensah@acme-fake.test,Riley Haddad,2023-12-05 21:29:00,sofia.okafor@acme-fake.test,Yara Ford,2023-06-22 00:36:00,,,,Y,Jordan Larsson,,100046,Rahul Rossi,100176,Alpha,100518,N,,,100734,,,Beta,,,Marco Sato
100058,Position,108622,elena.okafor@sampleco.test,Omar Ivanov,2025-07-21 15:55:00,skyler.vance@sampleco.test,Arjun Kim,2025-12-16 17:53:00,alex.dorsey@sampleco.test,Reese Patel,2023-01-02 02:34:00,,,,N,Emerson Costa,Jamie Kim,100120,Priya Cohen,100298,Gamma,100742,N,REF-1642,,100171,Y,100429,Gamma,,,Alex Brooks
100418,Position,108624,drew.blake@demomail.test,Priya Nguyen,2026-07-24 01:48:00,taylor.garcia@demomail.test,Alex Dorsey,2024-05-26 15:20:00,mei.silva@acme-fake.test,Liam Ford,2025-03-31 16:32:00,,,,N,Fatima Okafor,,,Taylor Rossi,100799,Standard,100177,N,SKU-4890,,100119,N,,Beta,,,Marco Larsson
100772,Position,108627,fatima.ivanov@sampleco.test,Noah Cohen,2025-04-29 00:12:00,jamie.okafor@acme-fake.test,Quinn Patel,2023-01-29 20:36:00,rowan.ashby@examplecorp.test,Drew Dorsey,2024-04-26 11:43:00,,,,N,Skyler Ivanov,Chen Kim,100314,Morgan Costa,100551,Alpha,100667,Y,LOT-4925,,,,100023,Delta,,,Taylor Sato
100139,Position,108628,alex.rossi@acme-fake.test,Riley Ford,2025-03-16 05:07:00,omar.rossi@examplecorp.test,Casey Whitfield,2024-06-27 07:07:00,nina.cohen@acme-fake.test,Skyler Ford,2025-02-28 00:21:00,,,,N,Emerson Okafor,Elena Larsson,100681,Sofia Ford,100262,Standard,100598,N,,,100485,,100066,Other,,,Rowan Dorsey
100760,Position,108631,noah.mensah@demomail.test,Chen Rossi,2023-03-06 07:28:00,jordan.sloan@acme-fake.test,Skyler Okafor,2023-10-28 13:57:00,rahul.silva@demomail.test,Rowan Sloan,2026-02-03 22:38:00,,,,Y,Avery Costa,Mei Cohen,,Liam Haddad,100753,Gamma,100212,N,,,100340,Y,100582,Gamma,,,Rahul Calder
100628,Position,108632,diego.kim@examplecorp.test,Taylor Mensah,2024-08-19 07:01:00,reese.mensah@sampleco.test,Elena Whitfield,2023-08-09 13:47:00,rahul.ivanov@acme-fake.test,Drew Larsson,2022-12-15 20:14:00,,,,N,Taylor Sato,Morgan Costa,100462,Quinn Vance,100345,Gamma,100554,N,,,100104,,,Gamma,,,Taylor Blake
100736,Position,108633,arjun.ford@sampleco.test,Skyler Sloan,2025-08-16 15:06:00,rowan.whitfield@demomail.test,Reese Mercer,2024-10-26 20:14:00,elena.blake@sampleco.test,Fatima Rossi,2025-07-05 16:39:00,,,,Y,Arjun Sloan,Liam Kim,100080,Diego Ivanov,100440,Delta,100694,N,REF-9222,,100388,Y,100248,Gamma,,,Jamie Sato
100280,Position,108636,jamie.dorsey@examplecorp.test,Jordan Larsson,2024-12-21 20:34:00,nina.sato@examplecorp.test,Reese Sato,2024-01-17 01:49:00,liam.haddad@acme-fake.test,Skyler Rossi,2024-06-03 09:11:00,,,,N,Omar Calder,Rowan Sato,100224,Rowan Whitfield,100738,Standard,100413,N,,,,Y,,Beta,,,Elena Costa
100051,Position,108639,omar.larsson@examplecorp.test,Quinn Vance,2023-12-12 06:45:00,elena.haddad@acme-fake.test,Sofia Costa,2024-02-25 19:11:00,reese.larsson@examplecorp.test,Omar Kim,2023-01-23 23:07:00,,,,N,Jamie Blake,Marco Patel,,Sofia Ford,100563,Other,100437,N,,,,Y,100517,Alpha,,,Skyler Reyes
100076,Position,108640,taylor.patel@examplecorp.test,Emerson Kim,2025-06-01 13:04:00,sofia.ivanov@acme-fake.test,Skyler Mensah,2025-01-21 04:29:00,noah.ashby@demomail.test,Fatima Mercer,2023-04-03 12:53:00,,,,Y,Jamie Mercer,Reese Vance,100469,Chen Blake,100723,Gamma,100083,N,,,100527,N,,Gamma,,,Drew Whitfield
100734,Position,108641,quinn.sloan@sampleco.test,Diego Okafor,2022-11-05 17:08:00,nina.whitfield@acme-fake.test,Yara Okafor,2023-09-17 12:20:00,sofia.reyes@demomail.test,Avery Ashby,2025-07-03 13:50:00,,,,N,Diego Ashby,Yara Larsson,100696,Sofia Ivanov,100178,Alpha,100454,Y,TAG-7173,,,Y,100741,Alpha,,,Liam Mensah
100658,Position,108644,taylor.cohen@demomail.test,Avery Ivanov,2023-12-16 14:41:00,diego.haddad@demomail.test,Quinn Larsson,2024-11-27 02:53:00,diego.mensah@sampleco.test,Diego Larsson,2024-03-31 01:34:00,,,,Y,Riley Whitfield,Diego Kim,100339,Marco Mercer,100686,,100573,Y,TAG-1681,,100103,N,100744,Alpha,,,Omar Ashby
100209,Position,108647,morgan.calder@examplecorp.test,Aisha Ashby,2023-05-23 23:13:00,omar.mercer@demomail.test,Marco Silva,2023-09-28 17:39:00,morgan.brooks@demomail.test,Mei Calder,2024-01-09 05:21:00,,,,N,Sofia Larsson,Nina Larsson,100041,Avery Sloan,100184,,100192,N,SKU-7558,,100308,,100523,Other,,,Mei Silva
100325,Position,108649,riley.ivanov@acme-fake.test,Emerson Mercer,2026-05-09 06:07:00,reese.costa@examplecorp.test,Fatima Cohen,2025-08-03 06:54:00,rahul.rossi@sampleco.test,Fatima Patel,2023-03-11 00:03:00,,,,Y,Fatima Brooks,Aisha Sloan,100020,Avery Rossi,100136,Alpha,100005,Y,TAG-2990,,100062,Y,100223,Standard,,,Rahul Rossi
100554,Position,108650,quinn.brooks@demomail.test,Chen Mensah,2025-11-15 12:03:00,avery.patel@demomail.test,Rahul Reyes,2024-07-07 21:40:00,avery.garcia@sampleco.test,Riley Brooks,2026-02-15 04:17:00,,,,N,Avery Ford,Avery Blake,100616,Emerson Silva,100704,Delta,100704,Y,,,,,100267,Beta,,,Diego Ivanov
100339,Position,108653,morgan.rossi@examplecorp.test,Sofia Haddad,2023-12-21 09:36:00,morgan.blake@acme-fake.test,Jamie Sloan,2024-10-22 08:22:00,taylor.sloan@demomail.test,Jamie Mensah,2024-06-17 09:43:00,,,,N,Liam Calder,Chen Rossi,,Arjun Patel,100331,Standard,100799,Y,,,,,100622,Beta,,,Taylor Mercer
100413,Position,108654,skyler.cohen@examplecorp.test,Noah Blake,2024-11-01 06:56:00,marco.reyes@sampleco.test,Casey Mercer,2023-11-04 21:23:00,drew.silva@examplecorp.test,Casey Haddad,2022-11-24 19:48:00,,,,Y,Morgan Brooks,,100464,Jordan Sloan,100184,,100421,Y,,,,,,Beta,,,Marco Garcia
100696,Position,108657,morgan.sloan@demomail.test,Quinn Patel,2026-07-11 20:47:00,noah.reyes@acme-fake.test,Elena Haddad,2026-03-22 01:06:00,reese.mensah@acme-fake.test,Aisha Kim,2022-10-18 13:45:00,,,,Y,Elena Larsson,,100325,Rowan Silva,100223,Gamma,100627,Y,,,,,100627,Beta,,,Jordan Kim
100726,Position,108660,reese.haddad@examplecorp.test,Skyler Vance,2023-03-25 00:27:00,chen.reyes@demomail.test,Rahul Larsson,2025-07-03 06:16:00,noah.sato@acme-fake.test,Quinn Okafor,2023-06-26 18:09:00,,,,N,Riley Sloan,Chen Ashby,100251,Yara Vance,100265,Other,100243,N,SKU-2881,,,,100301,Alpha,,,Fatima Vance
100132,Position,108662,quinn.costa@acme-fake.test,Reese Calder,2023-12-25 21:55:00,diego.silva@demomail.test,Jordan Nguyen,2023-11-06 03:38:00,liam.ford@examplecorp.test,Casey Ivanov,2024-08-07 10:25:00,,,,N,Sofia Calder,Diego Kim,100484,Skyler Garcia,100040,Beta,100426,Y,,,100729,N,,Delta,,,Riley Mercer
100398,Position,108663,casey.mensah@demomail.test,Riley Ivanov,2023-11-21 16:06:00,elena.sloan@examplecorp.test,Taylor Rossi,2023-06-19 06:18:00,elena.whitfield@examplecorp.test,Priya Okafor,2026-07-26 19:40:00,,,,N,Fatima Sato,Morgan Sloan,100173,Noah Cohen,100319,Gamma,100298,Y,,,100777,,100391,Beta,,,Fatima Silva
100560,Position,108665,priya.cohen@sampleco.test,Rowan Reyes,2023-08-09 10:28:00,avery.costa@demomail.test,Marco Ashby,2026-02-19 11:49:00,skyler.silva@acme-fake.test,Emerson Larsson,2026-02-08 15:01:00,,,,N,Riley Ford,Sofia Rossi,100080,Noah Haddad,100103,Beta,100293,Y,,,,N,100676,Other,,,Skyler Costa
100380,Position,108667,mei.garcia@examplecorp.test,Casey Rossi,2023-03-03 20:49:00,casey.whitfield@examplecorp.test,Quinn Haddad,2023-05-07 16:11:00,priya.okafor@examplecorp.test,Morgan Cohen,2025-01-17 07:28:00,,,,N,Riley Cohen,Alex Whitfield,100393,Riley Brooks,100215,Gamma,100652,Y,,,,,100486,Standard,,,Noah Ivanov
100242,Position,108668,elena.calder@sampleco.test,Nina Rossi,2024-10-31 03:39:00,emerson.ivanov@demomail.test,Sofia Sloan,2023-11-22 02:51:00,arjun.blake@sampleco.test,Reese Garcia,2024-08-16 09:44:00,,,,Y,Emerson Ivanov,Elena Ivanov,100352,Quinn Whitfield,100393,,100506,Y,LOT-4289,,100685,,100632,Other,,,Diego Sato
100774,Position,108670,rowan.larsson@sampleco.test,Casey Kim,2023-06-29 15:45:00,jamie.mercer@examplecorp.test,Marco Brooks,2023-09-07 11:38:00,rahul.cohen@demomail.test,Nina Nguyen,2026-07-02 18:09:00,,,,N,Skyler Ford,Drew Mercer,100610,Jamie Larsson,100509,Delta,100620,Y,,,,N,,Alpha,,,Liam Brooks
100176,Position,108673,morgan.nguyen@sampleco.test,Taylor Patel,2023-12-20 06:04:00,emerson.vance@sampleco.test,Nina Brooks,2023-10-21 12:41:00,reese.mensah@acme-fake.test,Diego Sloan,2024-04-09 01:39:00,,,,Y,Reese Silva,,100042,Jamie Nguyen,100573,Delta,100759,Y,SKU-3531,,100332,,100023,Gamma,,,Liam Mensah
100136,Position,108674,arjun.patel@sampleco.test,Casey Ivanov,2026-03-26 15:54:00,alex.ashby@acme-fake.test,Fatima Larsson,2026-04-12 18:57:00,rahul.okafor@acme-fake.test,Yara Vance,2023-11-17 00:53:00,,,,N,Emerson Nguyen,Chen Nguyen,100388,Elena Larsson,100245,Beta,100156,Y,,,100240,,,Alpha,,,Quinn Sato
100308,Position,108675,diego.okafor@demomail.test,Quinn Whitfield,2022-11-28 11:39:00,arjun.mercer@sampleco.test,Riley Whitfield,2023-08-27 22:54:00,avery.nguyen@acme-fake.test,Rowan Reyes,2024-07-25 05:59:00,,,,N,Quinn Blake,Diego Vance,100715,Rowan Ivanov,100136,Delta,100257,Y,,,,N,100136,Gamma,,,Aisha Mensah
100506,Position,108677,aisha.sato@demomail.test,Aisha Mensah,2024-07-14 08:55:00,priya.whitfield@acme-fake.test,Aisha Whitfield,2024-11-17 22:16:00,arjun.kim@examplecorp.test,Reese Okafor,2024-12-01 23:29:00,,,,N,Chen Garcia,Diego Mensah,100216,Arjun Sato,100516,Beta,100197,N,,,,N,100240,Beta,,,Yara Garcia
100168,Position,108680,sofia.ivanov@examplecorp.test,Mei Sato,2025-01-07 17:31:00,diego.dorsey@sampleco.test,Noah Garcia,2026-01-09 15:06:00,arjun.ivanov@examplecorp.test,Noah Larsson,2023-05-13 12:03:00,,,,Y,Skyler Blake,Quinn Calder,100388,Liam Blake,100500,Standard,100664,Y,LOT-7668,,100386,Y,100753,Delta,,,Sofia Haddad
100340,Position,108682,casey.ivanov@demomail.test,Rowan Kim,2025-08-17 00:24:00,rahul.ivanov@demomail.test,Chen Silva,2025-11-29 23:40:00,alex.ford@examplecorp.test,Diego Ivanov,2023-08-05 15:31:00,,,,Y,Riley Mercer,Quinn Calder,100103,Riley Costa,100484,,100796,Y,,,100601,N,,Alpha,,,Rahul Brooks
100607,Position,108683,skyler.calder@demomail.test,Skyler Ivanov,2023-02-13 23:00:00,elena.garcia@demomail.test,Arjun Silva,2025-08-30 12:47:00,rowan.sato@sampleco.test,Yara Blake,2025-06-03 14:03:00,,,,Y,Avery Larsson,Liam Cohen,100616,Nina Reyes,100455,,100343,N,SKU-9937,,,,,Standard,,,Casey Patel
100449,Position,108685,riley.mercer@demomail.test,Alex Ashby,2026-01-22 19:28:00,yara.garcia@demomail.test,Liam Vance,2025-07-24 21:13:00,nina.cohen@sampleco.test,Diego Mercer,2024-11-13 03:38:00,,,,N,Nina Rossi,Emerson Brooks,100503,Mei Sloan,100223,Standard,100334,N,SKU-9764,,100527,Y,,Delta,,,Reese Larsson
100506,Position,108688,rahul.vance@examplecorp.test,Arjun Larsson,2025-11-01 20:15:00,jordan.larsson@demomail.test,Noah Vance,2023-03-08 02:08:00,omar.sato@sampleco.test,Avery Mercer,2023-03-29 10:37:00,,,,Y,Noah Brooks,Priya Reyes,,Liam Silva,100363,Alpha,100323,Y,LOT-7424,,100771,,100667,Beta,,,Chen Sato
100120,Position,108690,rowan.cohen@acme-fake.test,Rahul Whitfield,2025-11-26 17:04:00,priya.kim@sampleco.test,Taylor Silva,2026-06-03 23:11:00,morgan.ashby@sampleco.test,Rowan Ashby,2025-06-09 20:12:00,,,,N,Jamie Okafor,Jamie Nguyen,,Jamie Costa,100169,Beta,100014,Y,REF-5955,,100720,,100388,Alpha,,,Fatima Brooks
100094,Position,108691,elena.nguyen@acme-fake.test,Taylor Ashby,2026-01-11 15:10:00,casey.vance@demomail.test,Aisha Ivanov,2025-01-15 15:37:00,priya.dorsey@demomail.test,Taylor Dorsey,2025-09-01 23:30:00,,,,N,Marco Whitfield,Riley Dorsey,100056,Rahul Dorsey,100539,Alpha,100139,N,,,100780,,100070,Standard,,,Fatima Larsson
100254,Position,108694,riley.rossi@examplecorp.test,Nina Dorsey,2024-08-08 07:36:00,jamie.cohen@examplecorp.test,Mei Sloan,2026-04-07 07:15:00,chen.brooks@sampleco.test,Fatima Sloan,2023-02-26 12:05:00,,,,N,Yara Silva,Rahul Ford,,Sofia Dorsey,100796,Other,100610,Y,SKU-5236,,,,,Beta,,,Marco Haddad
100498,Position,108697,yara.mercer@acme-fake.test,Jamie Rossi,2024-11-10 07:48:00,arjun.sato@demomail.test,Priya Ivanov,2026-02-11 04:06:00,rahul.brooks@sampleco.test,Riley Whitfield,2024-01-26 14:59:00,,,,Y,Rowan Mercer,Reese Kim,100073,Alex Sato,100554,Standard,100723,Y,LOT-8433,,100692,,100126,Gamma,,,Riley Vance
100301,Position,108700,casey.calder@demomail.test,Quinn Ashby,2023-04-08 14:46:00,reese.cohen@acme-fake.test,Riley Larsson,2025-07-07 16:45:00,rowan.kim@demomail.test,Taylor Ivanov,2023-03-31 13:17:00,,,,N,Fatima Sato,Chen Ashby,100243,Emerson Ford,100604,Beta,100429,Y,,,,,100212,Beta,,,Rowan Garcia
100597,Position,108701,drew.larsson@acme-fake.test,Yara Ivanov,2024-11-20 06:28:00,morgan.sloan@acme-fake.test,Quinn Ford,2022-11-10 07:45:00,skyler.garcia@examplecorp.test,Elena Nguyen,2025-09-10 00:20:00,,,,Y,Sofia Whitfield,Emerson Rossi,100552,Reese Costa,100603,Standard,100178,Y,,,100731,N,,Alpha,,,Yara Ford
100380,Position,108702,rahul.blake@examplecorp.test,Priya Rossi,2025-09-16 09:15:00,rahul.garcia@sampleco.test,Aisha Reyes,2023-05-10 09:43:00,diego.rossi@acme-fake.test,Mei Garcia,2022-12-14 19:12:00,,,,N,Aisha Sloan,,100158,Quinn Calder,100058,,100631,Y,,,100413,Y,100291,Alpha,,,Quinn Sloan
100424,Position,108705,aisha.cohen@examplecorp.test,Nina Costa,2023-08-27 20:25:00,sofia.kim@examplecorp.test,Quinn Brooks,2024-11-10 13:33:00,mei.vance@examplecorp.test,Chen Whitfield,2023-12-31 14:05:00,,,,N,Quinn Reyes,Jamie Kim,100403,Yara Costa,100126,Delta,100628,Y,SKU-7928,,,N,100005,Standard,,,Marco Reyes
100063,Position,108707,chen.whitfield@demomail.test,Fatima Sato,2023-10-09 03:35:00,avery.rossi@demomail.test,Riley Mercer,2024-04-06 13:09:00,casey.cohen@examplecorp.test,Noah Ivanov,2025-04-29 11:21:00,,,,N,Diego Ford,Avery Ford,100352,Taylor Blake,100560,Standard,100176,Y,,,100091,Y,100686,Beta,,,Diego Vance
100026,Position,108709,fatima.mensah@acme-fake.test,Diego Ivanov,2024-09-30 15:51:00,rahul.larsson@demomail.test,Alex Ford,2024-05-10 06:44:00,nina.garcia@demomail.test,Yara Mercer,2026-02-23 13:25:00,,,,N,Diego Mensah,Nina Costa,100178,Aisha Ashby,100099,Gamma,100552,Y,,,100429,N,100429,Gamma,,,Priya Ashby
100051,Position,108710,riley.kim@acme-fake.test,Jamie Nguyen,2026-06-05 03:25:00,alex.sloan@demomail.test,Diego Whitfield,2023-06-11 06:34:00,chen.dorsey@acme-fake.test,Rowan Mercer,2024-12-19 13:06:00,,,,Y,Casey Okafor,Casey Costa,100091,Mei Rossi,100661,Standard,100750,N,,,100741,N,,Alpha,,,Reese Ivanov
100670,Position,108711,quinn.whitfield@examplecorp.test,Drew Silva,2024-12-12 15:47:00,emerson.brooks@demomail.test,Elena Whitfield,2025-01-15 07:38:00,noah.ashby@demomail.test,Taylor Cohen,2025-01-31 15:09:00,,,,N,Taylor Mercer,Aisha Costa,100420,Yara Sato,100513,Other,100638,N,REF-2372,,100443,N,100654,Beta,,,Riley Calder
100543,Position,108714,arjun.ashby@acme-fake.test,Morgan Silva,2024-03-02 17:07:00,drew.blake@demomail.test,Nina Garcia,2025-12-29 18:30:00,emerson.sloan@acme-fake.test,Omar Ivanov,2024-02-25 04:27:00,,,,N,Alex Ashby,Alex Blake,100437,Yara Mercer,100777,Other,100334,Y,SKU-4892,,100239,N,100688,Delta,,,Riley Patel
100254,Position,108716,sofia.nguyen@demomail.test,Morgan Calder,2024-12-31 23:55:00,aisha.larsson@examplecorp.test,Morgan Rossi,2025-09-27 02:43:00,yara.sloan@examplecorp.test,Jordan Ford,2025-11-10 00:16:00,,,,N,Noah Costa,Jordan Reyes,100555,Drew Calder,100359,Standard,100694,Y,REF-6877,,,,100610,Alpha,,,Yara Sloan
100530,Position,108718,avery.patel@sampleco.test,Noah Reyes,2024-11-18 00:02:00,avery.costa@sampleco.test,Priya Costa,2025-10-11 01:51:00,yara.mensah@acme-fake.test,Reese Cohen,2025-05-02 15:06:00,,,,Y,Liam Sloan,Nina Sato,,Elena Mercer,100069,Delta,100702,Y,,,,,,Gamma,,,Alex Ashby
100041,Position,108721,yara.okafor@acme-fake.test,Morgan Nguyen,2023-05-01 04:49:00,chen.calder@acme-fake.test,Skyler Vance,2023-09-21 11:34:00,priya.dorsey@examplecorp.test,Elena Kim,2024-10-19 14:37:00,,,,Y,Liam Whitfield,Quinn Haddad,100736,Jordan Dorsey,100417,Other,100479,Y,REF-3838,,,Y,,Standard,,,Jamie Silva
100509,Position,108724,avery.sato@acme-fake.test,Rowan Brooks,2025-11-20 22:08:00,elena.garcia@acme-fake.test,Liam Ford,2023-01-02 14:58:00,marco.larsson@examplecorp.test,Morgan Patel,2023-09-03 08:06:00,,,,Y,Chen Sato,Jordan Patel,100182,Liam Brooks,100062,Beta,100097,Y,LOT-2354,,100254,,100188,Other,,,Quinn Dorsey
100770,Position,108727,aisha.costa@demomail.test,Jordan Okafor,2026-01-24 04:31:00,chen.kim@sampleco.test,Skyler Sato,2024-07-19 14:03:00,nina.blake@sampleco.test,Elena Ford,2025-01-07 14:01:00,,,,N,Casey Nguyen,Alex Reyes,,Priya Larsson,100136,,100607,N,,,,,100656,Standard,,,Emerson Mensah
100418,Position,108729,liam.nguyen@acme-fake.test,Omar Cohen,2024-10-16 13:37:00,reese.cohen@acme-fake.test,Emerson Larsson,2024-12-05 18:05:00,mei.calder@sampleco.test,Yara Nguyen,2025-02-14 05:06:00,,,,Y,Chen Larsson,Jamie Patel,,Emerson Haddad,100044,Delta,100686,Y,LOT-5720,,100293,,100516,Beta,,,Sofia Brooks
100526,Position,108731,quinn.sloan@demomail.test,Reese Larsson,2026-05-02 06:42:00,jamie.ford@acme-fake.test,Priya Blake,2025-09-03 07:20:00,drew.patel@sampleco.test,Rowan Dorsey,2026-06-05 00:17:00,,,,Y,Emerson Okafor,Riley Brooks,100705,Emerson Ivanov,100058,Beta,100469,Y,,,100470,,,Other,,,Rowan Ford
100506,Position,108732,drew.costa@demomail.test,Mei Cohen,2023-08-04 05:08:00,chen.haddad@sampleco.test,Chen Garcia,2024-11-13 01:46:00,mei.rossi@demomail.test,Skyler Calder,2023-11-16 12:27:00,,,,Y,Quinn Rossi,Rowan Reyes,100040,Priya Cohen,100792,Standard,100165,Y,REF-6574,,,,100243,Standard,,,Marco Haddad
100156,Position,108734,omar.blake@demomail.test,Diego Haddad,2025-09-13 18:50:00,liam.dorsey@demomail.test,Emerson Whitfield,2026-04-15 08:39:00,drew.costa@acme-fake.test,Skyler Kim,2025-04-26 06:13:00,,,,Y,Taylor Silva,Rahul Sloan,,Taylor Costa,100780,Beta,100107,Y,,,,,,Gamma,,,Rahul Costa
100459,Position,108736,sofia.calder@acme-fake.test,Nina Costa,2025-04-18 17:38:00,mei.brooks@acme-fake.test,Emerson Sato,2024-12-18 13:48:00,jamie.whitfield@demomail.test,Reese Larsson,2026-07-15 23:35:00,,,,Y,Reese Costa,Jamie Ivanov,,Chen Costa,100784,Delta,100190,N,,,100106,,100275,Gamma,,,Diego Okafor
100123,Position,108738,fatima.blake@acme-fake.test,Morgan Silva,2023-01-20 10:17:00,elena.sloan@sampleco.test,Taylor Whitfield,2024-08-25 17:22:00,chen.dorsey@sampleco.test,Quinn Okafor,2023-03-29 07:48:00,,,,N,Rowan Calder,Jordan Ashby,100331,Priya Okafor,100509,Gamma,100165,Y,,,100086,,100792,Beta,,,Emerson Blake
100265,Position,108741,rahul.haddad@examplecorp.test,Morgan Dorsey,2025-06-17 13:10:00,drew.nguyen@demomail.test,Jordan Mercer,2024-08-12 17:05:00,noah.okafor@examplecorp.test,Yara Dorsey,2023-05-26 23:35:00,,,,N,Chen Costa,Alex Ivanov,100275,Alex Sato,100777,Alpha,100398,N,,,100034,N,,Beta,,,Jordan Kim
100173,Position,108744,arjun.costa@demomail.test,Diego Larsson,2023-05-10 03:37:00,yara.ford@acme-fake.test,Marco Mensah,2023-05-23 06:15:00,morgan.patel@acme-fake.test,Rowan Dorsey,2024-04-15 06:07:00,,,,N,Emerson Patel,Quinn Patel,100097,Fatima Costa,100269,Alpha,100452,Y,,,100173,,,Standard,,,Riley Vance
100486,Position,108746,reese.haddad@sampleco.test,Rahul Larsson,2026-05-13 04:32:00,rowan.sloan@examplecorp.test,Casey Larsson,2025-03-22 23:44:00,fatima.okafor@acme-fake.test,Priya Mercer,2023-08-09 02:22:00,,,,Y,Elena Nguyen,Avery Ford,100139,Omar Mercer,100158,,100089,N,TAG-1699,,100097,,100486,Alpha,,,Elena Haddad
100051,Position,108747,sofia.whitfield@acme-fake.test,Chen Ashby,2023-02-07 00:15:00,nina.reyes@examplecorp.test,Morgan Ford,2024-11-09 03:35:00,nina.ashby@examplecorp.test,Casey Larsson,2024-09-02 18:43:00,,,,N,Avery Blake,,100058,Sofia Garcia,100178,Gamma,100339,N,SKU-9676,,100313,N,100005,Standard,,,Omar Reyes
100543,Position,108749,omar.nguyen@acme-fake.test,Jamie Calder,2024-03-07 21:13:00,rahul.okafor@acme-fake.test,Noah Vance,2024-08-29 05:42:00,rahul.nguyen@acme-fake.test,Fatima Sloan,2024-11-25 10:16:00,,,,N,Diego Reyes,Drew Haddad,,Sofia Vance,100738,Alpha,100426,N,TAG-2653,,,N,,Other,,,Aisha Calder
100352,Position,108752,riley.nguyen@acme-fake.test,Skyler Blake,2025-10-08 01:57:00,arjun.whitfield@acme-fake.test,Arjun Cohen,2024-05-26 19:40:00,reese.larsson@acme-fake.test,Chen Cohen,2023-11-12 13:42:00,,,,Y,Skyler Vance,,100383,Reese Haddad,100558,Beta,100192,Y,REF-3057,,,N,,Gamma,,,Taylor Brooks
100774,Position,108755,rowan.ford@demomail.test,Elena Brooks,2026-05-06 20:52:00,rahul.silva@examplecorp.test,Liam Larsson,2026-02-13 16:47:00,casey.vance@sampleco.test,Taylor Vance,2025-08-27 23:40:00,,,,N,Mei Sloan,Diego Calder,100141,Morgan Haddad,100628,,100275,Y,LOT-1618,,100786,,100582,Other,,,Rowan Reyes
100348,Position,108757,mei.mercer@examplecorp.test,Yara Dorsey,2025-10-15 17:49:00,emerson.whitfield@sampleco.test,Casey Whitfield,2025-05-31 14:48:00,noah.mercer@demomail.test,Marco Dorsey,2023-08-21 18:12:00,,,,N,Liam Sloan,Emerson Garcia,100587,Skyler Kim,100254,Alpha,100380,N,,,100122,Y,100200,Beta,,,Omar Sloan
100200,Position,108758,omar.kim@sampleco.test,Marco Silva,2023-08-18 07:24:00,sofia.sloan@demomail.test,Aisha Kim,2024-06-23 20:09:00,rahul.nguyen@acme-fake.test,Nina Okafor,2023-06-05 07:36:00,,,,Y,Riley Brooks,Riley Silva,,Morgan Dorsey,100319,Delta,100530,Y,,,100368,,100360,Alpha,,,Diego Larsson
100563,Position,108759,marco.rossi@acme-fake.test,Chen Dorsey,2025-06-10 06:16:00,liam.sloan@examplecorp.test,Rowan Costa,2023-06-29 06:32:00,skyler.ivanov@demomail.test,Aisha Nguyen,2025-05-06 13:26:00,,,,N,Fatima Cohen,Mei Calder,100031,Yara Dorsey,100010,Beta,100172,N,REF-5926,,100334,,,Standard,,,Alex Costa
100281,Position,108761,riley.okafor@sampleco.test,Elena Vance,2026-07-28 00:17:00,alex.ivanov@acme-fake.test,Fatima Brooks,2026-01-27 23:04:00,riley.sloan@acme-fake.test,Rahul Costa,2022-10-29 05:27:00,,,,N,Morgan Ivanov,Drew Silva,100070,Casey Brooks,100516,,100803,Y,,,100603,Y,,Beta,,,Arjun Haddad
100241,Position,108762,rowan.nguyen@sampleco.test,Liam Rossi,2022-12-23 02:10:00,sofia.whitfield@examplecorp.test,Rahul Dorsey,2024-03-06 12:55:00,fatima.cohen@examplecorp.test,Diego Haddad,2022-12-16 03:27:00,,,,Y,Emerson Haddad,Chen Silva,100532,Aisha Calder,100376,,100389,Y,,,100334,N,,Other,,,Jamie Ford
100596,Position,108763,rahul.ford@examplecorp.test,Elena Kim,2025-05-07 08:14:00,jordan.blake@sampleco.test,Reese Larsson,2025-10-21 09:49:00,priya.whitfield@demomail.test,Riley Ford,2026-01-21 05:52:00,,,,Y,Liam Sloan,Morgan Vance,100729,Aisha Brooks,100420,Other,100117,Y,,,,Y,100113,Other,,,Drew Reyes
100767,Position,108764,mei.cohen@examplecorp.test,Quinn Ford,2025-03-12 12:42:00,reese.sato@acme-fake.test,Aisha Silva,2026-04-17 12:01:00,rahul.nguyen@examplecorp.test,Diego Cohen,2025-01-30 15:26:00,,,,N,Sofia Vance,,100003,Emerson Brooks,100120,Other,100245,N,,,100232,,,Delta,,,Yara Brooks
100272,Position,108767,morgan.vance@acme-fake.test,Elena Ivanov,2025-08-17 02:54:00,reese.larsson@acme-fake.test,Elena Sato,2024-12-06 13:10:00,jordan.ford@acme-fake.test,Rahul Sato,2026-01-10 10:52:00,,,,N,Casey Sato,Alex Whitfield,100793,Nina Sloan,100277,Beta,100176,N,TAG-6870,,,N,100343,Gamma,,,Priya Silva
100215,Position,108770,riley.vance@sampleco.test,Nina Garcia,2025-12-24 18:47:00,yara.haddad@examplecorp.test,Yara Silva,2026-01-28 11:38:00,omar.whitfield@sampleco.test,Diego Whitfield,2025-01-10 15:27:00,,,,Y,Morgan Cohen,,100770,Noah Mensah,100429,Standard,100348,Y,,,100383,,100523,Delta,,,Noah Dorsey
100376,Position,108771,noah.ivanov@examplecorp.test,Taylor Garcia,2025-03-17 18:07:00,rowan.garcia@acme-fake.test,Drew Sloan,2023-05-21 13:18:00,nina.cohen@examplecorp.test,Marco Ashby,2025-06-11 12:23:00,,,,Y,Marco Ivanov,Mei Dorsey,100705,Diego Vance,100408,Other,100771,Y,LOT-7502,,100334,Y,,Gamma,,,Jamie Dorsey
100403,Position,108773,drew.whitfield@acme-fake.test,Fatima Calder,2024-01-04 20:42:00,priya.garcia@demomail.test,Marco Rossi,2025-05-27 17:24:00,chen.blake@sampleco.test,Noah Sato,2024-08-28 20:30:00,,,,Y,Casey Whitfield,,100366,Nina Brooks,100518,Other,100475,Y,,,100395,N,,Gamma,,,Aisha Mercer
100030,Position,108775,fatima.cohen@sampleco.test,Casey Whitfield,2024-05-09 17:20:00,arjun.brooks@demomail.test,Jordan Whitfield,2023-05-30 10:24:00,sofia.nguyen@acme-fake.test,Omar Reyes,2025-04-04 09:01:00,,,,N,Yara Ivanov,Diego Larsson,,Drew Reyes,100767,Gamma,100227,Y,,,100120,N,100469,Gamma,,,Skyler Haddad
100535,Position,108777,rowan.reyes@demomail.test,Drew Blake,2024-12-08 22:18:00,avery.mercer@sampleco.test,Liam Ivanov,2023-03-15 12:06:00,fatima.mensah@examplecorp.test,Reese Sloan,2025-01-11 09:55:00,,,,N,Drew Silva,Mei Reyes,100686,Morgan Cohen,100009,Standard,100497,Y,REF-8208,,100208,,100359,Beta,,,Rowan Calder
100172,Position,108779,morgan.kim@examplecorp.test,Morgan Costa,2023-10-14 04:11:00,elena.brooks@acme-fake.test,Taylor Mercer,2023-09-09 21:43:00,alex.larsson@examplecorp.test,Yara Dorsey,2023-02-23 09:26:00,,,,N,Alex Okafor,Omar Patel,100485,Emerson Dorsey,100298,Other,100020,N,TAG-8657,,100370,,100227,Standard,,,Mei Rossi
100363,Position,108782,aisha.okafor@examplecorp.test,Nina Haddad,2023-10-14 23:17:00,skyler.nguyen@demomail.test,Chen Dorsey,2023-11-25 23:19:00,emerson.sloan@sampleco.test,Noah Blake,2025-09-12 18:29:00,,,,Y,Marco Mensah,Emerson Ford,100206,Drew Okafor,100380,Alpha,100188,N,LOT-2813,,100180,N,100765,Other,,,Mei Mercer
100516,Position,108785,avery.silva@acme-fake.test,Noah Haddad,2024-10-09 10:59:00,noah.costa@acme-fake.test,Aisha Kim,2024-05-12 05:35:00,mei.blake@examplecorp.test,Sofia Ashby,2023-03-24 09:47:00,,,,Y,Nina Reyes,Liam Brooks,,Arjun Garcia,100607,Standard,100531,Y,,,100115,N,100793,Alpha,,,Rahul Ashby
100008,Position,108787,drew.calder@examplecorp.test,Casey Mensah,2025-01-19 15:00:00,elena.vance@sampleco.test,Morgan Sloan,2026-06-27 07:04:00,alex.ivanov@acme-fake.test,Aisha Nguyen,2023-02-24 15:23:00,,,,N,Arjun Costa,Alex Haddad,100343,Aisha Larsson,100494,Beta,100548,N,,,100531,,,Delta,,,Chen Patel
100389,Position,108789,jordan.mensah@examplecorp.test,Jordan Kim,2024-06-04 23:48:00,omar.dorsey@sampleco.test,Noah Vance,2026-04-18 08:56:00,drew.ivanov@demomail.test,Mei Silva,2023-05-14 01:53:00,,,,Y,Sofia Garcia,Sofia Haddad,100624,Avery Reyes,100272,,100555,N,LOT-2402,,,Y,,Delta,,,Marco Mercer
100037,Position,108791,casey.costa@sampleco.test,Riley Mensah,2026-07-12 15:03:00,yara.costa@examplecorp.test,Emerson Blake,2024-11-27 07:33:00,reese.okafor@sampleco.test,Skyler Calder,2024-09-05 18:55:00,,,,Y,Marco Haddad,Aisha Patel,100382,Emerson Silva,100632,,100208,Y,,,,N,100532,Standard,,,Rahul Nguyen
100563,Position,108792,reese.kim@demomail.test,Arjun Okafor,2023-01-10 16:53:00,rowan.whitfield@sampleco.test,Riley Brooks,2024-05-26 12:23:00,fatima.whitfield@demomail.test,Rahul Sato,2024-12-27 18:09:00,,,,Y,Drew Costa,Jamie Sloan,,Noah Haddad,100164,Standard,100063,Y,,,100763,N,,Alpha,,,Morgan Nguyen
100603,Position,108793,jordan.dorsey@acme-fake.test,Priya Garcia,2026-05-17 01:00:00,mei.patel@demomail.test,Emerson Rossi,2025-06-11 15:11:00,noah.nguyen@demomail.test,Nina Ivanov,2023-12-13 08:02:00,,,,Y,Rowan Dorsey,Aisha Dorsey,,Mei Okafor,100030,Gamma,100424,N,,,100345,N,100281,Standard,,,Omar Larsson
100325,Position,108795,jamie.calder@examplecorp.test,Alex Brooks,2025-01-16 04:43:00,quinn.cohen@acme-fake.test,Diego Larsson,2024-09-10 03:43:00,quinn.larsson@demomail.test,Drew Silva,2023-01-21 23:27:00,,,,N,Alex Sato,Elena Okafor,100763,Taylor Garcia,100319,Beta,100295,Y,,,100016,Y,100262,Gamma,,,Jordan Reyes
100672,Position,108797,taylor.blake@sampleco.test,Sofia Sloan,2024-01-18 00:39:00,avery.mercer@examplecorp.test,Reese Kim,2024-02-27 15:37:00,sofia.kim@sampleco.test,Yara Ford,2024-03-25 04:28:00,,,,Y,Jordan Dorsey,Taylor Whitfield,100496,Jordan Reyes,100359,Gamma,100282,Y,SKU-1117,,100694,,100798,Alpha,,,Morgan Kim
100616,Position,108800,diego.silva@acme-fake.test,Diego Sato,2023-03-17 02:42:00,elena.sloan@sampleco.test,Sofia Blake,2025-10-11 16:23:00,taylor.garcia@sampleco.test,Fatima Nguyen,2024-04-10 21:08:00,,,,Y,Taylor Haddad,Priya Vance,100041,Quinn Reyes,100083,Other,100415,Y,LOT-7460,,100527,,100656,Gamma,,,Diego Costa
100236,Position,108801,riley.dorsey@examplecorp.test,Yara Brooks,2024-11-16 04:34:00,liam.mensah@sampleco.test,Elena Ashby,2025-04-29 06:30:00,riley.mercer@examplecorp.test,Fatima Brooks,2025-04-05 00:32:00,,,,Y,Noah Sloan,Arjun Dorsey,100517,Fatima Larsson,100799,Standard,100646,Y,,,100750,,100615,Beta,,,Arjun Blake
100598,Position,108803,marco.garcia@demomail.test,Emerson Ivanov,2025-12-04 21:33:00,taylor.kim@demomail.test,Drew Okafor,2023-10-16 13:02:00,aisha.ford@acme-fake.test,Drew Garcia,2026-03-22 22:29:00,,,,N,Taylor Ashby,Rahul Kim,100302,Fatima Haddad,100467,Beta,100017,N,SKU-3823,,100770,N,100353,Gamma,,,Fatima Nguyen
100799,Position,108805,riley.ivanov@sampleco.test,Marco Ivanov,2025-05-20 20:38:00,priya.ivanov@sampleco.test,Reese Sloan,2025-03-26 10:15:00,drew.kim@sampleco.test,Nina Whitfield,2024-08-31 12:48:00,,,,Y,Skyler Garcia,Jamie Ford,,Emerson Blake,100386,Alpha,100333,Y,,,100080,Y,,Other,,,Arjun Brooks
100642,Position,108806,quinn.ashby@acme-fake.test,Omar Patel,2024-08-22 06:12:00,sofia.mercer@acme-fake.test,Skyler Rossi,2024-04-04 13:12:00,elena.vance@examplecorp.test,Mei Vance,2024-12-16 07:04:00,,,,N,Marco Sato,Elena Vance,100041,Jamie Larsson,100177,,100046,N,,,,,100331,Alpha,,,Sofia Nguyen
100765,Position,108808,emerson.sato@examplecorp.test,Priya Larsson,2023-11-13 19:27:00,elena.larsson@sampleco.test,Riley Whitfield,2024-02-20 21:25:00,skyler.larsson@demomail.test,Arjun Blake,2026-01-06 11:51:00,,,,Y,Diego Whitfield,Yara Haddad,,Noah Mensah,100686,Alpha,100185,Y,,,100712,Y,100793,Beta,,,Liam Kim
100741,Position,108811,reese.haddad@sampleco.test,Fatima Okafor,2025-02-13 19:34:00,jordan.mensah@demomail.test,Casey Brooks,2025-09-05 04:53:00,fatima.calder@acme-fake.test,Reese Dorsey,2022-10-12 18:16:00,,,,Y,Skyler Mensah,Omar Blake,,Riley Ivanov,100298,,100370,N,,,,N,,Other,,,Priya Costa
100107,Position,108812,skyler.ford@examplecorp.test,Marco Sato,2024-10-31 16:24:00,liam.rossi@sampleco.test,Jordan Calder,2025-12-13 01:56:00,skyler.haddad@examplecorp.test,Priya Blake,2026-07-12 08:56:00,,,,Y,Drew Whitfield,Morgan Haddad,100323,Aisha Mensah,100049,Beta,100132,N,TAG-6339,,,Y,,Delta,,,Sofia Reyes
100301,Position,108813,jordan.nguyen@examplecorp.test,Noah Whitfield,2023-06-29 03:26:00,quinn.nguyen@demomail.test,Riley Ivanov,2025-10-20 04:31:00,priya.ashby@examplecorp.test,Elena Patel,2023-04-09 20:45:00,,,,Y,Jordan Ivanov,Sofia Nguyen,100345,Yara Patel,100673,Alpha,100376,Y,,,100091,N,100793,Other,,,Riley Brooks
100736,Position,108816,taylor.mercer@examplecorp.test,Jamie Sloan,2024-05-15 17:35:00,jamie.ford@sampleco.test,Avery Haddad,2026-02-05 05:40:00,jordan.nguyen@demomail.test,Fatima Okafor,2022-10-28 06:44:00,,,,N,Alex Sloan,Sofia Sato,100180,Casey Nguyen,100209,Delta,100371,Y,SKU-9568,,100106,N,100454,Alpha,,,Marco Cohen
100532,Position,108817,liam.mensah@acme-fake.test,Noah Rossi,2025-11-10 01:15:00,rowan.kim@demomail.test,Noah Blake,2024-11-18 06:20:00,elena.reyes@demomail.test,Taylor Sato,2024-03-14 18:34:00,,,,N,Jordan Okafor,Jamie Haddad,100178,Liam Ivanov,100037,Beta,100097,N,TAG-2069,,,N,100117,Beta,,,Chen Garcia
100269,Position,108820,alex.rossi@acme-fake.test,Yara Kim,2026-03-18 06:52:00,aisha.ford@acme-fake.test,Taylor Mercer,2026-05-20 08:17:00,quinn.vance@acme-fake.test,Rahul Whitfield,2025-10-05 07:07:00,,,,Y,Fatima Brooks,Priya Ashby,,Fatima Haddad,100073,Beta,100243,N,,,100075,Y,,Standard,,,Skyler Ashby
100516,Position,108821,fatima.haddad@acme-fake.test,Drew Nguyen,2023-01-04 12:35:00,morgan.reyes@sampleco.test,Taylor Larsson,2026-04-20 17:09:00,priya.nguyen@demomail.test,Rahul Haddad,2023-04-01 17:06:00,,,,Y,Chen Ashby,,,Drew Mercer,100652,,100267,N,,,100447,N,100413,Standard,,,Alex Ashby
100681,Position,108822,omar.costa@acme-fake.test,Omar Dorsey,2025-09-19 02:23:00,jamie.mensah@sampleco.test,Nina Mensah,2026-07-18 04:54:00,marco.silva@acme-fake.test,Omar Okafor,2025-05-29 18:40:00,,,,Y,Elena Cohen,Rahul Mensah,100615,Morgan Dorsey,100455,Standard,100616,N,,,,,,Beta,,,Aisha Rossi
100393,Position,108825,quinn.patel@demomail.test,Alex Reyes,2024-09-17 17:36:00,diego.cohen@sampleco.test,Skyler Mercer,2024-04-23 07:45:00,nina.rossi@demomail.test,Liam Patel,2025-10-07 10:45:00,,,,N,Morgan Whitfield,Noah Rossi,100308,Aisha Whitfield,100654,Delta,100060,Y,,,100172,Y,,Beta,,,Priya Mensah
100722,Position,108826,noah.ivanov@sampleco.test,Fatima Sloan,2023-09-15 13:32:00,omar.garcia@demomail.test,Rowan Brooks,2024-09-26 00:21:00,liam.ashby@demomail.test,Taylor Larsson,2025-05-14 14:58:00,,,,N,Rahul Ford,Drew Mercer,100487,Reese Okafor,100030,Gamma,100368,Y,,,,,100722,Beta,,,Riley Ford
100449,Position,108829,quinn.sato@demomail.test,Emerson Whitfield,2024-09-21 09:27:00,rowan.blake@demomail.test,Priya Ford,2023-07-28 19:21:00,riley.brooks@sampleco.test,Marco Ivanov,2022-12-11 08:57:00,,,,Y,Elena Okafor,,100223,Drew Nguyen,100206,Alpha,100664,N,,,,N,100487,Alpha,,,Avery Rossi
100649,Position,108830,jamie.rossi@sampleco.test,Liam Sloan,2025-09-19 06:01:00,marco.sloan@demomail.test,Quinn Kim,2026-01-24 10:51:00,quinn.ashby@demomail.test,Avery Calder,2024-09-08 02:10:00,,,,Y,Skyler Okafor,Jordan Silva,100642,Diego Blake,100498,Alpha,100543,Y,,,100141,,,Other,,,Jordan Mensah
100670,Position,108833,morgan.ford@acme-fake.test,Jordan Haddad,2024-09-23 15:23:00,omar.garcia@acme-fake.test,Jamie Calder,2025-08-16 16:25:00,rowan.calder@examplecorp.test,Elena Brooks,2024-02-27 07:14:00,,,,N,Taylor Mensah,Rowan Vance,100042,Priya Ford,100165,,100642,N,SKU-9628,,100053,N,,Gamma,,,Drew Rossi
100607,Position,108836,mei.sloan@demomail.test,Omar Ford,2022-10-07 07:30:00,jamie.ford@examplecorp.test,Yara Costa,2024-01-06 15:09:00,jamie.sato@sampleco.test,Aisha Mensah,2023-02-18 14:37:00,,,,Y,Diego Rossi,Drew Okafor,100681,Chen Nguyen,100151,Gamma,100517,Y,REF-6685,,,,100351,Other,,,Rahul Ford
100704,Position,108839,mei.costa@examplecorp.test,Aisha Cohen,2026-07-15 22:22:00,chen.whitfield@demomail.test,Noah Nguyen,2023-12-14 17:31:00,elena.okafor@sampleco.test,Noah Mercer,2024-06-21 16:15:00,,,,Y,Riley Larsson,Jamie Ashby,100259,Jordan Larsson,100158,,100715,N,SKU-9222,,,,,Delta,,,Skyler Garcia
100558,Position,108841,drew.larsson@examplecorp.test,Skyler Ivanov,2024-02-20 07:59:00,riley.mensah@examplecorp.test,Arjun Haddad,2026-05-14 22:42:00,taylor.blake@acme-fake.test,Quinn Kim,2024-09-03 20:44:00,,,,N,Casey Costa,Fatima Reyes,100366,Taylor Mercer,100332,Gamma,100774,N,SKU-8218,,100573,,,Beta,,,Riley Sloan
100449,Position,108842,casey.sato@sampleco.test,Rahul Vance,2023-11-30 20:18:00,yara.dorsey@sampleco.test,Mei Whitfield,2024-09-02 09:50:00,arjun.blake@sampleco.test,Aisha Okafor,2023-10-21 04:47:00,,,,N,Chen Sato,Arjun Sloan,100574,Alex Mercer,100309,Delta,100634,Y,,,100042,Y,100468,Standard,,,Reese Cohen
100603,Position,108844,riley.rossi@acme-fake.test,Priya Rossi,2023-07-07 12:44:00,taylor.mercer@sampleco.test,Casey Okafor,2025-10-07 08:37:00,jordan.vance@acme-fake.test,Emerson Cohen,2026-02-20 11:32:00,,,,N,Riley Haddad,Mei Sloan,100336,Arjun Costa,100755,Alpha,100587,N,,,,Y,100086,Other,,,Casey Patel
100281,Position,108846,taylor.cohen@sampleco.test,Drew Mercer,2023-03-18 19:02:00,casey.mercer@examplecorp.test,Emerson Brooks,2025-10-30 19:16:00,yara.mensah@acme-fake.test,Rowan Mensah,2025-09-05 12:26:00,,,,Y,Liam Mercer,Nina Garcia,100220,Arjun Dorsey,100774,Alpha,100722,Y,,,100386,N,100389,Delta,,,Avery Kim
100734,Position,108849,morgan.kim@demomail.test,Liam Calder,2025-01-03 09:12:00,morgan.haddad@examplecorp.test,Priya Mercer,2023-08-19 21:35:00,quinn.costa@acme-fake.test,Reese Kim,2024-12-19 19:58:00,,,,N,Chen Patel,Aisha Mensah,100492,Jordan Okafor,100158,Other,100040,Y,,,100197,,100012,Alpha,,,Reese Okafor
100090,Position,108851,quinn.larsson@demomail.test,Skyler Calder,2023-05-07 11:46:00,liam.ford@demomail.test,Nina Brooks,2025-03-16 09:14:00,jordan.sloan@sampleco.test,Taylor Kim,2025-04-12 16:28:00,,,,N,Omar Garcia,Omar Ivanov,100767,Sofia Blake,100164,Other,100490,Y,,,,,100368,Alpha,,,Morgan Costa
100571,Position,108854,riley.garcia@acme-fake.test,Jordan Whitfield,2023-09-12 23:34:00,yara.okafor@demomail.test,Jordan Silva,2025-01-18 06:40:00,avery.haddad@acme-fake.test,Liam Calder,2025-01-21 04:23:00,,,,N,Rahul Whitfield,Yara Ashby,100470,Priya Larsson,100328,,100741,Y,,,,N,100642,Beta,,,Taylor Nguyen
100490,Position,108857,rowan.brooks@acme-fake.test,Morgan Blake,2024-02-07 05:40:00,taylor.calder@sampleco.test,Yara Garcia,2026-04-30 05:09:00,casey.sloan@sampleco.test,Priya Okafor,2025-04-06 18:27:00,,,,Y,Mei Dorsey,Sofia Dorsey,100475,Arjun Whitfield,100090,Beta,100652,N,,,100511,,100694,Beta,,,Diego Brooks
100389,Position,108859,quinn.sato@sampleco.test,Quinn Sato,2025-02-13 09:03:00,noah.ivanov@examplecorp.test,Yara Blake,2025-07-14 21:38:00,omar.costa@demomail.test,Nina Haddad,2024-09-05 16:50:00,,,,Y,Liam Haddad,Noah Rossi,100455,Casey Silva,100351,Beta,100522,Y,,,100215,,100424,Delta,,,Priya Brooks
100313,Position,108861,casey.sato@sampleco.test,Jamie Ashby,2022-10-04 00:19:00,fatima.sloan@sampleco.test,Priya Calder,2025-04-08 18:51:00,jamie.patel@examplecorp.test,Drew Haddad,2025-01-31 14:20:00,,,,N,Quinn Kim,Mei Ashby,100601,Skyler Ashby,100389,Alpha,100063,N,,,100389,,100363,Standard,,,Riley Rossi
100240,Position,108864,priya.haddad@demomail.test,Mei Reyes,2023-11-20 03:03:00,chen.calder@acme-fake.test,Jordan Vance,2023-08-04 22:49:00,chen.larsson@examplecorp.test,Noah Vance,2024-07-18 05:03:00,,,,N,Drew Sato,Nina Larsson,100531,Drew Haddad,100120,Alpha,100186,N,,,,N,100185,Other,,,Morgan Vance
100511,Position,108865,liam.cohen@examplecorp.test,Marco Sloan,2024-04-20 10:35:00,avery.haddad@examplecorp.test,Nina Kim,2024-09-03 21:47:00,drew.calder@demomail.test,Emerson Reyes,2024-02-28 16:16:00,,,,N,Drew Cohen,,100352,Jordan Mensah,100449,Beta,100245,Y,,,100753,Y,100722,Standard,,,Elena Mensah
100180,Position,108867,nina.sato@examplecorp.test,Nina Costa,2022-10-10 09:31:00,jordan.blake@demomail.test,Jamie Cohen,2026-04-05 12:55:00,nina.blake@sampleco.test,Fatima Rossi,2026-02-07 06:12:00,,,,N,Quinn Ivanov,Drew Okafor,100314,Casey Brooks,100010,Beta,100408,Y,REF-9609,,,Y,100760,Other,,,Rowan Reyes
100624,Position,108869,jamie.whitfield@acme-fake.test,Sofia Brooks,2026-07-27 05:27:00,avery.reyes@examplecorp.test,Aisha Haddad,2022-10-04 10:30:00,priya.ford@acme-fake.test,Yara Haddad,2025-03-18 11:31:00,,,,Y,Avery Ivanov,Noah Patel,100546,Casey Larsson,100683,Alpha,100473,N,,,100474,N,,Other,,,Alex Mensah
100432,Position,108872,chen.cohen@sampleco.test,Morgan Silva,2023-01-17 09:32:00,jordan.okafor@acme-fake.test,Nina Ashby,2022-10-30 08:30:00,skyler.okafor@sampleco.test,Marco Nguyen,2025-03-05 07:37:00,,,,Y,Aisha Blake,Nina Haddad,100094,Rahul Nguyen,100470,Delta,100546,Y,,,100034,,100656,Gamma,,,Sofia Silva
100120,Position,108875,emerson.mensah@demomail.test,Quinn Patel,2025-04-11 07:25:00,aisha.sloan@examplecorp.test,Avery Mensah,2024-10-16 00:36:00,drew.blake@sampleco.test,Priya Blake,2026-01-22 12:01:00,,,,Y,Mei Larsson,Quinn Garcia,100041,Elena Ashby,100484,Delta,100661,N,,,,,,Delta,,,Drew Nguyen
100591,Position,108878,omar.rossi@examplecorp.test,Sofia Nguyen,2022-10-07 00:06:00,aisha.rossi@acme-fake.test,Marco Sato,2025-05-28 20:47:00,emerson.rossi@acme-fake.test,Arjun Brooks,2026-03-15 11:11:00,,,,Y,Jamie Mercer,Reese Whitfield,100316,Nina Whitfield,100645,Beta,100301,Y,,,100563,,,Alpha,,,Omar Ford
100305,Position,108879,rahul.cohen@acme-fake.test,Omar Patel,2025-02-17 22:34:00,yara.mensah@examplecorp.test,Jamie Haddad,2025-11-09 10:52:00,taylor.costa@demomail.test,Noah Patel,2023-06-04 16:17:00,,,,Y,Rowan Kim,Rahul Ford,100546,Quinn Ivanov,100767,Standard,100058,Y,TAG-3856,,,,100746,Alpha,,,Alex Ivanov
100281,Position,108882,morgan.mercer@examplecorp.test,Skyler Calder,2023-01-15 07:44:00,liam.ford@demomail.test,Taylor Vance,2026-04-13 08:34:00,liam.patel@acme-fake.test,Morgan Brooks,2023-01-16 16:35:00,,,,Y,Riley Ford,Omar Larsson,100046,Sofia Sloan,100094,Gamma,100345,N,LOT-9276,,,,,Standard,,,Skyler Kim
100523,Position,108884,fatima.sato@demomail.test,Arjun Costa,2025-05-11 03:26:00,skyler.reyes@demomail.test,Drew Vance,2023-11-16 21:12:00,nina.sloan@examplecorp.test,Marco Sato,2023-05-23 01:27:00,,,,Y,Chen Reyes,Aisha Garcia,100009,Arjun Sloan,100314,Delta,100672,N,,,100359,Y,100686,Standard,,,Riley Kim
100456,Position,108885,yara.cohen@examplecorp.test,Jordan Blake,2023-02-08 03:08:00,elena.sato@sampleco.test,Rowan Costa,2025-09-16 14:09:00,noah.larsson@demomail.test,Aisha Patel,2025-07-24 08:46:00,,,,Y,Sofia Dorsey,Diego Mercer,100500,Skyler Patel,100403,Delta,100382,Y,SKU-4158,,,N,,Beta,,,Sofia Nguyen
100576,Position,108888,avery.garcia@examplecorp.test,Skyler Ford,2022-11-27 03:30:00,nina.larsson@examplecorp.test,Rowan Nguyen,2025-06-06 07:49:00,taylor.ivanov@examplecorp.test,Marco Haddad,2025-08-28 22:03:00,,,,Y,Skyler Vance,,100574,Rowan Sato,100571,,100348,N,REF-3296,,,Y,,Beta,,,Avery Calder
100310,Position,108890,elena.sato@acme-fake.test,Skyler Rossi,2025-05-05 07:27:00,reese.patel@examplecorp.test,Casey Cohen,2026-02-06 14:38:00,emerson.haddad@examplecorp.test,Nina Costa,2024-05-30 00:23:00,,,,Y,Jordan Sloan,Skyler Mensah,100079,Emerson Ashby,100134,Other,100516,N,,,100034,,,Gamma,,,Chen Sloan
100615,Position,108893,reese.costa@demomail.test,Yara Okafor,2025-10-12 15:11:00,alex.okafor@sampleco.test,Morgan Vance,2023-01-29 05:33:00,aisha.nguyen@acme-fake.test,Skyler Okafor,2022-10-12 14:45:00,,,,Y,Rahul Kim,Arjun Ashby,100492,Avery Haddad,100506,Beta,100340,N,REF-1500,,100003,Y,100576,Gamma,,,Priya Costa
100377,Position,108894,mei.vance@demomail.test,Taylor Haddad,2025-07-09 06:04:00,drew.rossi@examplecorp.test,Jordan Mercer,2024-03-29 23:51:00,skyler.blake@sampleco.test,Rowan Costa,2026-01-12 16:21:00,,,,N,Elena Okafor,Riley Cohen,,Elena Silva,100363,Other,100025,Y,,,,,100457,Gamma,,,Nina Silva
100044,Position,108895,aisha.cohen@acme-fake.test,Jordan Ivanov,2025-12-22 07:57:00,rahul.haddad@demomail.test,Yara Patel,2024-06-13 22:43:00,fatima.whitfield@acme-fake.test,Quinn Garcia,2025-12-28 20:21:00,,,,N,Yara Patel,,100526,Elena Blake,100242,Delta,100625,Y,,,100642,N,100123,Gamma,,,Aisha Ford
100424,Position,108896,chen.sloan@examplecorp.test,Jordan Ashby,2025-08-30 23:35:00,quinn.ashby@examplecorp.test,Noah Whitfield,2025-04-15 09:55:00,liam.whitfield@acme-fake.test,Liam Larsson,2026-01-04 05:25:00,,,,Y,Nina Ashby,Arjun Mercer,100009,Fatima Calder,100652,,100454,N,TAG-1034,,,,,Gamma,,,Arjun Cohen
100003,Position,108899,chen.vance@acme-fake.test,Riley Calder,2026-03-01 05:02:00,reese.garcia@acme-fake.test,Drew Garcia,2023-01-22 23:38:00,morgan.kim@demomail.test,Jordan Kim,2023-01-17 00:53:00,,,,N,Sofia Kim,Morgan Ford,100613,Jordan Dorsey,100702,Gamma,100542,Y,SKU-9273,,100217,N,100638,Gamma,,,Drew Patel
100008,Position,108902,mei.sato@demomail.test,Priya Sato,2026-06-05 09:37:00,quinn.dorsey@sampleco.test,Reese Whitfield,2022-12-12 19:48:00,drew.cohen@demomail.test,Rahul Brooks,2025-06-24 22:40:00,,,,N,Rowan Nguyen,Marco Nguyen,,Yara Ashby,100786,Beta,100328,N,,,,N,,Alpha,,,Drew Sato
100720,Position,108904,taylor.mercer@demomail.test,Rowan Mensah,2025-09-04 18:27:00,aisha.okafor@examplecorp.test,Omar Mensah,2025-03-18 07:32:00,avery.rossi@sampleco.test,Avery Cohen,2025-11-08 04:24:00,,,,N,Drew Reyes,,100484,Morgan Garcia,100792,Gamma,100543,Y,,,100391,N,100104,Delta,,,Alex Ivanov
100576,Position,108905,rahul.ivanov@demomail.test,Fatima Garcia,2025-12-07 20:25:00,liam.mercer@demomail.test,Avery Vance,2026-05-25 01:05:00,morgan.mercer@acme-fake.test,Reese Larsson,2024-11-04 00:58:00,,,,Y,Jamie Cohen,,100661,Chen Ivanov,100477,Beta,100139,N,,,100429,,,Beta,,,Yara Rossi
100709,Position,108908,fatima.whitfield@demomail.test,Alex Nguyen,2026-01-21 11:40:00,arjun.rossi@demomail.test,Rahul Rossi,2025-09-18 01:43:00,rowan.ivanov@demomail.test,Reese Ivanov,2024-09-26 03:54:00,,,,Y,Chen Cohen,Rowan Ford,100445,Alex Larsson,100023,Standard,100723,N,,,,,100302,Delta,,,Nina Whitfield
100517,Position,108911,reese.blake@demomail.test,Riley Ford,2026-06-23 16:43:00,aisha.haddad@acme-fake.test,Reese Ashby,2024-07-04 15:16:00,noah.silva@sampleco.test,Alex Larsson,2023-10-04 07:14:00,,,,Y,Casey Sato,Chen Dorsey,,Mei Mercer,100302,,100455,Y,REF-6449,,100376,N,,Beta,,,Emerson Vance
100005,Position,108912,nina.haddad@sampleco.test,Aisha Ashby,2025-08-05 10:17:00,noah.nguyen@demomail.test,Omar Silva,2025-12-01 14:02:00,casey.nguyen@acme-fake.test,Marco Sato,2026-03-13 12:45:00,,,,N,Fatima Ashby,Chen Reyes,100410,Skyler Kim,100798,Beta,100325,Y,,,100658,N,,Other,,,Rowan Ford
100192,Position,108914,drew.mensah@examplecorp.test,Chen Silva,2025-11-24 03:02:00,sofia.ashby@sampleco.test,Mei Ivanov,2024-04-15 11:49:00,chen.mercer@demomail.test,Taylor Costa,2025-04-06 00:58:00,,,,N,Skyler Sloan,Mei Okafor,100631,Avery Haddad,100236,Gamma,100587,N,REF-3562,,100646,N,100506,Delta,,,Reese Larsson
100601,Position,108917,drew.larsson@examplecorp.test,Elena Dorsey,2023-09-16 08:16:00,jordan.okafor@examplecorp.test,Skyler Larsson,2026-07-17 15:26:00,sofia.larsson@demomail.test,Noah Sloan,2022-10-31 04:26:00,,,,N,Emerson Larsson,Liam Ivanov,100267,Omar Blake,100468,Delta,100539,Y,LOT-1697,,,Y,100037,Delta,,,Jordan Ivanov
100803,Position,108920,sofia.calder@sampleco.test,Sofia Rossi,2025-01-11 21:07:00,rowan.mensah@sampleco.test,Skyler Haddad,2024-04-05 21:41:00,fatima.ashby@examplecorp.test,Avery Rossi,2025-05-04 05:19:00,,,,N,Elena Ashby,Marco Ivanov,100479,Liam Patel,100506,Alpha,100468,Y,TAG-5677,,100746,Y,100568,Delta,,,Rahul Ford
100750,Position,108922,jamie.dorsey@demomail.test,Omar Ashby,2024-08-20 01:41:00,arjun.calder@acme-fake.test,Priya Haddad,2023-05-10 07:17:00,drew.ashby@examplecorp.test,Taylor Ford,2023-06-17 23:22:00,,,,Y,Arjun Sloan,Jamie Kim,100262,Riley Okafor,100469,Standard,100789,N,,,100344,,100352,Delta,,,Emerson Ford
100434,Position,108924,morgan.larsson@acme-fake.test,Elena Larsson,2025-10-04 10:13:00,chen.rossi@demomail.test,Sofia Sloan,2025-01-22 18:39:00,rowan.calder@demomail.test,Priya Kim,2024-01-01 20:55:00,,,,Y,Priya Vance,Nina Whitfield,100034,Reese Ashby,100008,Beta,100351,Y,,,100462,Y,,Delta,,,Drew Reyes
100262,Position,108925,alex.larsson@sampleco.test,Riley Nguyen,2026-06-26 05:54:00,sofia.brooks@examplecorp.test,Drew Blake,2026-01-19 06:40:00,drew.sato@sampleco.test,Jordan Sato,2026-06-01 18:44:00,,,,Y,Morgan Mercer,Sofia Nguyen,100178,Quinn Silva,100129,Standard,100176,N,LOT-6180,,,,,Delta,,,Rowan Haddad
100107,Position,108926,emerson.ivanov@demomail.test,Sofia Brooks,2023-01-05 21:32:00,yara.mercer@demomail.test,Aisha Ford,2022-10-26 20:49:00,quinn.patel@sampleco.test,Drew Haddad,2024-02-16 17:28:00,,,,N,Chen Vance,Yara Whitfield,100445,Yara Whitfield,100760,Gamma,100646,N,REF-8737,,100726,,100646,Gamma,,,Taylor Garcia
100593,Position,108927,fatima.silva@acme-fake.test,Noah Whitfield,2025-11-20 08:14:00,mei.calder@examplecorp.test,Avery Blake,2024-02-21 17:49:00,morgan.calder@acme-fake.test,Drew Okafor,2025-11-25 16:56:00,,,,Y,Diego Calder,Diego Larsson,100624,Elena Sato,100443,Gamma,100760,Y,,,,Y,100603,Delta,,,Rowan Okafor
100792,Position,108930,drew.dorsey@demomail.test,Rahul Mercer,2023-06-26 15:16:00,casey.sato@demomail.test,Priya Ivanov,2023-05-22 14:35:00,arjun.vance@demomail.test,Nina Cohen,2024-11-27 22:21:00,,,,N,Emerson Ashby,Omar Mercer,100405,Rahul Silva,100494,,100585,N,,,,,,Delta,,,Nina Ivanov
100069,Position,108933,yara.silva@sampleco.test,Omar Reyes,2026-07-05 17:12:00,elena.larsson@demomail.test,Sofia Blake,2024-02-10 14:27:00,aisha.garcia@sampleco.test,Omar Mercer,2025-12-13 10:11:00,,,,Y,Jordan Silva,Sofia Whitfield,100227,Elena Ivanov,100511,Other,100492,N,,,,,,Other,,,Casey Brooks
100569,Position,108934,diego.sato@examplecorp.test,Marco Okafor,2026-06-01 05:19:00,fatima.nguyen@demomail.test,Quinn Patel,2025-01-08 10:52:00,yara.ford@sampleco.test,Priya Costa,2023-01-16 17:55:00,,,,Y,Priya Cohen,Fatima Brooks,,Casey Okafor,100257,Delta,100389,Y,REF-4859,,,,100624,Alpha,,,Emerson Okafor
100568,Position,108937,omar.garcia@acme-fake.test,Priya Sloan,2024-03-22 01:22:00,sofia.ivanov@examplecorp.test,Yara Patel,2025-05-13 09:04:00,chen.kim@examplecorp.test,Sofia Nguyen,2025-06-27 21:42:00,,,,N,Noah Sloan,Arjun Haddad,,Diego Nguyen,100062,Other,100041,N,LOT-7586,,100685,N,100694,Delta,,,Avery Mensah
100076,Position,108940,noah.nguyen@sampleco.test,Jamie Sloan,2024-05-19 13:52:00,taylor.calder@examplecorp.test,Chen Costa,2023-12-17 01:37:00,drew.whitfield@examplecorp.test,Arjun Dorsey,2024-03-01 11:05:00,,,,Y,Elena Garcia,Avery Mensah,100417,Jordan Silva,100031,Other,100040,Y,,,100029,,100424,Delta,,,Nina Sloan
100418,Position,108942,nina.nguyen@examplecorp.test,Drew Mensah,2023-07-30 04:05:00,aisha.cohen@acme-fake.test,Elena Ford,2026-06-15 11:15:00,rowan.garcia@demomail.test,Sofia Mensah,2024-07-05 16:08:00,,,,Y,Jordan Ford,Jamie Rossi,,Liam Ford,100360,,100251,Y,,,,,,Alpha,,,Emerson Blake
100749,Position,108945,emerson.haddad@sampleco.test,Taylor Cohen,2023-05-16 01:34:00,aisha.sato@acme-fake.test,Skyler Mercer,2023-11-14 19:55:00,noah.brooks@examplecorp.test,Chen Brooks,2025-03-13 05:36:00,,,,Y,Arjun Calder,Rowan Kim,100290,Fatima Blake,100613,Alpha,100593,Y,,,100627,Y,100765,Beta,,,Diego Reyes
100359,Position,108948,elena.vance@acme-fake.test,Jamie Vance,2026-02-03 22:13:00,alex.sato@acme-fake.test,Fatima Nguyen,2023-01-26 07:36:00,avery.nguyen@demomail.test,Fatima Mercer,2023-01-12 23:58:00,,,,N,Diego Rossi,Alex Whitfield,100240,Emerson Haddad,100238,Delta,100023,N,,,,N,100229,Gamma,,,Reese Costa
100574,Position,108950,reese.reyes@demomail.test,Taylor Mensah,2024-10-07 04:20:00,quinn.okafor@demomail.test,Mei Patel,2023-09-30 16:21:00,marco.haddad@acme-fake.test,Riley Nguyen,2022-12-17 14:22:00,,,,N,Avery Blake,Drew Calder,100500,Diego Rossi,100443,Other,100386,Y,LOT-9604,,100371,,100596,Delta,,,Noah Costa
100386,Position,108953,chen.calder@demomail.test,Drew Garcia,2026-03-24 01:46:00,alex.calder@examplecorp.test,Rowan Mercer,2025-01-29 06:33:00,morgan.whitfield@acme-fake.test,Drew Silva,2023-10-28 00:55:00,,,,Y,Taylor Haddad,Nina Garcia,100792,Rahul Vance,100641,Beta,100516,N,,,100457,N,100388,Gamma,,,Drew Kim
100257,Position,108956,jordan.reyes@sampleco.test,Noah Haddad,2025-08-10 16:45:00,liam.ashby@demomail.test,Arjun Haddad,2023-06-09 01:03:00,morgan.nguyen@sampleco.test,Riley Haddad,2023-08-20 15:23:00,,,,Y,Alex Vance,Casey Kim,100323,Yara Nguyen,100195,,100625,Y,,,,Y,,Gamma,,,Marco Larsson
100070,Position,108957,rahul.kim@sampleco.test,Liam Dorsey,2022-11-23 06:38:00,yara.blake@sampleco.test,Marco Brooks,2026-01-14 19:10:00,aisha.mensah@demomail.test,Priya Ashby,2024-10-19 22:08:00,,,,Y,Jordan Garcia,Nina Costa,100456,Skyler Okafor,100445,Alpha,100469,Y,,,,,100178,Alpha,,,Liam Mensah
100459,Position,108960,avery.garcia@examplecorp.test,Mei Calder,2025-05-22 18:21:00,morgan.calder@examplecorp.test,Riley Mercer,2024-05-24 04:18:00,morgan.whitfield@sampleco.test,Jamie Calder,2025-04-09 04:58:00,,,,Y,Avery Sato,Jamie Rossi,,Reese Garcia,100686,Beta,100475,Y,TAG-9643,,100543,N,100531,Standard,,,Alex Mercer
100015,Position,108963,fatima.ashby@demomail.test,Morgan Mensah,2025-03-12 03:15:00,nina.mensah@sampleco.test,Liam Ivanov,2023-02-08 18:30:00,elena.cohen@examplecorp.test,Taylor Nguyen,2026-04-28 22:26:00,,,,N,Nina Calder,Drew Mensah,100470,Omar Brooks,100195,Other,100490,Y,,,,,,Delta,,,Elena Ford
100793,Position,108965,sofia.ivanov@demomail.test,Taylor Rossi,2025-08-07 11:05:00,diego.calder@sampleco.test,Jamie Silva,2025-09-26 12:23:00,noah.vance@demomail.test,Arjun Whitfield,2023-12-12 04:37:00,,,,Y,Priya Sloan,Casey Kim,100248,Noah Sloan,100344,Gamma,100793,N,,,100673,,,Other,,,Taylor Nguyen
100123,Position,108967,arjun.rossi@sampleco.test,Fatima Cohen,2024-07-27 21:28:00,priya.okafor@acme-fake.test,Mei Patel,2026-06-27 22:28:00,marco.haddad@acme-fake.test,Liam Ford,2023-07-16 13:56:00,,,,N,Jamie Sloan,Rowan Larsson,100704,Nina Brooks,100288,Gamma,100593,Y,,,100617,Y,100417,Standard,,,Diego Sato
100738,Position,108968,taylor.ford@sampleco.test,Jamie Silva,2024-11-19 08:51:00,yara.ivanov@acme-fake.test,Nina Haddad,2024-09-07 16:50:00,rowan.nguyen@acme-fake.test,Fatima Ivanov,2025-08-07 12:29:00,,,,Y,Arjun Dorsey,Quinn Sloan,100117,Yara Nguyen,100156,Gamma,100722,Y,,,100722,,100229,Alpha,,,Rahul Mensah
100295,Position,108969,nina.calder@sampleco.test,Emerson Sloan,2024-08-11 03:15:00,elena.haddad@acme-fake.test,Avery Silva,2023-04-24 13:45:00,fatima.ivanov@examplecorp.test,Jamie Mensah,2023-01-22 21:03:00,,,,N,Priya Sloan,Drew Haddad,100223,Sofia Ford,100213,Delta,100319,N,,,100457,Y,100344,Beta,,,Taylor Brooks
100351,Position,108970,elena.patel@acme-fake.test,Fatima Dorsey,2025-03-20 20:50:00,jamie.silva@examplecorp.test,Drew Sato,2023-09-03 22:56:00,jordan.costa@sampleco.test,Rahul Cohen,2024-05-23 18:52:00,,,,Y,Elena Mercer,Aisha Costa,100066,Arjun Brooks,100156,Delta,100717,Y,,,100715,Y,,Delta,,,Chen Ivanov
100259,Position,108972,sofia.garcia@examplecorp.test,Yara Rossi,2024-10-30 11:20:00,jamie.haddad@acme-fake.test,Arjun Okafor,2024-05-19 14:31:00,drew.okafor@acme-fake.test,Priya Blake,2024-07-20 21:54:00,,,,Y,Jordan Rossi,,100788,Sofia Sato,100649,Gamma,100235,Y,,,100037,Y,100016,Other,,,Yara Whitfield
100291,Position,108975,avery.vance@sampleco.test,Elena Patel,2026-07-14 04:49:00,alex.cohen@examplecorp.test,Jamie Vance,2024-10-09 18:04:00,rahul.silva@examplecorp.test,Nina Kim,2024-11-20 16:59:00,,,,Y,Morgan Blake,Avery Ivanov,100722,Arjun Kim,100117,Other,100240,Y,,,,,100348,Alpha,,,Nina Mensah
100426,Position,108977,reese.ashby@demomail.test,Rahul Cohen,2023-04-25 19:30:00,rahul.okafor@sampleco.test,Quinn Larsson,2022-12-07 15:17:00,omar.mercer@acme-fake.test,Noah Ashby,2023-02-24 06:15:00,,,,Y,Elena Ford,Liam Okafor,,Yara Ford,100265,Other,100310,N,,,100443,N,,Standard,,,Reese Silva
100058,Position,108978,yara.ford@sampleco.test,Noah Silva,2026-07-24 23:52:00,yara.nguyen@acme-fake.test,Aisha Kim,2025-05-29 18:15:00,jamie.ivanov@demomail.test,Diego Calder,2026-04-06 08:45:00,,,,N,Casey Vance,Taylor Larsson,100060,Priya Brooks,100403,Alpha,100037,Y,,,100627,Y,,Alpha,,,Noah Sloan
100454,Position,108979,drew.garcia@demomail.test,Elena Vance,2026-01-10 07:37:00,rowan.calder@acme-fake.test,Chen Garcia,2024-05-04 03:52:00,marco.brooks@acme-fake.test,Quinn Cohen,2025-04-19 20:08:00,,,,Y,Reese Ivanov,Alex Ford,100498,Quinn Whitfield,100755,Other,100793,Y,,,,,,Delta,,,Nina Ashby
100571,Position,108982,emerson.mercer@acme-fake.test,Fatima Ivanov,2024-05-17 20:39:00,jamie.calder@sampleco.test,Taylor Dorsey,2023-01-31 00:36:00,noah.ivanov@examplecorp.test,Skyler Nguyen,2023-02-23 01:20:00,,,,Y,Omar Silva,Aisha Ashby,100129,Marco Sato,100741,,100005,N,,,100079,N,,Beta,,,Skyler Cohen
100699,Position,108984,diego.haddad@acme-fake.test,Emerson Ford,2023-07-04 12:06:00,rowan.patel@sampleco.test,Aisha Haddad,2024-04-30 22:57:00,nina.reyes@sampleco.test,Drew Blake,2022-11-23 20:12:00,,,,Y,Elena Ford,,100091,Rowan Brooks,100506,Beta,100673,N,,,,Y,100042,Gamma,,,Aisha Patel
100421,Position,108985,omar.larsson@sampleco.test,Taylor Garcia,2024-04-10 22:47:00,rowan.whitfield@demomail.test,Rahul Rossi,2026-01-28 01:08:00,reese.brooks@demomail.test,Morgan Ivanov,2026-04-16 08:28:00,,,,N,Drew Silva,,100417,Yara Ford,100034,Gamma,100126,Y,TAG-9042,,100656,,,Beta,,,Quinn Ashby
100395,Position,108987,priya.garcia@sampleco.test,Elena Mensah,2025-02-23 05:51:00,morgan.whitfield@acme-fake.test,Aisha Blake,2025-02-28 02:45:00,fatima.dorsey@sampleco.test,Noah Mensah,2023-12-18 10:58:00,,,,N,Elena Mercer,Sofia Sato,100593,Fatima Brooks,100506,Delta,100673,N,,,,,,Delta,,,Yara Haddad
100591,Position,108990,casey.calder@examplecorp.test,Jordan Vance,2025-06-24 13:44:00,elena.okafor@demomail.test,Riley Silva,2024-05-27 02:37:00,chen.nguyen@sampleco.test,Marco Okafor,2023-03-19 13:43:00,,,,Y,Fatima Sato,Jamie Larsson,100255,Diego Patel,100352,,100782,N,SKU-5969,,100694,N,,Gamma,,,Drew Ivanov
100340,Position,108991,skyler.mercer@acme-fake.test,Taylor Blake,2023-12-07 08:45:00,quinn.mensah@sampleco.test,Sofia Nguyen,2025-11-26 07:54:00,aisha.cohen@demomail.test,Elena Blake,2023-03-29 15:44:00,,,,Y,,Riley Larsson,100555,Emerson Larsson,100275,Standard,100593,N,,,,Y,100506,Alpha,,,Chen Reyes
100789,Position,108994,alex.sato@demomail.test,Sofia Larsson,2024-02-09 09:57:00,omar.dorsey@sampleco.test,Skyler Okafor,2025-05-17 12:05:00,marco.sato@demomail.test,Avery Brooks,2026-02-21 07:52:00,,,,N,Arjun Sloan,Morgan Mercer,100413,Drew Sloan,100091,Beta,100005,Y,,,100588,N,,Gamma,,,Morgan Nguyen
100180,Position,108995,riley.costa@acme-fake.test,Yara Larsson,2024-06-06 15:54:00,rahul.rossi@acme-fake.test,Yara Mensah,2023-01-03 23:47:00,taylor.sato@demomail.test,Omar Cohen,2026-04-20 10:32:00,,,,N,Skyler Silva,,100188,Avery Mercer,100014,Gamma,100645,Y,SKU-4725,,100305,,100574,Other,,,Rahul Mercer
100020,Position,108998,sofia.dorsey@acme-fake.test,Morgan Cohen,2025-03-03 04:39:00,skyler.blake@sampleco.test,Riley Mensah,2023-11-03 11:23:00,sofia.sato@acme-fake.test,Nina Silva,2026-01-18 05:19:00,,,,N,Mei Whitfield,Aisha Ford,100522,Rahul Ford,100632,Alpha,100481,Y,,,100254,Y,,Beta,,,Avery Sloan
100464,Position,109000,arjun.sloan@examplecorp.test,Rowan Mercer,2024-03-09 23:38:00,omar.mercer@acme-fake.test,Riley Ashby,2024-11-28 22:48:00,rahul.ashby@demomail.test,Morgan Ashby,2023-10-09 15:47:00,,,,Y,Nina Reyes,Yara Ashby,100290,Avery Reyes,100704,Gamma,100117,N,,,,N,100153,Delta,,,Elena Ivanov
100627,Position,109001,arjun.haddad@acme-fake.test,Mei Dorsey,2024-10-10 21:51:00,sofia.brooks@acme-fake.test,Elena Reyes,2025-08-11 04:10:00,nina.kim@acme-fake.test,Sofia Brooks,2025-06-11 08:36:00,,,,Y,Liam Mercer,Diego Sloan,100736,Elena Calder,100588,,100240,N,,,100798,,,Beta,,,Noah Ivanov
100759,Position,109004,noah.brooks@demomail.test,Casey Kim,2025-10-01 11:26:00,avery.calder@examplecorp.test,Jordan Blake,2026-07-26 07:04:00,chen.okafor@examplecorp.test,Jamie Reyes,2024-11-23 22:30:00,,,,Y,Reese Reyes,Marco Dorsey,100220,Quinn Larsson,100044,Standard,100333,Y,,,100360,,100089,Standard,,,Marco Blake
100741,Position,109005,reese.sato@examplecorp.test,Sofia Okafor,2026-03-18 19:24:00,marco.ford@demomail.test,Omar Cohen,2022-12-05 10:11:00,rahul.reyes@acme-fake.test,Sofia Garcia,2025-01-30 08:42:00,,,,N,Chen Haddad,Omar Brooks,100356,Arjun Sato,100293,Other,100370,N,REF-4208,,100788,,100360,Standard,,,Jamie Vance
100188,Position,109006,jamie.reyes@examplecorp.test,Yara Whitfield,2026-04-11 08:38:00,skyler.mensah@acme-fake.test,Mei Whitfield,2022-10-19 19:09:00,marco.sato@examplecorp.test,Skyler Sato,2022-10-14 03:02:00,,,,Y,Quinn Ashby,,100328,Yara Costa,100449,Standard,100777,N,,,100796,N,100457,Other,,,Arjun Sloan
100774,Position,109008,morgan.okafor@examplecorp.test,Nina Ashby,2025-08-28 15:26:00,jordan.whitfield@sampleco.test,Jamie Rossi,2026-02-22 20:02:00,rowan.calder@demomail.test,Elena Dorsey,2025-05-23 13:39:00,,,,N,Omar Ashby,Riley Silva,100535,Diego Silva,100469,Beta,100527,N,,,100332,N,,Other,,,Jordan Whitfield
100473,Position,109010,nina.larsson@sampleco.test,Mei Brooks,2026-05-01 03:07:00,morgan.ashby@acme-fake.test,Priya Whitfield,2022-12-31 02:31:00,mei.haddad@examplecorp.test,Marco Garcia,2023-03-26 13:57:00,,,,N,Alex Cohen,Nina Kim,100661,Avery Ford,100694,,100475,N,,,100588,Y,,Beta,,,Fatima Ashby
100359,Position,109013,taylor.mensah@examplecorp.test,Noah Silva,2025-02-26 13:42:00,skyler.okafor@sampleco.test,Yara Brooks,2026-02-07 08:05:00,nina.kim@demomail.test,Quinn Ford,2025-03-15 05:38:00,,,,Y,Elena Reyes,Emerson Okafor,100360,Riley Mensah,100351,,100308,N,,,,N,100097,Standard,,,Yara Silva
100685,Position,109016,rowan.vance@sampleco.test,Alex Costa,2025-07-15 20:30:00,arjun.okafor@acme-fake.test,Jamie Rossi,2026-02-12 15:54:00,chen.whitfield@demomail.test,Riley Reyes,2024-06-13 06:22:00,,,,N,Fatima Reyes,Elena Ford,,Rowan Brooks,100467,Other,100070,Y,REF-7160,,100722,,,Gamma,,,Riley Rossi
100049,Position,109019,mei.mensah@examplecorp.test,Jordan Silva,2023-05-15 19:39:00,skyler.brooks@demomail.test,Reese Dorsey,2025-06-24 19:56:00,diego.sloan@examplecorp.test,Riley Garcia,2023-08-11 01:39:00,,,,N,Noah Costa,,100151,Arjun Ford,100262,Other,100770,Y,SKU-2758,,100209,Y,,Other,,,Drew Mercer
100240,Position,109021,aisha.ford@examplecorp.test,Rahul Mercer,2026-01-15 05:00:00,riley.okafor@sampleco.test,Nina Blake,2024-03-26 16:10:00,noah.garcia@examplecorp.test,Morgan Reyes,2026-04-12 10:29:00,,,,N,Liam Okafor,,100511,Aisha Mercer,100254,Standard,100066,Y,TAG-5079,,,N,,Delta,,,Jamie Rossi
100309,Position,109023,marco.haddad@examplecorp.test,Fatima Reyes,2025-06-28 00:56:00,nina.silva@sampleco.test,Emerson Mensah,2024-10-04 21:17:00,mei.mercer@sampleco.test,Fatima Garcia,2023-06-15 12:26:00,,,,Y,Liam Mercer,Mei Sato,100800,Sofia Ford,100426,Gamma,100455,Y,,,100798,N,100332,Other,,,Priya Haddad
100763,Position,109025,mei.ashby@acme-fake.test,Skyler Sloan,2024-07-28 10:43:00,priya.larsson@demomail.test,Drew Dorsey,2023-02-04 12:56:00,liam.sloan@acme-fake.test,Liam Blake,2025-04-12 13:22:00,,,,N,Omar Whitfield,Mei Reyes,100136,Rahul Mensah,100393,Beta,100142,Y,,,100044,,,Gamma,,,Nina Costa
100188,Position,109027,mei.blake@demomail.test,Sofia Reyes,2025-04-26 19:12:00,mei.costa@demomail.test,Sofia Mercer,2025-08-31 08:30:00,yara.costa@sampleco.test,Priya Ashby,2023-09-21 03:06:00,,,,N,Elena Larsson,,100426,Elena Garcia,100083,Delta,100316,N,SKU-6397,,100413,Y,100313,Alpha,,,Jordan Patel
100792,Position,109028,omar.okafor@demomail.test,Marco Reyes,2026-05-19 11:28:00,omar.garcia@examplecorp.test,Arjun Costa,2025-08-06 11:04:00,elena.sloan@sampleco.test,Sofia Cohen,2024-12-11 08:45:00,,,,Y,Noah Ford,Drew Rossi,100213,Omar Reyes,100184,Alpha,100705,Y,LOT-8396,,100742,N,100188,Delta,,,Casey Silva
100069,Position,109029,chen.rossi@demomail.test,Emerson Ford,2023-12-15 03:57:00,morgan.cohen@demomail.test,Nina Cohen,2024-02-29 02:47:00,priya.blake@sampleco.test,Emerson Cohen,2023-10-03 23:19:00,,,,Y,Rahul Kim,Emerson Garcia,100063,Arjun Whitfield,100197,Delta,100128,Y,,,100141,N,,Delta,,,Rahul Costa
100734,Position,109031,jamie.sloan@acme-fake.test,Reese Garcia,2023-03-17 14:04:00,nina.brooks@sampleco.test,Emerson Vance,2025-05-21 22:02:00,yara.kim@sampleco.test,Skyler Rossi,2026-07-13 01:20:00,,,,Y,Alex Larsson,Rowan Blake,100203,Diego Ashby,100542,Other,100309,Y,,,100696,Y,,Other,,,Fatima Patel
100560,Position,109032,quinn.blake@examplecorp.test,Riley Silva,2023-11-18 17:57:00,quinn.sloan@examplecorp.test,Yara Larsson,2023-06-04 19:02:00,skyler.sloan@acme-fake.test,Elena Calder,2024-06-04 16:39:00,,,,Y,Morgan Mensah,Omar Mensah,100459,Yara Mensah,100497,,100295,Y,REF-7317,,,,,Standard,,,Quinn Reyes
100334,Position,109033,jamie.costa@acme-fake.test,Drew Sato,2022-12-28 23:12:00,noah.cohen@sampleco.test,Taylor Ford,2024-09-30 03:09:00,casey.ivanov@acme-fake.test,Liam Cohen,2026-06-29 12:55:00,,,,N,Elena Garcia,Jordan Kim,100383,Aisha Nguyen,100213,Alpha,100649,N,SKU-9507,,100455,,100031,Other,,,Skyler Mensah
100030,Position,109036,marco.patel@acme-fake.test,Nina Blake,2025-10-31 18:06:00,liam.haddad@examplecorp.test,Nina Mercer,2023-03-06 18:20:00,diego.dorsey@sampleco.test,Emerson Nguyen,2026-01-11 20:14:00,,,,Y,Mei Dorsey,,100012,Taylor Okafor,100620,Alpha,100418,N,,,100793,,100069,Gamma,,,Reese Ford
100692,Position,109038,jordan.ford@demomail.test,Priya Nguyen,2023-02-26 02:18:00,arjun.larsson@sampleco.test,Quinn Rossi,2026-01-22 11:36:00,elena.kim@examplecorp.test,Jordan Ashby,2023-09-27 07:29:00,,,,N,Jordan Costa,Alex Reyes,100254,Rahul Reyes,100360,Beta,100661,Y,,,,Y,100593,Gamma,,,Casey Haddad
100788,Position,109039,quinn.calder@examplecorp.test,Jamie Reyes,2023-01-28 15:44:00,noah.whitfield@examplecorp.test,Sofia Blake,2024-12-15 02:47:00,liam.kim@examplecorp.test,Chen Costa,2025-01-25 17:02:00,,,,Y,Emerson Calder,Jordan Reyes,100574,Drew Haddad,100793,,100040,Y,,,,Y,100627,Standard,,,Avery Calder
100239,Position,109042,arjun.mercer@sampleco.test,Liam Patel,2025-12-28 00:53:00,priya.calder@sampleco.test,Rahul Dorsey,2024-03-15 19:46:00,riley.sloan@sampleco.test,Aisha Okafor,2026-05-25 10:15:00,,,,N,Fatima Larsson,Aisha Rossi,100526,Yara Larsson,100772,Other,100683,Y,TAG-7575,,100464,N,,Alpha,,,Riley Cohen
100115,Position,109043,reese.kim@examplecorp.test,Priya Mensah,2024-05-12 06:37:00,elena.blake@sampleco.test,Arjun Whitfield,2025-12-17 11:37:00,nina.garcia@examplecorp.test,Aisha Okafor,2023-11-26 02:34:00,,,,N,Emerson Kim,,,Drew Sloan,100517,,100148,Y,TAG-7403,,100509,,100694,Standard,,,Marco Patel
100546,Position,109046,alex.dorsey@sampleco.test,Avery Silva,2024-01-09 00:19:00,alex.reyes@sampleco.test,Arjun Larsson,2024-12-14 04:57:00,skyler.sato@sampleco.test,Skyler Blake,2024-05-28 06:40:00,,,,Y,Sofia Sato,Riley Mercer,100487,Marco Dorsey,100322,Standard,100782,N,TAG-2060,,100104,,100285,Standard,,,Avery Garcia
100760,Position,109049,jamie.kim@examplecorp.test,Riley Cohen,2024-03-04 02:19:00,marco.mercer@examplecorp.test,Taylor Kim,2026-02-14 23:21:00,chen.ford@sampleco.test,Rowan Sato,2026-01-18 09:01:00,,,,Y,Marco Ivanov,Arjun Sato,100110,Riley Sato,100388,Beta,100008,Y,SKU-2598,,,Y,,Alpha,,,Chen Mensah
100070,Position,109050,riley.ashby@acme-fake.test,Alex Calder,2023-09-28 06:49:00,rahul.calder@demomail.test,Chen Silva,2023-03-09 19:24:00,arjun.larsson@examplecorp.test,Avery Calder,2025-03-25 09:20:00,,,,Y,Taylor Nguyen,Marco Patel,100156,Jamie Vance,100758,Beta,100236,N,LOT-8221,,,,100517,Beta,,,Chen Garcia
100342,Position,109052,nina.sloan@acme-fake.test,Rowan Calder,2026-05-08 05:42:00,fatima.sloan@demomail.test,Morgan Calder,2023-02-28 07:22:00,alex.cohen@demomail.test,Yara Whitfield,2025-02-19 01:35:00,,,,N,Elena Mercer,Aisha Costa,100139,Liam Silva,100129,Delta,100265,N,,,,N,,Gamma,,,Jordan Calder
100486,Position,109053,drew.garcia@examplecorp.test,Liam Vance,2025-03-11 14:40:00,marco.vance@demomail.test,Diego Brooks,2025-09-04 21:12:00,emerson.ivanov@sampleco.test,Mei Reyes,2022-11-30 12:18:00,,,,Y,Arjun Nguyen,Skyler Rossi,,Arjun Cohen,100290,,100738,Y,REF-7561,,100523,,100742,Delta,,,Sofia Okafor
100060,Position,109055,reese.patel@acme-fake.test,Casey Dorsey,2022-12-20 23:07:00,rowan.costa@examplecorp.test,Taylor Calder,2026-02-22 18:00:00,diego.vance@demomail.test,Sofia Costa,2026-04-10 00:10:00,,,,N,Quinn Nguyen,Aisha Patel,100185,Sofia Whitfield,100746,Gamma,100569,N,,,100457,Y,100223,Other,,,Taylor Larsson
100531,Position,109056,jamie.whitfield@sampleco.test,Emerson Silva,2025-01-23 00:18:00,sofia.sloan@sampleco.test,Nina Ivanov,2024-02-22 05:23:00,avery.garcia@acme-fake.test,Skyler Patel,2024-12-13 10:55:00,,,,Y,Elena Sato,,100325,Riley Garcia,100685,Other,100486,Y,,,100336,N,,Gamma,,,Drew Rossi
100229,Position,109058,elena.calder@examplecorp.test,Casey Reyes,2023-03-30 06:28:00,omar.reyes@acme-fake.test,Arjun Brooks,2024-10-27 21:02:00,alex.nguyen@demomail.test,Quinn Ashby,2026-04-21 11:36:00,,,,Y,Taylor Blake,Liam Silva,100090,Aisha Ford,100573,Gamma,100234,N,REF-6156,,100684,,100455,Beta,,,Aisha Sloan
100275,Position,109061,riley.nguyen@acme-fake.test,Diego Sloan,2023-09-24 15:40:00,noah.calder@acme-fake.test,Omar Nguyen,2024-12-15 20:14:00,fatima.blake@demomail.test,Diego Costa,2025-08-03 18:47:00,,,,Y,Jordan Nguyen,Yara Silva,100134,Noah Costa,100353,Alpha,100161,Y,,,,N,100345,Gamma,,,Yara Silva
100796,Position,109063,arjun.dorsey@examplecorp.test,Fatima Patel,2023-11-01 15:29:00,priya.vance@acme-fake.test,Yara Okafor,2026-05-10 18:50:00,casey.kim@demomail.test,Mei Kim,2024-04-28 21:26:00,,,,Y,Taylor Brooks,Rahul Nguyen,100426,Diego Ford,100532,,100770,N,,,100377,Y,100200,Other,,,Emerson Cohen
100220,Position,109064,fatima.whitfield@acme-fake.test,Rahul Rossi,2023-06-30 01:17:00,sofia.vance@demomail.test,Elena Nguyen,2023-08-18 20:51:00,aisha.mensah@examplecorp.test,Alex Nguyen,2023-06-30 16:45:00,,,,N,Drew Sato,,100106,Jordan Dorsey,100176,Beta,100066,N,,,100389,,,Alpha,,,Jordan Rossi
100285,Position,109066,aisha.kim@sampleco.test,Liam Calder,2026-07-15 07:05:00,chen.mercer@acme-fake.test,Priya Mensah,2025-02-16 05:12:00,drew.cohen@demomail.test,Elena Whitfield,2024-03-24 23:26:00,,,,Y,Rowan Sloan,Mei Rossi,100143,Rahul Larsson,100136,Gamma,100587,Y,,,100040,,100468,Standard,,,Arjun Okafor
100322,Position,109069,reese.vance@examplecorp.test,Taylor Ford,2023-10-02 11:46:00,nina.haddad@demomail.test,Jamie Dorsey,2024-05-04 07:04:00,elena.brooks@demomail.test,Jordan Calder,2022-10-05 18:14:00,,,,Y,Morgan Larsson,Taylor Okafor,100026,Casey Mercer,100080,Alpha,100151,Y,REF-2432,,100172,Y,,Other,,,Arjun Brooks
100241,Position,109070,fatima.vance@sampleco.test,Reese Vance,2024-06-27 08:19:00,omar.brooks@demomail.test,Riley Sato,2023-11-01 03:05:00,casey.mercer@examplecorp.test,Jordan Cohen,2024-12-25 14:52:00,,,,N,Avery Mensah,Reese Ford,,Casey Ivanov,100598,Alpha,100684,N,TAG-8510,,,,100040,Standard,,,Nina Mercer
100203,Position,109073,nina.blake@sampleco.test,Nina Sato,2025-09-19 01:30:00,riley.cohen@examplecorp.test,Sofia Haddad,2024-08-25 17:15:00,drew.rossi@sampleco.test,Reese Ashby,2024-03-07 22:54:00,,,,Y,Sofia Reyes,Reese Garcia,100062,Noah Blake,100034,Other,100111,Y,,,100301,,100702,Alpha,,,Elena Mensah
100784,Position,109074,liam.silva@demomail.test,Priya Ford,2025-01-25 19:14:00,avery.brooks@examplecorp.test,Drew Okafor,2026-05-03 09:09:00,omar.ashby@demomail.test,Drew Cohen,2023-06-21 11:59:00,,,,Y,Elena Whitfield,Mei Haddad,100332,Yara Costa,100511,Alpha,100620,N,,,100613,,100558,Standard,,,Avery Silva
100803,Position,109077,diego.whitfield@sampleco.test,Jamie Patel,2023-12-09 23:30:00,yara.sato@examplecorp.test,Jordan Haddad,2023-10-01 05:24:00,liam.blake@examplecorp.test,Fatima Sloan,2026-06-19 03:47:00,,,,Y,Yara Ashby,Aisha Sloan,100003,Quinn Okafor,100328,Standard,100205,Y,TAG-5027,,,N,100215,Standard,,,Emerson Brooks
100616,Position,109080,rahul.dorsey@examplecorp.test,Mei Mercer,2023-10-03 17:05:00,jordan.okafor@sampleco.test,Quinn Costa,2025-10-11 04:54:00,casey.okafor@sampleco.test,Sofia Calder,2024-04-11 05:31:00,,,,N,Alex Cohen,Noah Garcia,100770,Morgan Calder,100588,,100286,Y,SKU-5740,,,,,Other,,,Emerson Cohen
100457,Position,109082,liam.brooks@examplecorp.test,Diego Mensah,2024-04-19 08:15:00,taylor.brooks@sampleco.test,Yara Ashby,2023-06-22 15:28:00,skyler.mercer@acme-fake.test,Yara Silva,2023-12-24 13:40:00,,,,N,Skyler Reyes,Elena Calder,100220,Liam Ashby,100269,Delta,100741,N,SKU-5450,,100122,,100227,Delta,,,Mei Vance
100554,Position,109085,rahul.rossi@acme-fake.test,Yara Haddad,2025-04-12 09:29:00,taylor.rossi@sampleco.test,Avery Patel,2025-05-26 14:47:00,reese.garcia@acme-fake.test,Quinn Vance,2025-02-26 22:39:00,,,,Y,Sofia Costa,Taylor Costa,100722,Emerson Ivanov,100020,Beta,100571,Y,LOT-3925,,100593,,100784,Delta,,,Rahul Reyes
100746,Position,109087,elena.sloan@examplecorp.test,Casey Garcia,2024-02-08 11:56:00,marco.ashby@demomail.test,Elena Brooks,2024-12-03 19:55:00,fatima.garcia@acme-fake.test,Reese Costa,2022-12-13 03:10:00,,,,Y,Noah Okafor,Aisha Rossi,100353,Elena Rossi,100190,Alpha,100526,Y,SKU-5131,,100262,,100393,Other,,,Avery Brooks
100679,Position,109088,alex.silva@demomail.test,Sofia Garcia,2025-09-27 17:42:00,nina.mercer@sampleco.test,Rahul Ashby,2023-02-27 05:06:00,rahul.cohen@acme-fake.test,Jamie Vance,2023-12-20 22:44:00,,,,Y,Drew Ashby,Priya Blake,100063,Yara Kim,100066,Standard,100498,Y,SKU-2154,,100391,Y,100735,Alpha,,,Jordan Cohen
100280,Position,109089,arjun.kim@sampleco.test,Quinn Ashby,2023-09-15 12:46:00,alex.mensah@acme-fake.test,Avery Whitfield,2023-11-14 23:45:00,skyler.nguyen@examplecorp.test,Quinn Garcia,2023-01-27 13:55:00,,,,Y,Quinn Mensah,Arjun Sloan,100467,Aisha Calder,100094,Other,100699,Y,SKU-5731,,100798,,100209,Beta,,,Elena Okafor
100571,Position,109092,yara.ivanov@examplecorp.test,Reese Okafor,2024-10-13 10:58:00,alex.ashby@demomail.test,Arjun Rossi,2025-08-02 21:45:00,alex.vance@examplecorp.test,Morgan Ivanov,2023-12-31 15:40:00,,,,N,Elena Mensah,,100634,Skyler Silva,100538,Alpha,100008,Y,,,100103,,100452,Standard,,,Aisha Costa
100178,Position,109093,arjun.ivanov@sampleco.test,Liam Brooks,2023-12-29 13:22:00,elena.sato@acme-fake.test,Alex Haddad,2022-10-30 15:18:00,yara.okafor@demomail.test,Taylor Sloan,2023-01-13 20:10:00,,,,N,Alex Ford,Jordan Nguyen,100604,Rahul Vance,100257,Alpha,100559,N,SKU-6103,,100496,,,Alpha,,,Omar Calder
100782,Position,109096,avery.costa@demomail.test,Omar Larsson,2024-06-30 15:11:00,aisha.ashby@sampleco.test,Taylor Garcia,2022-11-10 17:14:00,fatima.blake@examplecorp.test,Aisha Blake,2026-05-15 06:07:00,,,,Y,Alex Reyes,Quinn Nguyen,100305,Nina Mercer,100503,Standard,100686,Y,LOT-4419,,100314,,,Standard,,,Avery Silva
100151,Position,109097,omar.blake@demomail.test,Diego Ashby,2024-05-23 20:01:00,priya.ashby@sampleco.test,Aisha Sloan,2025-12-02 13:24:00,morgan.ford@demomail.test,Omar Costa,2024-09-20 12:42:00,,,,N,Sofia Mensah,Riley Whitfield,100168,Sofia Ivanov,100248,Delta,100371,N,,,100298,,,Delta,,,Casey Kim
100686,Position,109099,marco.silva@sampleco.test,Taylor Whitfield,2025-10-18 00:40:00,sofia.garcia@examplecorp.test,Taylor Ford,2024-12-21 06:00:00,aisha.costa@demomail.test,Mei Larsson,2023-07-23 10:57:00,,,,N,Sofia Cohen,Reese Kim,,Alex Whitfield,100168,,100151,N,REF-4352,,,Y,100234,Alpha,,,Nina Garcia
100053,Position,109100,aisha.nguyen@sampleco.test,Jordan Okafor,2025-08-01 02:01:00,reese.reyes@demomail.test,Jordan Ford,2025-09-05 16:12:00,jordan.haddad@acme-fake.test,Drew Larsson,2024-11-14 07:21:00,,,,Y,Casey Ashby,Chen Ashby,100208,Aisha Haddad,100352,Delta,100454,N,,,,,100215,Standard,,,Omar Brooks
100527,Position,109102,rahul.whitfield@acme-fake.test,Jamie Kim,2026-06-04 20:20:00,morgan.ivanov@acme-fake.test,Rowan Brooks,2024-07-21 13:35:00,liam.sloan@examplecorp.test,Priya Nguyen,2022-10-02 02:51:00,,,,N,Marco Sloan,Riley Vance,100551,Quinn Okafor,100103,Gamma,100641,Y,,,,,100117,Beta,,,Reese Cohen
100694,Position,109104,priya.ford@sampleco.test,Taylor Mensah,2026-07-23 11:20:00,liam.mercer@acme-fake.test,Reese Dorsey,2023-02-25 18:26:00,chen.silva@examplecorp.test,Marco Brooks,2026-05-17 00:28:00,,,,N,Avery Garcia,Aisha Haddad,100452,Morgan Ashby,100603,Gamma,100684,Y,LOT-4153,,100496,Y,100216,Beta,,,Casey Silva
100440,Position,109106,jamie.larsson@examplecorp.test,Chen Sato,2025-09-16 07:24:00,marco.rossi@acme-fake.test,Casey Mensah,2023-06-08 05:24:00,reese.reyes@sampleco.test,Marco Rossi,2024-02-18 21:17:00,,,,Y,Nina Sato,,100780,Nina Kim,100267,,100267,Y,REF-6023,,100205,,100269,Gamma,,,Mei Mercer
100234,Position,109109,mei.haddad@demomail.test,Jamie Sato,2024-08-29 10:33:00,liam.patel@acme-fake.test,Morgan Sloan,2024-11-01 12:07:00,nina.sloan@demomail.test,Rahul Ford,2026-01-11 10:09:00,,,,N,Elena Nguyen,Sofia Mensah,100382,Jordan Mercer,100281,Standard,100345,N,,,100432,,,Delta,,,Chen Cohen
100542,Position,109112,mei.sato@demomail.test,Rahul Mercer,2024-02-03 03:30:00,noah.mensah@sampleco.test,Jordan Rossi,2026-06-26 07:55:00,priya.cohen@acme-fake.test,Noah Brooks,2025-09-25 11:40:00,,,,Y,Nina Blake,Noah Reyes,100209,Morgan Garcia,100156,Alpha,100269,N,TAG-4422,,,Y,,Alpha,,,Alex Whitfield
100386,Position,109115,taylor.ford@demomail.test,Rowan Cohen,2026-03-25 18:24:00,sofia.calder@acme-fake.test,Priya Rossi,2025-12-22 14:54:00,skyler.blake@demomail.test,Marco Ivanov,2023-06-03 06:36:00,,,,N,Jordan Ivanov,Rowan Nguyen,100496,Drew Vance,100342,,100123,N,,,100520,,100579,Delta,,,Yara Mercer
100656,Position,109118,morgan.calder@demomail.test,Marco Okafor,2024-04-26 11:10:00,taylor.vance@acme-fake.test,Noah Patel,2025-10-14 00:36:00,jordan.sato@acme-fake.test,Yara Nguyen,2026-02-25 01:41:00,,,,Y,Elena Dorsey,Drew Dorsey,100172,Sofia Dorsey,100560,,100558,N,,,100094,,100683,Beta,,,Rowan Silva
100487,Position,109120,skyler.sato@sampleco.test,Chen Vance,2026-03-30 14:06:00,morgan.costa@examplecorp.test,Arjun Whitfield,2025-06-30 01:16:00,marco.vance@acme-fake.test,Morgan Kim,2023-02-27 12:38:00,,,,Y,Diego Larsson,Sofia Ivanov,100482,Noah Ashby,100295,Beta,100767,N,SKU-9856,,,,100542,Beta,,,Noah Vance
100784,Position,109121,taylor.patel@examplecorp.test,Chen Silva,2026-05-25 16:12:00,avery.sloan@acme-fake.test,Liam Patel,2024-07-27 05:25:00,taylor.whitfield@sampleco.test,Fatima Dorsey,2025-03-05 07:18:00,,,,Y,Chen Ashby,Diego Reyes,100688,Drew Nguyen,100371,Gamma,100040,N,,,100348,,100107,Alpha,,,Priya Garcia
100645,Position,109124,mei.whitfield@demomail.test,Alex Costa,2023-04-18 01:22:00,sofia.okafor@acme-fake.test,Rahul Blake,2024-10-25 22:55:00,rowan.cohen@demomail.test,Noah Ford,2022-11-16 02:25:00,,,,N,Arjun Brooks,,100477,Priya Haddad,100494,Other,100610,Y,LOT-8725,,,,,Beta,,,Chen Rossi
100286,Position,109125,riley.vance@examplecorp.test,Drew Calder,2023-04-15 14:03:00,diego.sato@examplecorp.test,Jordan Blake,2024-10-31 16:25:00,skyler.calder@examplecorp.test,Taylor Okafor,2023-06-21 06:42:00,,,,N,Liam Sloan,Elena Haddad,100229,Chen Patel,100729,Standard,100340,Y,,,100281,N,100313,Delta,,,Fatima Mercer
100753,Position,109128,casey.sato@acme-fake.test,Arjun Ashby,2023-07-03 20:15:00,rowan.larsson@acme-fake.test,Yara Ford,2025-11-01 19:13:00,quinn.costa@examplecorp.test,Marco Sato,2025-11-27 14:09:00,,,,N,Arjun Cohen,Elena Mercer,100351,Morgan Kim,100475,,100664,Y,,,100772,N,100645,Other,,,Aisha Okafor
100789,Position,109131,casey.cohen@examplecorp.test,Fatima Nguyen,2025-05-16 13:22:00,fatima.sato@demomail.test,Liam Nguyen,2026-05-28 10:51:00,yara.sato@demomail.test,Jamie Ivanov,2023-09-25 15:49:00,,,,N,Elena Mensah,Drew Whitfield,100220,Marco Okafor,100708,Gamma,100094,Y,,,100215,N,100356,Other,,,Skyler Kim
100185,Position,109134,marco.okafor@examplecorp.test,Omar Patel,2025-08-25 01:59:00,arjun.calder@sampleco.test,Morgan Larsson,2022-11-30 14:49:00,drew.silva@acme-fake.test,Marco Brooks,2025-08-17 05:16:00,,,,Y,Avery Costa,Liam Haddad,100025,Noah Costa,100192,Alpha,100164,N,,,100334,N,100325,Beta,,,Avery Reyes
100356,Position,109135,omar.mercer@acme-fake.test,Diego Sloan,2025-08-31 09:22:00,jamie.larsson@examplecorp.test,Arjun Reyes,2025-06-17 00:31:00,rahul.garcia@acme-fake.test,Yara Calder,2022-10-01 11:29:00,,,,N,Chen Reyes,Alex Nguyen,100634,Riley Ashby,100083,Other,100277,Y,LOT-1880,,,N,100736,Standard,,,Jordan Ashby
100690,Position,109138,rowan.vance@demomail.test,Nina Silva,2023-06-30 21:23:00,riley.kim@demomail.test,Casey Nguyen,2025-05-20 01:38:00,priya.sloan@examplecorp.test,Rahul Ford,2024-09-18 22:41:00,,,,Y,Omar Rossi,Priya Sato,100613,Arjun Garcia,100129,Gamma,100694,N,,,100115,,100117,Alpha,,,Riley Ford
100094,Position,109141,sofia.cohen@examplecorp.test,Omar Silva,2024-11-09 08:35:00,drew.vance@acme-fake.test,Elena Patel,2026-07-19 12:45:00,casey.larsson@acme-fake.test,Nina Larsson,2026-05-10 19:25:00,,,,Y,Omar Mercer,Elena Calder,100573,Chen Haddad,100034,Delta,100551,Y,,,100293,,100336,Beta,,,Drew Whitfield
100400,Position,109143,casey.ford@examplecorp.test,Avery Nguyen,2023-01-08 04:24:00,taylor.mercer@sampleco.test,Skyler Larsson,2022-11-05 07:17:00,skyler.larsson@sampleco.test,Omar Rossi,2025-01-20 22:11:00,,,,N,Reese Mensah,Skyler Larsson,100654,Noah Mercer,100168,Delta,100597,Y,,,,N,100393,Other,,,Alex Mercer
100424,Position,109146,jordan.whitfield@sampleco.test,Skyler Kim,2023-04-13 02:05:00,noah.sato@acme-fake.test,Jamie Haddad,2026-02-06 04:13:00,arjun.patel@acme-fake.test,Chen Sato,2025-01-11 12:42:00,,,,Y,Avery Ford,Skyler Sloan,100184,Sofia Blake,100746,Delta,100046,N,SKU-5011,,,,,Gamma,,,Rahul Sloan
100447,Position,109147,taylor.calder@examplecorp.test,Aisha Nguyen,2022-11-11 04:24:00,arjun.vance@sampleco.test,Avery Brooks,2024-08-16 10:55:00,omar.reyes@sampleco.test,Avery Sloan,2023-09-07 01:20:00,,,,Y,Morgan Cohen,Rahul Rossi,100051,Elena Ford,100774,,100370,N,,,100091,,100702,Alpha,,,Alex Mercer
100486,Position,109150,rahul.calder@examplecorp.test,Liam Costa,2025-10-03 08:59:00,diego.patel@examplecorp.test,Taylor Ford,2023-02-03 20:56:00,aisha.dorsey@demomail.test,Drew Calder,2023-06-30 17:50:00,,,,Y,Arjun Calder,,100486,Jamie Kim,100622,Delta,100070,Y,LOT-1075,,100782,,,Delta,,,Priya Ford
100101,Position,109151,nina.mensah@examplecorp.test,Drew Patel,2024-11-02 05:53:00,riley.reyes@acme-fake.test,Noah Patel,2024-08-24 21:34:00,aisha.cohen@demomail.test,Riley Silva,2023-05-02 07:26:00,,,,N,Skyler Haddad,Mei Cohen,100591,Yara Sloan,100389,Beta,100383,Y,TAG-2274,,100445,Y,100509,Alpha,,,Chen Garcia
100793,Position,109152,elena.ashby@sampleco.test,Mei Cohen,2024-10-18 07:56:00,emerson.blake@examplecorp.test,Fatima Silva,2023-04-21 09:36:00,fatima.larsson@sampleco.test,Reese Sato,2023-07-25 03:02:00,,,,Y,Elena Reyes,Arjun Okafor,100777,Riley Ashby,100107,Standard,100236,N,LOT-9537,,,N,,Standard,,,Reese Silva
100215,Position,109155,rahul.garcia@acme-fake.test,Quinn Patel,2026-07-17 18:31:00,emerson.rossi@demomail.test,Drew Patel,2024-12-15 06:40:00,priya.ivanov@sampleco.test,Taylor Okafor,2023-08-13 13:02:00,,,,Y,Morgan Costa,Arjun Patel,100325,Drew Blake,100262,Other,100331,N,,,,,,Alpha,,,Nina Silva
100798,Position,109157,casey.dorsey@demomail.test,Emerson Sato,2024-02-06 06:32:00,arjun.ford@sampleco.test,Liam Cohen,2024-08-01 03:15:00,elena.ford@demomail.test,Jordan Cohen,2026-04-24 07:41:00,,,,Y,Riley Reyes,Morgan Calder,100723,Jamie Mercer,100310,Other,100169,N,,,100765,,,Other,,,Rahul Sloan
100340,Position,109160,nina.mercer@examplecorp.test,Aisha Mercer,2025-12-08 06:48:00,morgan.blake@sampleco.test,Marco Dorsey,2024-11-29 23:23:00,skyler.reyes@acme-fake.test,Priya Calder,2023-10-22 12:35:00,,,,N,Arjun Sato,,100171,Chen Rossi,100690,Beta,100044,Y,SKU-4882,,,N,100012,Beta,,,Diego Kim
100359,Position,109161,quinn.rossi@sampleco.test,Drew Nguyen,2023-10-08 16:09:00,rowan.brooks@acme-fake.test,Morgan Cohen,2023-12-13 22:21:00,quinn.dorsey@acme-fake.test,Skyler Calder,2023-10-08 02:17:00,,,,N,Jordan Costa,Rahul Reyes,100729,Rowan Okafor,100293,Standard,100454,N,SKU-8990,,100086,N,,Gamma,,,Morgan Rossi
100800,Position,109164,elena.sloan@examplecorp.test,Omar Okafor,2025-06-02 09:28:00,alex.sato@examplecorp.test,Marco Garcia,2025-04-29 18:18:00,rahul.okafor@acme-fake.test,Rahul Reyes,2026-04-26 09:29:00,,,,N,Sofia Cohen,Diego Cohen,100658,Yara Reyes,100101,Standard,100459,Y,,,100617,N,,Standard,,,Mei Nguyen
100601,Position,109167,liam.reyes@demomail.test,Taylor Vance,2023-08-10 08:39:00,casey.dorsey@acme-fake.test,Riley Kim,2025-06-24 05:38:00,rahul.nguyen@examplecorp.test,Liam Brooks,2025-03-03 12:09:00,,,,N,Rowan Cohen,,100126,Elena Patel,100200,,100573,N,LOT-1156,,,,,Standard,,,Riley Ashby
100486,Position,109168,priya.costa@examplecorp.test,Sofia Calder,2022-10-24 12:08:00,arjun.costa@sampleco.test,Avery Sato,2023-01-01 11:47:00,arjun.nguyen@examplecorp.test,Quinn Nguyen,2023-03-31 10:21:00,,,,Y,Morgan Haddad,Diego Calder,100530,Arjun Blake,100255,Beta,100591,Y,,,100496,,100617,Other,,,Sofia Ashby
100569,Position,109171,fatima.rossi@examplecorp.test,Priya Rossi,2024-02-10 13:32:00,omar.sato@acme-fake.test,Mei Larsson,2025-01-24 10:03:00,rahul.brooks@sampleco.test,Diego Ivanov,2023-08-18 09:53:00,,,,Y,Jordan Sloan,Chen Sato,100345,Elena Reyes,100634,Delta,100638,N,,,100741,,100180,Delta,,,Nina Ford
100046,Position,109174,omar.whitfield@acme-fake.test,Aisha Rossi,2024-10-29 08:20:00,noah.brooks@demomail.test,Quinn Whitfield,2022-10-16 08:23:00,skyler.larsson@sampleco.test,Emerson Costa,2026-07-03 08:26:00,,,,Y,Taylor Mensah,Taylor Garcia,100143,Priya Dorsey,100073,Delta,100239,N,SKU-3440,,,N,,Gamma,,,Yara Reyes
100148,Position,109177,elena.sato@acme-fake.test,Elena Costa,2024-12-09 20:12:00,yara.calder@sampleco.test,Diego Vance,2023-05-08 13:35:00,diego.ashby@demomail.test,Drew Sloan,2023-11-02 14:52:00,,,,Y,Drew Sato,Alex Cohen,100771,Drew Sato,100080,Gamma,100554,Y,,,,,100143,Standard,,,Nina Haddad
100780,Position,109179,diego.brooks@sampleco.test,Priya Mensah,2026-02-02 23:47:00,avery.calder@sampleco.test,Rahul Brooks,2024-09-01 23:34:00,chen.ashby@acme-fake.test,Omar Dorsey,2022-10-20 15:39:00,,,,Y,Arjun Whitfield,Reese Okafor,100103,Chen Patel,100234,Other,100705,Y,,,100123,,,Delta,,,Rowan Ivanov
100459,Position,109182,diego.vance@demomail.test,Reese Larsson,2022-10-05 00:55:00,quinn.larsson@sampleco.test,Marco Whitfield,2022-10-23 03:30:00,avery.whitfield@sampleco.test,Emerson Ivanov,2025-01-28 02:57:00,,,,N,,Noah Ashby,100654,Morgan Ashby,100136,Delta,100426,Y,TAG-2001,,100351,,100070,Other,,,Diego Mercer
100627,Position,109185,diego.blake@examplecorp.test,Rahul Whitfield,2022-12-03 06:45:00,drew.larsson@demomail.test,Omar Sloan,2026-05-24 16:26:00,emerson.nguyen@examplecorp.test,Skyler Rossi,2023-11-12 15:12:00,,,,Y,Noah Brooks,Aisha Rossi,100079,Sofia Kim,100030,Standard,100382,Y,,,100328,,100148,Standard,,,Priya Mercer
100229,Position,109188,sofia.vance@examplecorp.test,Sofia Kim,2024-11-05 12:23:00,reese.whitfield@sampleco.test,Taylor Brooks,2026-02-25 14:31:00,avery.mensah@sampleco.test,Yara Patel,2022-12-10 12:08:00,,,,N,Diego Whitfield,Diego Costa,100579,Chen Dorsey,100180,Gamma,100704,Y,,,,,,Alpha,,,Omar Vance
100771,Position,109191,reese.garcia@sampleco.test,Omar Garcia,2025-08-02 15:20:00,emerson.brooks@sampleco.test,Skyler Ivanov,2023-02-24 06:41:00,casey.haddad@demomail.test,Arjun Brooks,2024-05-14 13:47:00,,,,Y,Omar Reyes,Rowan Haddad,100571,Jamie Reyes,100359,Standard,100684,Y,,,,,,Standard,,,Reese Larsson
100576,Position,109192,arjun.larsson@acme-fake.test,Liam Ashby,2023-07-29 06:57:00,diego.nguyen@sampleco.test,Skyler Mercer,2023-04-03 19:04:00,skyler.reyes@sampleco.test,Riley Mensah,2025-10-28 16:03:00,,,,N,Rahul Reyes,Morgan Rossi,100582,Skyler Rossi,100786,,100753,N,,,,N,100497,Delta,,,Aisha Silva
100046,Position,109195,reese.sloan@acme-fake.test,Omar Sato,2026-03-08 07:48:00,jamie.haddad@demomail.test,Priya Sato,2024-06-21 10:26:00,nina.mercer@acme-fake.test,Liam Dorsey,2023-05-14 16:38:00,,,,Y,Reese Ivanov,,100692,Rahul Haddad,100182,Standard,100518,Y,LOT-1120,,100420,Y,,Beta,,,Aisha Cohen
100208,Position,109198,emerson.dorsey@demomail.test,Riley Dorsey,2023-07-09 21:03:00,quinn.costa@demomail.test,Priya Ashby,2026-05-01 13:59:00,reese.vance@acme-fake.test,Casey Kim,2026-06-08 13:35:00,,,,Y,Rahul Mercer,Aisha Cohen,100195,Casey Mensah,100587,Gamma,100532,Y,TAG-2290,,100720,N,,Delta,,,Diego Brooks
100262,Position,109200,omar.okafor@sampleco.test,Jordan Ivanov,2024-08-12 02:42:00,quinn.kim@acme-fake.test,Noah Sloan,2023-11-26 12:45:00,quinn.whitfield@sampleco.test,Mei Reyes,2025-01-23 09:25:00,,,,N,Alex Ashby,Emerson Sloan,100408,Sofia Ford,100393,Beta,100254,N,,,,N,100275,Delta,,,Liam Costa
100573,Position,109201,rahul.ashby@sampleco.test,Fatima Ashby,2023-08-24 06:00:00,aisha.sato@sampleco.test,Nina Reyes,2023-04-28 11:22:00,fatima.ford@acme-fake.test,Diego Brooks,2024-03-14 18:06:00,,,,Y,Avery Kim,Fatima Nguyen,,Drew Kim,100053,Beta,100051,N,,,,Y,100670,Standard,,,Reese Sato
100792,Position,109204,rahul.haddad@acme-fake.test,Riley Patel,2023-10-26 10:19:00,reese.whitfield@sampleco.test,Rahul Nguyen,2022-11-15 23:07:00,chen.garcia@acme-fake.test,Avery Sato,2024-04-23 21:32:00,,,,N,Alex Rossi,Jamie Cohen,100770,Noah Ivanov,100720,Standard,100498,N,,,,N,100332,Gamma,,,Riley Whitfield
100037,Position,109205,aisha.sato@sampleco.test,Diego Dorsey,2025-09-26 13:24:00,marco.sloan@sampleco.test,Rahul Garcia,2026-05-01 05:21:00,quinn.mensah@demomail.test,Elena Okafor,2023-08-14 07:07:00,,,,Y,Avery Kim,Jordan Patel,100579,Priya Whitfield,100111,Gamma,100538,N,SKU-6618,,100151,,100345,Alpha,,,Avery Silva
100487,Position,109206,omar.mensah@sampleco.test,Morgan Sato,2023-01-26 08:10:00,avery.blake@acme-fake.test,Elena Costa,2024-04-07 17:19:00,taylor.haddad@demomail.test,Nina Sloan,2022-11-03 18:59:00,,,,Y,Diego Sloan,Elena Okafor,,Mei Larsson,100509,Alpha,100452,Y,,,,Y,100742,Standard,,,Marco Ford
100803,Position,109207,diego.blake@examplecorp.test,Arjun Whitfield,2025-01-23 08:43:00,marco.ford@demomail.test,Emerson Mensah,2023-08-10 11:18:00,drew.calder@sampleco.test,Liam Whitfield,2023-11-16 00:44:00,,,,N,Rowan Silva,Marco Silva,100679,Morgan Silva,100322,Other,100298,Y,,,100005,,100352,Beta,,,Jordan Cohen
100474,Position,109209,priya.costa@sampleco.test,Jamie Patel,2025-05-20 19:34:00,arjun.ivanov@acme-fake.test,Alex Reyes,2024-07-12 03:14:00,sofia.vance@sampleco.test,Rahul Blake,2025-05-13 18:03:00,,,,Y,Riley Garcia,,100203,Nina Calder,100051,Other,100352,N,REF-3379,,100342,Y,,Gamma,,,Riley Blake
100314,Position,109210,priya.sato@examplecorp.test,Priya Cohen,2023-12-31 03:03:00,morgan.ford@demomail.test,Rahul Vance,2023-08-23 19:56:00,marco.ford@sampleco.test,Taylor Nguyen,2023-08-13 03:23:00,,,,N,Mei Whitfield,Elena Costa,100103,Omar Larsson,100715,Delta,100215,N,SKU-3017,,100506,N,100190,Other,,,Morgan Vance
100305,Position,109212,taylor.cohen@sampleco.test,Chen Kim,2026-02-05 14:00:00,elena.whitfield@demomail.test,Morgan Sato,2026-01-12 01:12:00,arjun.silva@sampleco.test,Emerson Blake,2026-07-04 09:20:00,,,,Y,Casey Ashby,Rowan Brooks,100620,Chen Larsson,100628,Delta,100136,N,,,,Y,,Other,,,Omar Haddad
100301,Position,109214,fatima.patel@demomail.test,Rowan Ashby,2026-07-13 06:43:00,omar.dorsey@acme-fake.test,Rowan Mensah,2025-12-05 07:44:00,chen.cohen@demomail.test,Sofia Reyes,2022-10-14 15:45:00,,,,Y,Chen Silva,Emerson Blake,100788,Sofia Cohen,100046,Alpha,100329,N,REF-4121,,,N,,Other,,,Emerson Okafor
100395,Position,109216,mei.mercer@demomail.test,Drew Mensah,2025-12-04 21:28:00,avery.calder@acme-fake.test,Drew Garcia,2025-08-29 13:23:00,quinn.calder@sampleco.test,Quinn Sato,2025-04-19 07:48:00,,,,Y,Taylor Mercer,Fatima Brooks,100351,Rowan Reyes,100492,,100415,Y,,,100031,N,100429,Alpha,,,Mei Calder
100558,Position,109217,avery.dorsey@acme-fake.test,Casey Sloan,2024-04-11 14:13:00,casey.whitfield@sampleco.test,Avery Costa,2024-08-27 02:28:00,fatima.costa@acme-fake.test,Emerson Okafor,2025-01-05 04:32:00,,,,Y,Morgan Ashby,Emerson Rossi,100417,Chen Calder,100290,,100424,N,SKU-1704,,,Y,100058,Standard,,,Yara Blake
100538,Position,109219,elena.okafor@sampleco.test,Chen Ford,2023-07-22 08:16:00,jordan.calder@examplecorp.test,Noah Costa,2023-10-02 01:38:00,sofia.silva@demomail.test,Emerson Vance,2024-01-01 13:52:00,,,,Y,Sofia Brooks,Mei Reyes,100560,Rowan Reyes,100771,Gamma,100656,Y,,,,,100569,Other,,,Jamie Whitfield
100173,Position,109222,morgan.nguyen@demomail.test,Jamie Ivanov,2026-03-24 01:25:00,marco.haddad@sampleco.test,Drew Ashby,2025-06-04 22:21:00,avery.calder@sampleco.test,Riley Larsson,2026-04-26 06:42:00,,,,Y,Avery Costa,Riley Nguyen,100208,Noah Ivanov,100475,Alpha,100298,Y,,,100104,Y,100554,Delta,,,Jordan Larsson
100799,Position,109224,morgan.garcia@demomail.test,Drew Rossi,2023-08-02 12:09:00,drew.patel@examplecorp.test,Aisha Patel,2025-10-24 03:49:00,rowan.mensah@acme-fake.test,Jamie Ford,2022-12-11 01:47:00,,,,N,Arjun Calder,Morgan Kim,100403,Liam Okafor,100763,Delta,100755,Y,,,100089,N,100344,Other,,,Casey Blake
100464,Position,109226,morgan.larsson@sampleco.test,Diego Ivanov,2026-05-09 07:04:00,rahul.kim@demomail.test,Quinn Nguyen,2023-07-19 04:27:00,arjun.cohen@examplecorp.test,Casey Ashby,2026-06-02 03:30:00,,,,N,Emerson Patel,Aisha Mensah,100360,Noah Sloan,100106,Gamma,100526,N,,,,N,100262,Other,,,Rahul Cohen
100413,Position,109228,morgan.costa@acme-fake.test,Liam Vance,2023-02-26 07:45:00,nina.okafor@acme-fake.test,Rahul Sloan,2023-04-06 14:11:00,skyler.blake@sampleco.test,Alex Dorsey,2023-04-02 14:32:00,,,,N,Aisha Brooks,Priya Okafor,100363,Skyler Garcia,100555,Beta,100494,N,,,100759,Y,,Standard,,,Jamie Reyes
